speakerid,speaker,native_language,alternative_native_language,city,state_or_province,country,age,gender,onset_age,english_residence,length_of_residence,learning_style,speech_sample,phonetic_transcription,map,ethnologue_language_code,notes
1,1,afrikaans,,virginia,,south africa,27,female,9,usa,0.5,academic,afrikaans1.mp3,afrikaans1.gif,virginia.gif,afr,
2,2,afrikaans,,pretoria,,south africa,40,male,5,usa,10,academic,afrikaans2.mp3,afrikaans2.gif,pretoria.gif,afr,"30 years in s. africa, 10 years in usa"
3,1,agni,anyin,diekabo,,ivory coast,25,male,15,usa,1.2,academic,agni1.mp3,agny1.gif,diekabo.gif,any,
4,1,albanian,,prishtina,,kosovo,19,male,6,usa,3,naturalistic,albanian1.mp3,albanian1.gif,prishtina.gif,als,
5,2,albanian,,tirana,,albania,33,male,15,usa,0.04,naturalistic,albanian2.mp3,albanian2.gif,tirana.gif,aln,
6,1,amharic,,addis ababa,,ethiopia,20,female,5,usa,2,academic,amharic1.mp3,amharic1.gif,addisababa.gif,amh,
7,2,amharic,,arba minch,,ethiopia,23,male,7,usa,2,academic,amharic2.mp3,amharic2.gif,arbaminch.gif,amh,
8,3,amharic,,addis ababa,,ethiopia,27,male,8,usa,4,academic,amharic3.mp3,amharic3.gif,addisababa.gif,amh,
9,4,amharic,,addis ababa,,ethiopia,20,male,7,usa,2,academic,amharic4.mp3,amharic4.gif,addisababa.gif,amh,
10,5,amharic,,addis ababa,,ethiopia,31,male,7,usa,3,academic,amharic5.mp3,amharic5.gif,addisababa.gif,amh,
11,1,arabic,najdi,riyadh,,saudi arabia,38,female,12,usa,4,academic,arabic1.mp3,arabic1.gif,riyadh.gif,ars,
12,10,arabic,,cairo,,egypt,26,male,5,usa,2,academic,arabic10.mp3,arabic10.gif,cairo.gif,arz,
13,11,arabic,,monastir,,tunisia,30,female,14,usa,4,academic,arabic11.mp3,arabic11.gif,monastir.gif,aeb,
14,12,arabic,,baghdad,,iraq,32,male,11,usa,8,academic,arabic12.mp3,arabic12.gif,baghdad.gif,acm,
15,13,arabic,,zabbougha,,lebanon,25,male,15,usa,1,academic,arabic13.mp3,arabic13.gif,zabbougha.gif,apc,
16,2,arabic,,damascus,,syria,18,male,2.5,usa,3,naturalistic,arabic2.mp3,arabic2.gif,damascus.gif,abv,
17,3,arabic,,doha,,qatar,24,male,9,usa,1,academic,arabic3.mp3,arabic3.gif,doha.gif,afb,
18,4,arabic,,sharjah,,united arab emirates,19,male,6,usa,0.6,academic,arabic4.mp3,arabic4.gif,sharjah.gif,afb,
19,5,arabic,,casablanca,,morocco,19,female,15,usa,0.6,academic,arabic5.mp3,arabic5.gif,casablanca.gif,ary,
20,6,arabic,,sanaa,,yemen,21,male,14.5,"uk,usa",2,academic,arabic6.mp3,arabic6.gif,sanaa.gif,ayn,"residence: 2 years uk, 3 months usa"
21,7,arabic,,casablanca,,morocco,18,female,15,usa,0.1,academic,arabic7.mp3,arabic7.gif,casablanca.gif,ary,
22,8,arabic,,casablanca,,morocco,21,male,17,usa,0.7,academic,arabic8.mp3,arabic8.gif,casablanca.gif,ary,
23,9,arabic,,jerusalem,,israel,28,female,4,usa,12,academic,arabic9.mp3,arabic9.gif,jerusalem.gif,ajp,
24,1,armenian,,yerevan,,armenia,19,female,9,usa,1,academic,armenian1.mp3,armenian1.gif,yerevan.gif,hye,
25,1,azerbaijani,azeri turk,naxcivan,,azerbaijan,24,male,14,usa,1,academic,azerbaijani1.mp3,azerbaijani1.gif,naxcivan.gif,azj,
26,1,bafang,fefe,douala,,cameroon,40,male,30,usa,10,academic,bafang1.mp3,bafang1.gif,douala.gif,fmp,
27,1,baga,baga sitemu,conakry,,guinea,31,male,29,usa,2,academic,baga1.mp3,baga1.gif,conakry.gif,bsp,
28,1,bai,,jianchuan,yunnan,china,43,female,40,,0,academic,bai1.mp3,bai1.gif,jianchuan.gif,bca,
29,1,bambara,bamanankan,bamako,,mali,15.5,female,12,usa,0.4,academic,bambara1.mp3,bambara1.gif,bamako.gif,bam,
30,2,bambara,bamanankan,bamako,,mali,26,female,18,usa,2,academic,bambara2.mp3,bambara2.gif,bamako.gif,bam,
31,1,bamun,,foumban,,cameroon,31,female,15,usa,2,academic,bamun1.mp3,bamun1.gif,foumban.gif,bax,
32,1,basque,,vizcaya,,spain,69,female,34,usa,35,naturalistic,basque1.mp3,basque1.gif,vizcaya.gif,bqe,
33,2,basque,,guernica,,spain,50,male,19,usa,30,naturalistic,basque2.mp3,basque2.gif,guernica.gif,bqe,
34,1,bengali,,dhaka,,bangladesh,23,male,16,usa,1,academic,bengali1.mp3,bengali1.gif,dhaka.gif,ben,
35,2,bengali,,lusaka,,zambia,25,female,2,usa,21,naturalistic,bengali2.mp3,bengali2.gif,lusaka.gif,ben,
36,3,bengali,,dhaka,,bangladesh,19,female,5,usa,6,academic,bengali3.mp3,bengali3.gif,dhaka.gif,ben,
37,4,bengali,,chittagong,,bangladesh,24,male,6,usa,5,academic,bengali4.mp3,bengali4.gif,chittagong.gif,ben,
38,1,bosnian,,doboj,,bosnia and herzegovina,39,male,37,usa,2,academic,bosnian1.mp3,bosnian1.gif,doboj.gif,bos,
39,2,bosnian,,sarajevo,,bosnia and herzegovina,21,male,10,usa,0.1,naturalistic,bosnian2.mp3,bosnian2.gif,sarajevo.gif,bos,
40,1,bulgarian,,plovdiv,,bulgaria,25,female,16,usa,7,academic,bulgarian1.mp3,bulgarian1.gif,plovdiv.gif,bul,
41,2,bulgarian,,sofia,,bulgaria,53,female,42,usa,11,academic,bulgarian2.mp3,bulgarian2.gif,sofia.gif,bul,
42,3,bulgarian,,sofia,,bulgaria,27,male,10,usa,10,academic,bulgarian3.mp3,bulgarian3.gif,sofia.gif,bul,
43,4,bulgarian,,plovdiv,,bulgaria,22,male,20,usa,2,naturalistic,bulgarian4.mp3,bulgarian4.gif,plovdiv.gif,bul,
44,5,bulgarian,,sofia,,bulgaria,23,male,14,usa,9,academic,bulgarian5.mp3,bulgarian5.gif,sofia.gif,bul,
45,1,cantonese,chinese,hong kong,,china,22,female,12,usa,1,academic,cantonese1.mp3,cantonese1.gif,hongkong.gif,yue,
46,2,cantonese,chinese,hong kong,,china,20,male,13,usa,0.3,academic,cantonese2.mp3,cantonese2.gif,hongkong.gif,yue,
47,3,cantonese,chinese,hong kong,,china,22,male,6,uk,0.1,academic,cantonese3.mp3,cantonese3.gif,hongkong.gif,yue,"this speaker changes th to t/d, as well as to flap."
48,4,cantonese,chinese,fuzhou,fujian,china,29,female,13,usa,4,academic,cantonese4.mp3,cantonese4.gif,fuzhou.gif,yue,
49,5,cantonese,chinese,hong kong,,china,18,male,14,new zealand,0.7,academic,cantonese5.mp3,cantonese5.gif,hongkong.gif,yue,
50,1,carolinian,,saipan,saipan,northern mariana islands,32,female,6,usa,10,academic,carolinian1.mp3,carolinian1.gif,saipan.gif,cal,
51,1,catalan,,tarragona,,spain,39,male,13,uk,0.2,academic,catalan1.mp3,catalan1.gif,tarragona.gif,cat,
52,1,chamorro,,saipan,saipan,northern mariana islands,18,male,1,usa,0.2,naturalistic,chamorro1.mp3,chamorro1.gif,saipan.gif,cha,
53,1,czech,,prague,,czech republic,27,female,10.5,usa,1.5,academic,czech1.mp3,czech1.gif,prague.gif,ces,
54,1,danish,,horsens,,denmark,45,female,11,usa,8,academic,danish1.mp3,danish1.gif,horsens.gif,dan,
55,2,danish,,haslev,,denmark,37,female,8,usa,4,academic,danish2.mp3,danish2.gif,haslev.gif,dan,
56,1,dari,,kabul,zoroastrian,afghanistan,25,female,13,usa,5,academic,dari1.mp3,dari1.gif,kabul.gif,gbz,
57,1,dutch,,nijmegen,,netherlands,38,male,13,uk,0.1,academic,dutch1.mp3,dutch1.gif,nijmegen.gif,nld,
58,2,dutch,,amsterdam,,netherlands,41,male,14,uk,0.1,academic,dutch2.mp3,dutch2.gif,amsterdam.gif,nld,
59,1,ebira,,okene,,nigeria,35,male,3,usa,7,naturalistic,ebira1.mp3,ebira1.gif,okene.gif,igb,
60,1,edo,,benin city,,nigeria,25,male,6,usa,4,academic,edo1.mp3,edo1.gif,benincity.gif,bin,
61,1,english,,pittsburgh,pennsylvania,usa,42,male,0,usa,41,naturalistic,english1.mp3,english1.gif,pittsburgh.gif,eng,
62,10,english,,davenport,iowa,usa,35,female,0,usa,35,naturalistic,english10.mp3,english10.gif,davenport.gif,eng,
63,100,english,,miami,florida,usa,23,female,0,usa,23,naturalistic,english100.mp3,english100.gif,miami.gif,eng,parents are cuban spanish speakers
64,101,english,,toronto,ontario,canada,18,female,0,canada,18,naturalistic,english101.mp3,english101.gif,toronto.gif,eng,
65,102,english,,torrington,connecticut,usa,22,male,0,usa,22,naturalistic,english102.mp3,english102.gif,torrington.gif,eng,
66,103,english,,staten island,new york,usa,21,male,0,usa,21,naturalistic,english103.mp3,english103.gif,statenisland.gif,eng,"richmond, staten island"
67,104,english,,youngstown,ohio,usa,18,female,0,usa,18,naturalistic,english104.mp3,english104.gif,youngstown.gif,eng,
68,11,english,,staffordshire,,uk,35,female,0,uk,35,naturalistic,english11.mp3,english11.gif,staffordshire.gif,eng,
69,12,english,,leicester,,uk,71,female,0,uk,71,naturalistic,english12.mp3,english12.gif,leicester.gif,eng,
70,13,english,,henley on thames,oxfordshire,uk,69,male,0,uk,69,naturalistic,english13.mp3,english13.gif,henleyonthames.gif,eng,
71,14,english,,belfast,northern ireland,uk,40,male,0,"uk,usa",40,naturalistic,english14.mp3,english14.gif,belfast.gif,eng,"25 years in ireland, 13 years in the uk, 2 years in usa"
72,15,english,,norton,virginia,usa,7,female,0,usa,7,naturalistic,english15.mp3,english15.gif,norton.gif,eng,
73,16,english,,wise,virginia,usa,21,male,0,usa,21,naturalistic,english16.mp3,english16.gif,wise.gif,eng,
74,17,english,,darwin va,virginia,usa,79,male,0,usa,79,naturalistic,english17.mp3,english17.gif,darwinva.gif,eng,
75,18,english,,dickenson county,virginia,usa,39,female,0,usa,39,naturalistic,english18.mp3,english18.gif,dickensoncounty.gif,eng,
76,19,english,,louisville,kentucky,usa,53,male,0,usa,53,naturalistic,english19.mp3,english19.gif,louisville.gif,eng,
77,2,english,,birmingham,,uk,30,female,0,uk,30,naturalistic,english2.mp3,english2.gif,birmingham1.gif,eng,
78,20,english,,mt. holly,north carolina,usa,27,female,0,usa,27,naturalistic,english20.mp3,english20.gif,mtholly.gif,eng,
79,21,english,,boston,massachusetts,usa,37,female,0,usa,37,naturalistic,english21.mp3,english21.gif,boston.gif,eng,
80,22,english,,panama city,,panama,25,female,0,usa,5,naturalistic,english22.mp3,english22.gif,panamacity.gif,eng,
81,23,english,,englewood,tennessee,usa,43,male,0,usa,43,naturalistic,english23.mp3,english23.gif,englewood.gif,eng,
82,24,english,,glasgow,scotland,uk,37,male,0,"uk,usa",37,naturalistic,english24.mp3,english24.gif,glasgow.gif,eng,"35 years in scotland, 2 years in usa"
83,25,english,,atlanta,georgia,usa,57,male,0,usa,57,naturalistic,english25.mp3,english25.gif,atlanta.gif,eng,
84,26,english,,smith island,maryland,usa,71,male,0,usa,71,naturalistic,english26.mp3,english26.gif,smithisland.gif,eng,
85,27,english,,smith island,maryland,usa,37,female,0,usa,37,naturalistic,english27.mp3,english27.gif,smithisland.gif,eng,
86,28,english,,toronto,ontario,canada,54,male,0,canada,54,naturalistic,english28.mp3,english28.gif,toronto.gif,eng,
87,29,english,,lindsay,ontario,canada,54,female,0,canada,54,naturalistic,english29.mp3,english29.gif,lindsay.gif,eng,
88,3,english,,brisbane,,australia,26,female,0,australia,26,naturalistic,english3.mp3,english3.gif,brisbane.gif,eng,
89,30,english,,st. mary's,ontario,canada,30,female,0,canada,30,naturalistic,english30.mp3,english30.gif,stmarys.gif,eng,
90,31,english,,st. augustine,,trinidad,31,female,0,"trinidad,usa",31,naturalistic,english31.mp3,english31.gif,staugustine.gif,eng,"31 years in trinidad, 3 months in usa"
91,32,english,,fresno,california,usa,50,female,0,usa,50,naturalistic,english32.mp3,english32.gif,fresno.gif,eng,
92,33,english,,san diego,california,usa,21,male,0,usa,21,naturalistic,english33.mp3,english33.gif,sandiego.gif,eng,
93,34,english,,ronkonkoma,new york,usa,18,female,0,usa,18,naturalistic,english34.mp3,english34.gif,ronkonkoma.gif,eng,
94,35,english,,milwaukee,wisconsin,usa,60,female,0,usa,60,naturalistic,english35.mp3,english35.gif,milwaukee.gif,eng,
95,36,english,,arcadia,wisconsin,usa,60,male,0,usa,60,naturalistic,english36.mp3,english36.gif,arcadia.gif,eng,
96,37,english,,yole,,india,28,female,0,usa,7,naturalistic,english37.mp3,english37.gif,yole.gif,eng,
97,38,english,,littlehampton,,uk,27,male,0,uk,27,naturalistic,english38.mp3,english38.gif,littlehampton.gif,eng,
98,39,english,,new orleans,louisiana,usa,59,female,0,usa,59,naturalistic,english39.mp3,english39.gif,neworleans.gif,eng,
99,4,english,,saint anne's bay,,jamaica,53,female,0,"jamaica,usa",53,naturalistic,english4.mp3,english4.gif,saintannesbay.gif,eng,"22 years in jamaica, 31 years in usa"
100,40,english,,dudley,,uk,53,male,0,uk,53,naturalistic,english40.mp3,english40.gif,dudley.gif,eng,
101,41,english,,wellington,,new zealand,44,male,0,new zealand,21,naturalistic,english41.mp3,english41.gif,wellington.gif,eng,"21 years in new zealand, 23 years in israel"
102,42,english,,nigel,,south africa,65,male,0,south africa,60,naturalistic,english42.mp3,english42.gif,nigel.gif,eng,
103,43,english,,vancouver,british columbia,canada,47,male,0,canada,47,naturalistic,english43.mp3,english43.gif,vancouver.gif,eng,
104,44,english,,winston salem,north carolina,usa,63,female,0,usa,63,naturalistic,english44.mp3,english44.gif,winstonsalem.gif,eng,
105,45,english,,pine bluff,arkansas,usa,52,male,0,usa,52,naturalistic,english45.mp3,english45.gif,pinebluff.gif,eng,
106,46,english,,creswell,north carolina,usa,73,male,0,usa,73,naturalistic,english46.mp3,english46.gif,creswell.gif,eng,
107,47,english,,plantersville,arkansas,usa,76,female,0,usa,76,naturalistic,english47.mp3,english47.gif,plantersville.gif,eng,
108,48,english,,port moresby,national capital district,papua new guinea,26,male,0,"papua new guinea,uk,usa",26,naturalistic,english48.mp3,english48.gif,portmoresby.gif,eng,"24 years in papua new guinea, 1 year in scotland, 1 year in USA"
109,49,english,,castro valley,california,usa,43,male,0,usa,43,naturalistic,english49.mp3,english49.gif,castrovalley.gif,eng,
110,5,english,,fairfax,virginia,usa,62,male,0,usa,62,naturalistic,english5.mp3,english5.gif,fairfax.gif,eng,
111,50,english,,baltic,south dakota,usa,29,female,0,usa,29,naturalistic,english50.mp3,english50.gif,baltic.gif,eng,
112,51,english,,detroit,michigan,usa,67,male,0,usa,67,naturalistic,english51.mp3,english51.gif,detroit.gif,eng,
113,52,english,,calgary,alberta,canada,20,male,0,"canada, usa",20,naturalistic,english52.mp3,english52.gif,calgary.gif,eng,"19 years canada, 1 year usa"
114,53,english,,syracuse,new york,usa,63,male,0,usa,63,naturalistic,english53.mp3,english53.gif,syracuse.gif,eng,
115,54,english,,new albany,indiana,usa,40,female,0,usa,40,naturalistic,english54.mp3,english54.gif,newalbany.gif,eng,
116,55,english,,st. louis,missouri,usa,53,female,0,usa,53,naturalistic,english55.mp3,english55.gif,stlouis.gif,eng,
117,56,english,,londonderry,northern ireland,uk,20,male,0,northern ireland,20,naturalistic,english56.mp3,english56.gif,londonderry.gif,eng,
118,57,english,,birmingham 1,,uk,34,male,0,"uk,canada",34,naturalistic,english57.mp3,english57.gif,birmingham1.gif,eng,"32 years uk, 2 years canada"
119,58,english,,southhampton,,uk,46,female,0,"uk,usa",16,naturalistic,english58.mp3,english58.gif,southhampton.gif,eng,
120,59,english,,columbus,ohio,usa,30,male,0,usa,30,naturalistic,english59.mp3,english59.gif,columbus.gif,eng,
121,6,english,,brooklyn,new york,usa,45,female,0,usa,45,naturalistic,english6.mp3,english6.gif,brooklyn.gif,eng,
122,60,english,,chesapeake,virginia,usa,18,male,0,usa,18,naturalistic,english60.mp3,english60.gif,chesapeake.gif,eng,
123,61,english,,toronto,ontario,canada,19,male,0,canada,19,naturalistic,english61.mp3,english61.gif,toronto.gif,eng,
124,62,english,,west jordan,utah,usa,30,male,0,usa,30,naturalistic,english62.mp3,english62.gif,westjordan.gif,eng,
125,63,english,,lewisville,texas,usa,21,male,0,usa,21,naturalistic,english63.mp3,english63.gif,lewisville.gif,eng,
126,64,english,,montreal,quebec,canada,25,female,0,canada,25,naturalistic,english64.mp3,english64.gif,montreal.gif,eng,
127,65,english,,lewistown,pennsylvania,usa,47,male,0,usa,47,naturalistic,english65.mp3,english65.gif,lewistown.gif,eng,
128,66,english,,baltimore,maryland,usa,19,male,0,usa,19,naturalistic,english66.mp3,english66.gif,baltimore.gif,eng,
129,67,english,,princeton,indiana,usa,37,male,0,usa,37,naturalistic,english67.mp3,english67.gif,princeton.gif,eng,
130,68,english,,new york,new york,usa,52,male,0,usa,52,naturalistic,english68.mp3,english68.gif,newyork.gif,eng,
131,69,english,,adelaide,,australia,23,male,0,australia,23,naturalistic,english69.mp3,english69.gif,adelaide.gif,eng,
132,7,english,,macon,mississippi,usa,52,male,0,usa,52,naturalistic,english7.mp3,english7.gif,macon.gif,eng,
133,70,english,,beaumont,texas,usa,21,male,0,usa,21,naturalistic,english70.mp3,english70.gif,beaumont.gif,eng,
134,71,english,,west covina,california,usa,20,male,0,usa,20,naturalistic,english71.mp3,english71.gif,westcovina.gif,eng,
135,72,english,,kilkenny,,ireland,31,male,0,ireland,31,naturalistic,english72.mp3,english72.gif,kilkenny.gif,eng,
136,73,english,,darwin,,australia,24,male,0,australia,24,naturalistic,english73.mp3,english73.gif,darwin.gif,eng,
137,74,english,,wichita,kansas,usa,21,male,0,usa,21,naturalistic,english74.mp3,english74.gif,wichita.gif,eng,
138,75,english,,idaho falls,idaho,usa,32,male,0,usa,32,naturalistic,english75.mp3,english75.gif,idahofalls.gif,eng,
139,76,english,,boston,massachusetts,usa,18,female,0,usa,18,naturalistic,english76.mp3,english76.gif,boston.gif,eng,
140,77,english,,melbourne,,australia,26,male,0,australia,26,naturalistic,english77.mp3,english77.gif,melbourne.gif,eng,
141,78,english,,caribou,maine,usa,20,female,0,usa,20,naturalistic,english78.mp3,english78.gif,caribou.gif,eng,
142,79,english,,boston,massachusetts,usa,73,male,0,usa,73,naturalistic,english79.mp3,english79.gif,boston.gif,eng,
143,8,english,,perth,,australia,21,female,0,"australia,usa",4,naturalistic,english8.mp3,english8.gif,perth.gif,eng,"17 years in australia, 4 years in usa"
144,80,english,,glasgow,scotland,uk,34,male,0,"uk, canada",34,naturalistic,english80.mp3,english80.gif,glasgow.gif,eng,"32 years scotland, 2 years canada"
145,81,english,,st. paul,minnesota,usa,30,male,0,usa,30,naturalistic,english81.mp3,english81.gif,stpaul.gif,eng,
146,82,english,,chicago,illinois,usa,50,female,0,usa,50,naturalistic,english82.mp3,english82.gif,chicago.gif,eng,
147,83,english,,winnfield,louisiana,usa,42,female,0,usa,42,naturalistic,english83.mp3,english83.gif,winnfield.gif,eng,
148,84,english,,sydney,,australia,45,male,0,australia,45,naturalistic,english84.mp3,english84.gif,sydney.gif,eng,
149,85,english,,strabane,northern ireland,uk,31,male,0,uk,31,naturalistic,english85.mp3,english85.gif,strabane.gif,eng,
150,86,english,,charleston,south carolina,usa,50,male,0,usa,50,naturalistic,english86.mp3,english86.gif,charleston.gif,eng,
151,87,english,,tamworth,,australia,18,female,0,australia,18,naturalistic,english87.mp3,english87.gif,tamworth.gif,eng,
152,88,english,,grand rapids,michigan,usa,18,male,0,usa,18,naturalistic,english88.mp3,english88.gif,grandrapids.gif,eng,
153,89,english,,kingston ma,massachusetts,usa,18,male,0,usa,18,naturalistic,english89.mp3,english89.gif,kingstonma.gif,eng,
154,9,english,,carthage,texas,usa,48,female,0,usa,48,naturalistic,english9.mp3,english9.gif,carthage.gif,eng,
155,90,english,,pittsburgh,pennsylvania,usa,53,male,0,usa,53,naturalistic,english90.mp3,english90.gif,pittsburgh.gif,eng,
156,91,english,,kingston,,jamaica,23,male,0,jamaica,23,naturalistic,english91.mp3,english91.gif,kingston.gif,eng,
157,92,english,,wisconsin rapids,wisconsin,usa,22,female,0,usa,22,naturalistic,english92.mp3,english92.gif,wisconsinrapids.gif,eng,
158,93,english,,mamou,louisiana,usa,22,female,0,usa,22,naturalistic,english93.mp3,english93.gif,mamou.gif,eng,
159,94,english,,pensacola,florida,usa,55,female,0,usa,55,naturalistic,english94.mp3,english94.gif,pensacola.gif,eng,
160,95,english,,mishawaka,indiana,usa,18,male,0,usa,18,naturalistic,english95.mp3,english95.gif,mishawaka.gif,eng,
161,96,english,,point pleasant,new jersey,usa,31,male,0,usa,31,naturalistic,english96.mp3,english96.gif,pointpleasant.gif,eng,
162,97,english,,wilmington nc,north carolina,usa,42,male,0,usa,42,naturalistic,english97.mp3,english97.gif,wilmingtonnc.gif,eng,
163,98,english,,spokane,washington,usa,22,male,0,usa,22,naturalistic,english98.mp3,english98.gif,spokane.gif,eng,
164,99,english,,pittsburgh,pennsylvania,usa,52,female,0,usa,52,naturalistic,english99.mp3,english99.gif,pittsburgh.gif,eng,
165,1,ewe,,accra,,ghana,25,male,9,usa,12,academic,ewe1.mp3,ewe1.gif,accra.gif,ewe,
166,1,fang,,malabo,,equatorial guinea,20,female,11,usa,1,academic,fang1.mp3,fang1.gif,malabo.gif,fak,
167,1,fanti,akan,ajumako,,ghana,32,male,6,usa,7,academic,fanti1.mp3,fanti1.gif,ajumako.gif,aka,
168,1,farsi,persian,tehran,,iran,22,male,13,usa,0.6,academic,farsi1.mp3,farsi1.gif,tehran.gif,pes,
169,2,farsi,persian,esfahan,,iran,34,female,18,usa,1.5,academic,farsi2.mp3,farsi2.gif,esfahan.gif,pes,
170,3,farsi,persian,esfahan,,iran,28,female,14,usa,3,academic,farsi3.mp3,farsi3.gif,esfahan.gif,pes,
171,4,farsi,persian,mazandran,,iran,21,female,15,usa,1.5,academic,farsi4.mp3,farsi4.gif,mazandran.gif,pes,
172,5,farsi,persian,tehran,,iran,43,male,14,usa,22,academic,farsi5.mp3,farsi5.gif,tehran.gif,pes,
173,6,farsi,persian,tehran,,iran,27,male,9,usa,6,naturalistic,farsi6.mp3,farsi6.gif,tehran.gif,pes,in usa from ages 9-13; and 24-27)
174,7,farsi,persian,tehran,,iran,29,male,11,usa,2,academic,farsi7.mp3,farsi7.gif,tehran.gif,pes,
175,8,farsi,persian,tehran,,iran,29,female,11,usa,1.75,academic,farsi8.mp3,farsi8.gif,tehran.gif,pes,
176,9,farsi,persian,tehran,,iran,39,male,12,,0,academic,farsi9.mp3,farsi9.gif,tehran.gif,pes,
177,1,finnish,,lahti,,finland,22,female,9,usa,0.5,academic,finnish1.mp3,finnish1.gif,lahti.gif,fin,
178,2,finnish,,helsinki,,finland,20,male,7,,0,academic,finnish2.mp3,finnish2.gif,helsinki.gif,fin,
179,1,french,,st. laurent d'onay,,france,20,female,12,usa,0.4,academic,french1.mp3,french1.gif,stlaurentdonay.gif,fra,
180,2,french,,tunis,,tunisia,19,male,14,usa,0.5,academic,french2.mp3,french2.gif,tunis.gif,fra,
181,3,french,,nice,,france,22,female,11,usa,0.2,academic,french3.mp3,french3.gif,nice.gif,fra,
182,4,french,,abidjan,,ivory coast,31,female,14,usa,9,academic,french4.mp3,french4.gif,abidjan.gif,fra,
183,5,french,,douala,,cameroon,36,female,11,usa,4,academic,french5.mp3,french5.gif,douala.gif,fra,
184,6,french,,booue,,gabon,26,female,13,usa,1,academic,french6.mp3,french6.gif,booue.gif,fra,
185,7,french,,rimouski,quebec,canada,18,male,5,canada,18,academic,french7.mp3,french7.gif,rimouski.gif,fra,
186,8,french,,ghent,,belgium,66,male,16,,0,academic,french8.mp3,french8.gif,ghent.gif,fra,
187,1,frisian,,akkrum,friesland,netherlands,62,male,13,"usa,canada",27,academic,frisian1.mp3,frisian1.gif,akkrum.gif,fri,"13 years canada, 14 years usa"
188,1,georgian,,tbilisi,,republic of georgia,30,female,28,usa,2,academic,georgian1.mp3,georgian1.gif,tbilisi.gif,kat,
189,1,german,,dusseldorf,,germany,48,female,12,usa,25,academic,german1.mp3,german1.gif,dusseldorf.gif,deu,
190,2,german,,bemberg,,germany,29,female,12,usa,0.5,academic,german2.mp3,german2.gif,bemberg.gif,deu,
191,3,german,,meissen,,germany,19,female,12,usa,0.5,academic,german3.mp3,german3.gif,meissen.gif,deu,
192,4,german,,stuttgart,,germany,19,female,11,usa,0.5,academic,german4.mp3,german4.gif,stuttgart.gif,deu,
193,5,german,,halle,,germany,47,male,12,usa,0.2,academic,german5.mp3,german5.gif,halle.gif,deu,
194,6,german,,vienna,,austria,28,male,8,,0,academic,german6.mp3,german6.gif,vienna.gif,deu,
195,1,greek,,athens,,greece,19,male,9,usa,0.25,academic,greek1.mp3,greek1.gif,athens.gif,ell,
196,2,greek,,athens,,greece,26,female,9,usa,1.5,academic,greek2.mp3,greek2.gif,athens.gif,ell,
197,3,greek,,karprenici,,greece,37,female,15,usa,22,academic,greek3.mp3,greek3.gif,karprenici.gif,ell,
198,1,gujarati,,ahmedabad,,india,20,male,15,usa,0.5,academic,gujarati1.mp3,gujarati1.gif,ahmedabad.gif,guj,
199,2,gujarati,,bombay,,india,22,male,8,usa,0.3,academic,gujarati2.mp3,gujarati2.gif,bombay.gif,guj,
200,3,gujarati,,limerick,,ireland,28,female,2,"india,usa,ireland",3,naturalistic,gujarati3.mp3,gujarati3.gif,limerick.gif,guj,"1.5 years in ireland, 23.5 years in india, 3 years in usa"
201,1,gusii,kisii,nairobi,,kenya,44,male,12,usa,15,academic,gusii1.mp3,gusii1.gif,nairobi.gif,guz,
202,1,hebrew,,yehud,,israel,23,male,10,,0,academic,hebrew1.mp3,hebrew1.gif,yehud.gif,heb,
203,2,hebrew,,jerusalem,,israel,24,male,10,,0,academic,hebrew2.mp3,hebrew2.gif,jerusalem.gif,heb,
204,3,hebrew,,haifa,,israel,33,male,8,usa,1.5,academic,hebrew3.mp3,hebrew3.gif,haifa.gif,heb,
205,4,hebrew,,haifa,,israel,20,female,9,canada,0.5,academic,hebrew4.mp3,hebrew4.gif,haifa.gif,heb,
206,5,hebrew,,netanya,,israel,23,male,10,usa,3,academic,hebrew5.mp3,hebrew5.gif,netanya.gif,heb,
207,1,hindi,hindi-urdu,nagpur,maharashtra,india,27,male,2,"uk,usa",3.5,academic,hindi1.mp3,hindi1.gif,nagpur.gif,hin,"LOR is 3 years in the UK, 5 months in the USA"
208,1,xiang,chinese,taipei,,taiwan,50,female,14,usa,30,academic,xiang1.mp3,xiang1.gif,taipei.gif,hsn,
209,1,hungarian,,cegled,,hungary,22.5,female,20,"uk,usa",1.5,academic,hungarian1.mp3,hungarian1.gif,cegled.gif,hun,"1.5 years in uk, 1 month in usa"
210,2,hungarian,,clug,,romania,22,female,8,usa,1,academic,hungarian2.mp3,hungarian2.gif,clug.gif,hun,
211,3,hungarian,,brasov,,romania,34,male,8,usa,5,academic,hungarian3.mp3,hungarian3.gif,brasov.gif,hun,
212,1,igbo,,imo state,imo state,nigeria,23,female,12,usa,0.4,academic,igbo1.mp3,igbo1.gif,imostate.gif,ibo,
213,1,indonesian,bahasa indonesia,jakarta,,indonesia,31,male,13,usa,11,academic,indonesian1.mp3,indonesian1.gif,jakarta.gif,ind,
214,2,indonesian,bahasa indonesia,jakarta,,indonesia,18,male,13,canada,2.5,academic,indonesian2.mp3,indonesian2.gif,jakarta.gif,ind,
215,3,indonesian,bahasa indonesia,jakarta,,indonesia,32,female,13,usa,0.6,academic,indonesian3.mp3,indonesian3.gif,jakarta.gif,ind,
216,4,indonesian,bahasa indonesia,jakarta,,indonesia,30,female,10,usa,6.5,academic,indonesian4.mp3,indonesian4.gif,jakarta.gif,ind,
217,1,italian,,carbonia,,italy,29,female,22,usa,3.5,academic,italian1.mp3,italian1.gif,carbonia.gif,ita,
218,2,italian,,caltanissetta,sicily,italy,46,male,18,usa,0.3,academic,italian2.mp3,italian2.gif,caltanissetta.gif,ita,
219,3,italian,,florence,,italy,55,male,21,usa,34,academic,italian3.mp3,italian3.gif,florence.gif,ita,
220,4,italian,,cremona,,italy,47,female,11,usa,0.2,academic,italian4.mp3,italian4.gif,cremona.gif,ita,
221,1,japanese,,tokyo,,japan,25,female,12,usa,2,academic,japanese1.mp3,japanese1.gif,tokyo.gif,jpn,
222,2,japanese,,tokyo,,japan,27,female,12,usa,1.3,academic,japanese2.mp3,japanese2.gif,tokyo.gif,jpn,
223,3,japanese,,kofu,yamanashi prefecture,japan,49,female,12,usa,3,academic,japanese3.mp3,japanese3.gif,kofu.gif,jpn,
224,4,japanese,,tokyo,,japan,20,male,15,usa,0.75,academic,japanese4.mp3,japanese4.gif,tokyo.gif,jpn,
225,5,japanese,,chiba,,japan,25,female,12,usa,0.4,academic,japanese5.mp3,japanese5.gif,chiba.gif,jpn,
226,6,japanese,,kawasaki,,japan,30,female,10,"usa,canada",12,academic,japanese6.mp3,japanese6.gif,kawasaki.gif,jpn,
227,7,japanese,,osaka,,japan,18,male,12,,0,academic,japanese7.mp3,japanese7.gif,osaka.gif,jpn,
228,1,kannada,,bangalore,,india,26,female,5,usa,4,academic,kannada1.mp3,kannada1.gif,bangalore.gif,kan,
229,1,kazakh,,semey,,kazakhstan,18,male,9,,0,academic,kazakh1.mp3,kazakh1.gif,semey.gif,kaz,
230,1,khmer,,phnom penh,,cambodia,21,female,16,usa,3,academic,khmer1.mp3,khmer1.gif,phnompenh.gif,khm,
231,2,khmer,,phnom penh,,cambodia,19,male,16,usa,4,academic,khmer2.mp3,khmer2.gif,phnompenh.gif,khm,
232,3,khmer,,baling,kampongthum,cambodia,46,male,25,usa,5.5,academic,khmer3.mp3,khmer3.gif,baling.gif,khm,
233,1,kyrgyz,kirghiz,bishkek,,kyrgyzstan,32,female,28,usa,2,academic,kyrgyz1.mp3,kyrgyz1.gif,bishkek.gif,kir,
234,1,kiswahili,swahili,dar-es-salaam,,tanzania,22,male,6,usa,0.3,academic,kiswahili1.mp3,kiswahili1.gif,daressalaam.gif,swh,
235,2,kiswahili,swahili,kigoma,,tanzania,28,male,16,usa,0.3,academic,kiswahili2.mp3,kiswahili2.gif,kigoma.gif,swh,
236,3,kiswahili,swahili,nairobi,,kenya,29,male,6,usa,10,academic,kiswahili3.mp3,kiswahili3.gif,nairobi.gif,swh,
237,4,kiswahili,swahili,goma,north kivu,democratic republic of congo,36,male,34,usa,1,academic,kiswahili4.mp3,kiswahili4.gif,goma.gif,swh,
238,1,korean,,ui jong bu,,south korea,29,male,13,usa,1.1,academic,korean1.mp3,korean1.gif,uijongbu.gif,kor,
239,2,korean,,taegu,,south korea,23,female,14,usa,0.1,academic,korean2.mp3,korean2.gif,taegu.gif,kor,
240,3,korean,,seoul,,south korea,19,female,17,usa,0.6,academic,korean3.mp3,korean3.gif,seoul.gif,kor,"grew up in argentina, sinc the age of 4; 7 months in the usa"
241,4,korean,,seoul,,south korea,29,female,15,usa,2,academic,korean4.mp3,korean4.gif,seoul.gif,kor,
242,5,korean,,seoul,,south korea,50,female,12,usa,23,academic,korean5.mp3,korean5.gif,seoul.gif,kor,
243,6,korean,,sunchun,,south korea,21,female,12,,0,academic,korean6.mp3,korean6.gif,sunchun.gif,kor,
244,7,korean,,seoul,,south korea,32,male,10,usa,23,academic,korean7.mp3,korean7.gif,seoul.gif,kor,
245,1,krio,,freetown,,sierra leone,46,female,5,usa,16,academic,krio1.mp3,krio1.gif,freetown.gif,kri,
246,1,kurdish,kurdi,arbil,,iraq,24,male,15,usa,1.5,academic,kurdish1.mp3,kurdish1.gif,arbil.gif,ckb,
247,1,lamaholot,,leworook,nusa tenggara,indonesia,30,male,13,usa,0.25,academic,lamaholot1.mp3,lamaholot1.gif,leworook.gif,slp,
248,1,lao,,savannakhet,,laos,19,female,12,usa,1,academic,lao1.mp3,lao1.gif,savannakhet.gif,lao,
249,2,lao,,vientiane,,laos,25,female,21,usa,3,academic,lao2.mp3,lao2.gif,vientiane.gif,lao,
250,1,latvian,,riga,,latvia,24,female,13,usa,0.2,academic,latvian1.mp3,latvian1.gif,riga.gif,lav,
251,1,lithuanian,,klaipeda,,lithuania,27,female,24,usa,3,naturalistic,lithuanian1.mp3,lithuanian1.gif,klaipeda.gif,lit,
252,1,luo,dholuo,siaya,,kenya,42,male,12,"uk, usa",2,academic,luo1.mp3,luo1.gif,siaya.gif,luo,"1 year in UK, 1 year in USA"
253,1,macedonian,,ohrid,,macedonia,19,male,11,usa,2.25,academic,macedonian1.mp3,macedonian1.gif,ohrid.gif,mkd,
254,1,malay,,kuala lumpur,,malaysia,28,female,3,usa,10.5,academic,malay1.mp3,malay1.gif,kualalumpur.gif,zlm,
255,1,malayalam,,kerala state,kerala state,india,24,male,5,usa,0.7,academic,malayalam1.mp3,malayalam1.gif,keralastate.gif,mal,
256,1,mandarin,chinese,shanxi province,shanxi,china,26,female,13,usa,2,academic,mandarin1.mp3,mandarin1.gif,shanxiprovince.gif,cmn,
257,2,mandarin,chinese,nanjing,,china,38,female,14,usa,0.8,academic,mandarin2.mp3,mandarin2.gif,nanjing.gif,cmn,
258,3,mandarin,chinese,jilin city,jilin,china,43,male,10,usa,14,academic,mandarin3.mp3,mandarin3.gif,jilin.gif,cmn,
259,4,mandarin,chinese,shanghai,,china,24,female,6,usa,1,academic,mandarin4.mp3,mandarin4.gif,shanghai.gif,cmn,
260,5,mandarin,chinese,beijing,,china,31,female,12,usa,2,academic,mandarin5.mp3,mandarin5.gif,beijing.gif,cmn,
261,6,mandarin,chinese,le shan,sichuan,china,28,female,12,usa,5,academic,mandarin6.mp3,mandarin6.gif,leshan.gif,cmn,
262,7,mandarin,chinese,berkeley,california,usa,22,male,5,usa,22,naturalistic,mandarin7.mp3,mandarin7.gif,berkeley.gif,cmn,
263,1,mandingo,maninkakan,freetown,,sierra leone,36,male,9,usa,3.5,academic,mandingo1.mp3,mandingo1.gif,freetown.gif,emk,
264,1,marathi,,bombay,,india,21,female,3,usa,4,academic,marathi1.mp3,marathi1.gif,bombay.gif,mar,
265,2,marathi,,madras,,india,28,male,10,usa,0.5,academic,marathi2.mp3,marathi2.gif,madras.gif,mar,"speaker reports place of birth in erli, madras"
266,1,mauritian,morisyen,port louis,,mauritius,21,male,5,usa,0.2,academic,mauritian1.mp3,mauritian1.gif,portlouis.gif,mfe,
267,1,mongolian,khalkha mongol,ulaanbaatar,,mongolia,18,female,15,usa,3,naturalistic,mongolian1.mp3,mongolian1.gif,ulaanbaatar.gif,khk,
268,2,mongolian,khalkha mongol,ulaanbaatar,,mongolia,22,male,17,usa,0.25,academic,mongolian2.mp3,mongolian2.gif,ulaanbaatar.gif,khk,
269,1,moore,,tenkodogo,,burkina faso,29,female,12,usa,8,academic,moore1.mp3,moore1.gif,tenkodogo.gif,mos,
270,1,mortlockese,,weno,chuuk,federated states of micronesia,21,male,6,usa,3,academic,mortlockese1.mp3,mortlockese1.gif,weno.gif,mrl,
271,1,nepali,,kathmandu,,nepal,22,female,5,usa,4,academic,nepali1.mp3,nepali1.gif,kathmandu.gif,npi,
272,1,norwegian,,drammen,,norway,33,female,10,usa,0.3,academic,norwegian1.mp3,norwegian1.gif,drammen.gif,nor,
273,2,norwegian,,oslo,,norway,55,female,12,usa,32,academic,norwegian2.mp3,norwegian2.gif,oslo.gif,nor,
274,3,norwegian,,volda,,norway,19,male,5,usa,0.8,naturalistic,norwegian3.mp3,norwegian3.gif,volda.gif,nor,
275,1,oromo,,wellga,,ethiopia,33,female,11,usa,11,academic,oromo1.mp3,oromo1.gif,wellga.gif,gaz,
276,1,pohnpeian,,kolonia,pohnpei,federated states of micronesia,18,male,3,usa,0.25,naturalistic,pohnpeian1.mp3,pohnpeian1.gif,kolonia.gif,pon,
277,1,polish,,janow,,poland,26,female,23,usa,0.25,academic,polish1.mp3,polish1.gif,janow.gif,pol,
278,2,polish,,mielec,,poland,26,female,25,usa,1,academic,polish2.mp3,polish2.gif,mielec.gif,pol,
279,3,polish,,nowy sacz,,poland,31,female,12,usa,10,academic,polish3.mp3,polish3.gif,nowysacz.gif,pol,
280,4,polish,,krakow,,poland,47,female,15,usa,14,academic,polish4.mp3,polish4.gif,krakow.gif,pol,
281,1,portuguese,,bahia,,brazil,37,female,16,usa,1,academic,portuguese1.mp3,portuguese1.gif,bahia.gif,por,
282,10,portuguese,,novo hamburgo,rio grande do sul,brazil,21,male,13,usa,0.5,academic,portuguese10.mp3,portuguese10.gif,novohamburgo.gif,por,
283,2,portuguese,,brasilia,,brazil,18,female,10,usa,0.2,academic,portuguese2.mp3,portuguese2.gif,brasilia.gif,por,
284,3,portuguese,,blumenau,,brazil,18,female,15,usa,1.2,academic,portuguese3.mp3,portuguese3.gif,blumenau.gif,por,
285,4,portuguese,,cabinda,,angola,20,male,15,usa,1,academic,portuguese4.mp3,portuguese4.gif,cabinda.gif,por,
286,5,portuguese,,lubango,,angola,31,male,13,usa,1,academic,portuguese5.mp3,portuguese5.gif,lubango.gif,por,
287,6,portuguese,,sao paulo,,brazil,44,male,15,usa,0.1,academic,portuguese6.mp3,portuguese6.gif,saopaulo.gif,por,
288,7,portuguese,,vitoria,,brazil,40,male,11,,0,naturalistic,portuguese7.mp3,portuguese7.gif,vitoria.gif,por,
289,8,portuguese,,fortaleza,,brazil,26,male,7,uk,8.5,academic,portuguese8.mp3,portuguese8.gif,fortaleza.gif,por,
290,9,portuguese,,sao paulo,,brazil,18,male,14,usa,2,academic,portuguese9.mp3,portuguese9.gif,saopaulo.gif,por,
291,1,punjabi,panjabi,sargodha,,pakistan,34,male,10,usa,0.25,academic,punjabi1.mp3,punjabi1.gif,sargodha.gif,pnb,
292,2,punjabi,panjabi,hoshiarpur,,india,26,male,10,usa,0.6,academic,punjabi2.mp3,punjabi2.gif,hoshiarpur.gif,pan,
293,1,quechua,,cochabamba,,bolivia,53,female,15,usa,8,academic,quechua1.mp3,quechua1.gif,cochabamba.gif,quh,
294,2,quechua,,huanuco,provincia dos de mayo,peru,32,female,27,usa,5,naturalistic,quechua2.mp3,quechua2.gif,huanuco.gif,qvh,
295,1,romanian,,timisoara,,romania,24,male,12,usa,1,academic,romanian1.mp3,romanian1.gif,timisoara.gif,ron,
296,2,romanian,,bucharest,,romania,62,male,14,usa,22,academic,romanian2.mp3,romanian2.gif,bucharest.gif,ron,
297,3,romanian,,birtem,,romania,50,male,32,usa,18,naturalistic,romanian3.mp3,romanian3.gif,birtem.gif,ron,
298,4,romanian,,bucharest,,romania,35,female,32,,0,naturalistic,romanian4.mp3,romanian4.gif,bucharest.gif,ron,
299,1,russian,,nizhni novgorod,,russia,37,male,36,usa,1,academic,russian1.mp3,russian1.gif,nizhninovgorod.gif,rus,
300,10,russian,,moscow,,russia,20,female,5,uk,0.5,academic,russian10.mp3,russian10.gif,moscow.gif,rus,
301,11,russian,,ola magadan,,russia,54,male,13,usa,15,academic,russian11.mp3,russian11.gif,olamagadan.gif,rus,
302,2,russian,,izmail,,ukraine,50,female,10,usa,7,academic,russian2.mp3,russian2.gif,izmail.gif,rus,
303,3,russian,,zaporizhzhya,,ukraine,35,female,6,usa,7,academic,russian3.mp3,russian3.gif,zaporizhzhya.gif,rus,
304,4,russian,,moscow,,russia,68,female,38,usa,9,academic,russian4.mp3,russian4.gif,moscow.gif,rus,
305,5,russian,,khabarovsk,,russia,25,female,15,usa,0.3,academic,russian5.mp3,russian5.gif,khabarovsk.gif,rus,
306,6,russian,,moscow,,russia,26,female,11,usa,3,academic,russian6.mp3,russian6.gif,moscow.gif,rus,
307,7,russian,,kiev,,ukraine,54,female,13,usa,23,academic,russian7.mp3,russian7.gif,kiev.gif,rus,
308,8,russian,,moscow,,russia,66,male,12,usa,27,academic,russian8.mp3,russian8.gif,moscow.gif,rus,
309,9,russian,,moscow,,russia,23,male,7,,0,academic,russian9.mp3,russian9.gif,moscow.gif,rus,
310,1,sardinian,,zofingen,,switzerland,35,female,11,"usa,uk",13,academic,sardinian1.mp3,sardinian1.gif,zofingen.gif,sdn,"2 years uk, 11 years usa"
311,1,sarua,,ndjamena,,chad,21,male,10,usa,0.1,academic,sarua1.mp3,sarua1.gif,ndjamena.gif,swy,
312,1,satawalese,,satawal island,yap state,federated states of micronesia,41,male,6,federated states of micronesia,41,academic,satawalese1.mp3,satawalese1.gif,satawalisland.gif,stw,english is the lingua franca on the island
313,2,satawalese,,satawal island,yap state,federated states of micronesia,30,female,6,federated states of micronesia,30,academic,satawalese2.mp3,satawalese2.gif,satawalisland.gif,stw,english is a lingua franca on the island
314,1,serbian,,bosanska krupa,,bosnia,47,female,47,usa,1,academic,serbian1.mp3,serbian1.gif,bosanskakrupa.gif,srp,
315,2,serbian,,zrenjanin,serbia,serbia,36,male,15,usa,0.8,academic,serbian2.mp3,serbian2.gif,zrenjanin.gif,srp,
316,1,sicilian,italian,fiumedinisi,,sicily,77,male,23,usa,54,naturalistic,sicilian1.mp3,sicilian1.gif,fiumedinisi.gif,scn,
317,1,sinhala,sinhalese,colombo,,sri lanka,33,female,4,usa,7,academic,sinhala1.mp3,sinhala1.gif,colombo.gif,sin,
318,2,sinhala,sinhalese,colombo,,sri lanka,28,female,11,usa,15,academic,sinhala2.mp3,sinhala2.gif,colombo.gif,sin,spent time in saudi arabia
319,1,slovak,,kosice,,slovak republic,25,female,14,usa,0.3,academic,slovak1.mp3,slovak1.gif,kosice.gif,slk,
320,2,slovak,,piestany,,slovak republic,23,female,17,usa,0.6,academic,slovak2.mp3,slovak2.gif,piestany.gif,slk,
321,3,slovak,,nitra,,slovak republic,51,female,16,usa,20,academic,slovak3.mp3,slovak3.gif,nitra.gif,slk,
322,1,somali,,mogadishu,,somalia,26,female,24,usa,4,academic,somali1.mp3,somali1.gif,mogadishu.gif,som,
323,1,spanish,,caracas,,venezuela,24,male,17,usa,0.3,academic,spanish1.mp3,spanish1.gif,caracas.gif,spa,
324,10,spanish,,san luis de la reina,,el salvador,48,male,47,usa,10,academic,spanish10.mp3,spanish10.gif,sanluisdelareina.gif,spa,
325,11,spanish,,lima,,peru,49,female,28,usa,9,academic,spanish11.mp3,spanish11.gif,lima.gif,spa,
326,12,spanish,,oviedo,,spain,25,male,8,usa,5,academic,spanish12.mp3,spanish12.gif,oviedo.gif,spa,
327,13,spanish,,duitama,,colombia,29,female,11,usa,1.2,academic,spanish13.mp3,spanish13.gif,duitama.gif,spa,
328,14,spanish,,pereira,,colombia,34,female,15,usa,1,academic,spanish14.mp3,spanish14.gif,pereira.gif,spa,
329,15,spanish,,san juan,,puerto rico,54,male,4,usa,21,academic,spanish15.mp3,spanish15.gif,sanjuan.gif,spa,
330,16,spanish,,buenos aires,,argentina,44,male,25,usa,19,naturalistic,spanish16.mp3,spanish16.gif,buenosaires.gif,spa,
331,17,spanish,,puebla,,mexico,22,female,9,usa,10,academic,spanish17.mp3,spanish17.gif,puebla.gif,spa,
332,18,spanish,,la paz,,bolivia,22,male,17,usa,2,academic,spanish18.mp3,spanish18.gif,lapaz.gif,spa,
333,19,spanish,,havana,,cuba,25,female,17,usa,5,academic,spanish19.mp3,spanish19.gif,havana.gif,spa,
334,2,spanish,,puerto la cruz,,venezuela,20,male,12,usa,0.5,academic,spanish2.mp3,spanish2.gif,puertolacruz.gif,spa,
335,20,spanish,,managua,,nicaragua,45,male,30,usa,18,academic,spanish20.mp3,spanish20.gif,managua.gif,spa,
336,21,spanish,,santiago,,chile,25,male,18,,0,naturalistic,spanish21.mp3,spanish21.gif,santiago.gif,spa,
337,22,spanish,,madrid,,spain,32,female,11,usa,0.8,academic,spanish22.mp3,spanish22.gif,madrid.gif,spa,
338,23,spanish,,santiago,,chile,22,male,7,usa,0.1,academic,spanish23.mp3,spanish23.gif,santiago.gif,spa,spent time in sweden (6 years)
339,24,spanish,,mexico city,,mexico,27,male,5,usa,1.8,academic,spanish24.mp3,spanish24.gif,mexicocity.gif,spa,
340,25,spanish,,san jose,,costa rica,26,male,21,usa,5,academic,spanish25.mp3,spanish25.gif,sanjose.gif,spa,
341,26,spanish,,burgos,,spain,18,male,6,,0,academic,spanish26.mp3,spanish26.gif,burgos.gif,spa,
342,27,spanish,,zaragoza,,spain,34,male,14,ireland,0.1,academic,spanish27.mp3,spanish27.gif,zaragoza.gif,spa,
343,28,spanish,,san miguel,,el salvador,20,female,18,usa,2,academic,spanish28.mp3,spanish28.gif,sanmiguel.gif,spa,
344,3,spanish,,bogota,,colombia,17,female,16,usa,0.1,academic,spanish3.mp3,spanish3.gif,bogota.gif,spa,
345,4,spanish,,cabanas,,el salvador,21,female,17,usa,4,academic,spanish4.mp3,spanish4.gif,cabanas.gif,spa,
346,5,spanish,,bogota,,colombia,52,female,13,usa,17,naturalistic,spanish5.mp3,spanish5.gif,bogota.gif,spa,
347,6,spanish,,lima,,peru,20,male,19,usa,1,academic,spanish6.mp3,spanish6.gif,lima.gif,spa,
348,7,spanish,,bogota,,colombia,21,female,20,usa,0.4,academic,spanish7.mp3,spanish7.gif,bogota.gif,spa,
349,8,spanish,,san salvador,,el salvador,21,male,12,usa,0.5,academic,spanish8.mp3,spanish8.gif,sansalvador.gif,spa,
350,9,spanish,,araure,,venezuela,20,male,17,"usa,trinidad",0.4,academic,spanish9.mp3,spanish9.gif,araure.gif,spa,"4 months trinidad, 5 months usa"
351,1,swedish,,solna,,sweden,56,female,11,usa,20,academic,swedish1.mp3,swedish1.gif,solna.gif,swe,
352,2,swedish,,uppsala,,sweden,20,male,10,,0,academic,swedish2.mp3,swedish2.gif,uppsala.gif,swe,
353,3,swedish,,stockholm,,sweden,24,male,10,,0,academic,swedish3.mp3,swedish3.gif,stockholm.gif,swe,
354,4,swedish,,lulea,,sweden,22,male,10,,0,academic,swedish4.mp3,swedish4.gif,lulea.gif,swe,
355,1,synthesized,,,,,0,male,0,mac system 8.5,0,,synthesized1.mp3,notyet.gif,,,
356,2,synthesized,,,,,0,female,0,mac system 8.5,0,,synthesized2.mp3,notyet.gif,,,
357,3,synthesized,,,,,0,female,0,mac system 8.5,0,,synthesized3.mp3,notyet.gif,,,
358,4,synthesized,,,,,0,male,0,mac system 8.5,0,,synthesized4.mp3,notyet.gif,,,
359,1,tagalog,,manila,,philippines,18,male,10,usa,0.5,academic,tagalog1.mp3,tagalog1.gif,manila.gif,tgl,
360,2,tagalog,,urdaneta,luzon,philippines,21,female,7,usa,4,academic,tagalog2.mp3,tagalog2.gif,urdaneta.gif,tgl,
361,3,tagalog,,honiara,guadalcanal,solomon islands,19,female,1,usa,3,naturalistic,tagalog3.mp3,tagalog3.gif,honiara.gif,tlg,may be bilingual in tagalog and english
362,1,taishan,yue,taishan,guangdong,china,21,male,7,usa,10,academic,taishan1.mp3,taishan1.gif,taishan.gif,yue,
363,1,taiwanese,chinese,ping tung,,taiwan,36,female,13,"uk,usa",1.7,academic,taiwanese1.mp3,taiwanese1.gif,pingtung.gif,nan,"10 months uk, 10 months usa"
364,2,taiwanese,chinese,taipei,,taiwan,24,female,17,usa,0.25,academic,taiwanese2.mp3,taiwanese2.gif,taipei.gif,nan,
365,3,taiwanese,chinese,tainan,,taiwan,30,female,13,usa,0.7,academic,taiwanese3.mp3,taiwanese3.gif,tainan.gif,nan,
366,4,taiwanese,chinese,kao-hsiung,,taiwan,45,female,21,usa,34,naturalistic,taiwanese4.mp3,taiwanese4.gif,kaohsiung.gif,nan,
367,1,tamil,,colombo,,sri lanka,39,male,7,usa,13,academic,tamil1.mp3,tamil1.gif,colombo.gif,tam,
368,1,tatar,,kargali,tatarstan,russia,29,female,10,usa,8,academic,tatar1.mp3,tatar1.gif,kargali.gif,tat,
369,1,telugu,,kadapa,,india,31,male,6,usa,4,academic,telugu1.mp3,telugu1.gif,kadapa.gif,tel,
370,2,telugu,,guntur,andhra pradesh,india,18,male,6,usa,3,academic,telugu2.mp3,telugu2.gif,guntur.gif,tel,
371,1,thai,,khon kaen,,thailand,25,female,10,usa,1,academic,thai1.mp3,thai1.gif,khonkaen.gif,tha,
372,2,thai,,chiang mai,,thailand,20,male,10,"new zealand,usa",2,academic,thai2.mp3,thai2.gif,chiangmai.gif,tha,"1 year new zealand, 1 year usa"
373,3,thai,,bangkok,,thailand,22,male,4,usa,0.25,academic,thai3.mp3,thai3.gif,bangkok.gif,tha,
374,1,tibetan,,lhasa,,tibet,26,female,13,usa,0.5,academic,tibetan1.mp3,tibetan1.gif,lhasa.gif,bod,
375,2,tibetan,,khamba,,tibet,41,female,35,usa,0.1,academic,tibetan2.mp3,tibetan2.gif,khamba.gif,bod,
376,3,tibetan,,mysore,,india,20,female,7,usa,0.7,academic,tibetan3.mp3,tibetan3.gif,mysore.gif,bod,
377,1,tigrigna,,adigrat,,ethiopia,25,female,17,usa,5,academic,tigrigna1.mp3,tigrigna1.gif,adigrat.gif,tir,
378,2,tigrigna,,asmara,,eritrea,23,female,20,usa,3,academic,tigrigna2.mp3,tigrigna2.gif,asmara.gif,tir,
379,3,tigrigna,,asmara,,eritrea,44,male,7,usa,22,academic,tigrigna3.mp3,tigrigna3.gif,asmara.gif,tir,
380,1,tok pisin,pidgin english,madang,madang province,papua new guinea,38,male,4,usa,6,academic,tokpisin1.mp3,tokpisin1.gif,madang.gif,tpi,
381,1,turkish,,bingol,,turkey,27,female,26,usa,0.8,academic,turkish1.mp3,turkish1.gif,bingol.gif,tur,
382,2,turkish,,ankara,,turkey,24,male,16,usa,0.2,academic,turkish2.mp3,turkish2.gif,ankara.gif,tur,
383,3,turkish,,adana,,turkey,27,male,12,usa,1.2,academic,turkish3.mp3,turkish3.gif,adana.gif,tur,
384,4,turkish,,kayseri,,turkey,20,male,14,usa,0.4,academic,turkish4.mp3,turkish4.gif,kayseri.gif,tur,
385,5,turkish,,istanbul,,turkey,30,female,11,usa,5,academic,turkish5.mp3,turkish5.gif,istanbul.gif,tur,
386,6,turkish,,istanbul,,turkey,19,male,14,,0,academic,turkish6.mp3,turkish6.gif,istanbul.gif,tur,
387,7,turkish,,izmir,,turkey,19,male,13,,0,academic,turkish7.mp3,turkish7.gif,izmir.gif,tur,
388,1,twi,akan,kumasi,,ghana,25,female,12,usa,12,academic,twi1.mp3,twi1.gif,kumasi.gif,aka,
389,2,twi,akan,ajumako,,ghana,33,male,6,usa,2,academic,twi2.mp3,twi2.gif,ajumako.gif,aka,
390,1,urdu,,karachi,,pakistan,22,male,18,usa,1,academic,urdu1.mp3,urdu1.gif,karachi.gif,urd,
391,2,urdu,,sialkot,,pakistan,48,female,6,usa,10,academic,urdu2.mp3,urdu2.gif,sialkot.gif,urd,
392,1,uyghur,,urumqi,xin jiang,china,46,female,45,usa,1.5,academic,uyghur1.mp3,uyghur1.gif,urumqi.gif,uig,
393,1,uzbek,,samarkand,,uzbekistan,39,female,39,usa,1,academic,uzbek1.mp3,uzbek1.gif,samarkand.gif,uzn,
394,2,uzbek,,kabul,,afghanistan,35,female,28,usa,6,academic,uzbek2.mp3,uzbek2.gif,kabul.gif,uzs,
395,1,vietnamese,,can tho,,vietnam,29,male,12,usa,0.5,academic,vietnamese1.mp3,vietnamese1.gif,cantho.gif,vie,
396,2,vietnamese,,ho chi minh city,,vietnam,29,male,25,usa,2,academic,vietnamese2.mp3,vietnamese2.gif,hochiminhcity.gif,vie,
397,3,vietnamese,,vinh long,,vietnam,28,female,9,usa,0.8,academic,vietnamese3.mp3,vietnamese3.gif,vinhlong.gif,vie,
398,4,vietnamese,,hanoi,,vietnam,25,female,15,usa,1,academic,vietnamese4.mp3,vietnamese4.gif,hanoi.gif,vie,
399,5,vietnamese,,cam ranh,,vietnam,34,male,31,usa,2,academic,vietnamese5.mp3,vietnamese5.gif,camranh.gif,vie,
400,6,vietnamese,,ho chi minh city,,vietnam,41,male,12,usa,2,academic,vietnamese6.mp3,vietnamese6.gif,hochiminhcity.gif,vie,
401,7,vietnamese,,hue,,vietnam,29,female,18,usa,10,academic,vietnamese7.mp3,vietnamese7.gif,hue.gif,vie,
402,1,wolof,,dakar,,senegal,21,male,12,usa,1.5,academic,wolof1.mp3,wolof1.gif,dakar.gif,wof,
403,2,wolof,,dakar,,senegal,37,male,11,usa,8,academic,wolof2.mp3,wolof2.gif,dakar.gif,wof,
404,1,yiddish,,st. etienne,,france,60,male,8,"canada,uk",57,academic,yiddish1.mp3,yiddish1.gif,stetienne.gif,ydd,"17 years uk, 40 years canada"
405,2,yiddish,,winnipeg,manitoba,canada,78,female,6,"canada,usa",71,academic,yiddish2.mp3,yiddish2.gif,winnipeg.gif,ydd,
406,1,zulu,,bulawayo,,zimbabwe,24,female,14,usa,7,academic,zulu1.mp3,zulu1.gif,bulawayo.gif,zul,
407,105,english,,windsor,ontario,canada,57,male,0,canada,57,naturalistic,english105.mp3,english105.gif,windsor.gif,eng,
408,106,english,,los angeles,california,usa,39,female,0,usa,39,naturalistic,english106.mp3,english106.gif,losangeles.gif,eng,
409,1,maltese,,mosta,,malta,30,female,4,,0,academic,maltese1.mp3,maltese1.gif,mosta.gif,mlt,malta was a british colony until 1964
410,29,spanish,,maracaibo,zulia,venezuela,18,male,10,canada,0.5,academic,spanish29.mp3,spanish29.gif,maracaibo.gif,spa,
411,6,hebrew,,rishon,,israel,33,female,9,,0,academic,hebrew6.mp3,hebrew6.gif,rishon.gif,heb,
412,9,french,,lamentin,,martinique,21,male,11,,0,academic,french9.mp3,french9.gif,lamentin.gif,gcf,
413,3,bambara,bamanankan,bamako,,mali,22,male,12,usa,0.25,academic,bambara3.mp3,bambara3.gif,bamako.gif,bam,
414,1,yoruba,,cotonou,,benin,20,male,20,usa,0.25,academic,yoruba1.mp3,yoruba1.gif,cotonou.gif,yor,
415,1,dinka,,rumbek,boherat,sudan,39,male,33,usa,5.5,academic,dinka1.mp3,dinka1.gif,rumbek.gif,dib,
416,107,english,,chicago,illinois,usa,19,male,0,usa,19,naturalistic,english107.mp3,english107.gif,chicago.gif,eng,
417,1,belarusan,belarusian,chamiancy,vilejka,belarus,25,male,11,,0,academic,belarusan1.mp3,belarusan1.gif,chamiancy.gif,bel,
418,3,afrikaans,,pretoria,transvaal,south africa,43,male,4,usa,20.7,naturalistic,afrikaans3.mp3,afrikaans3.gif,pretoria.gif,afr,
419,108,english,,strabane,northern ireland,uk,21,male,0,uk,21.5,naturalistic,english108.mp3,english108.gif,strabane.gif,eng,
420,109,english,,concord,new hampshire,usa,26,female,0,usa,26,naturalistic,english109.mp3,english109.gif,concord.gif,eng,
421,110,english,,great yarmouth,norfolk,uk,21,male,0,uk,0,naturalistic,english110.mp3,english110.gif,greatyarmouth.gif,eng,
422,1,icelandic,,reykjavik,,iceland,21,male,11,,0,academic,icelandic1.mp3,icelandic1.gif,reykjavik.gif,isl,
423,3,urdu,,karachi,sind,pakistan,25,male,3,canada,2,academic,urdu3.mp3,urdu3.gif,karachi.gif,urd,
424,1,sindhi,,karachi,,pakistan,26,male,8,uk,1.5,academic,sindhi1.mp3,sindhi1.gif,karachi.gif,snd,
425,1,pahari,poonchi,jammu,kashmir,india,25,male,5,uk,1,academic,pahari1.mp3,pahari1.gif,jammu.gif,phr,
426,111,english,,bombay,,india,21,male,0,"india, usa",4,naturalistic,english111.mp3,english111.gif,bombay.gif,eng,"residence in india for 17 years, usa for 4 years"
427,112,english,,st. thomas,,us virgin islands,21,male,0,us virgin islands,21,naturalistic,english112.mp3,english112.gif,stthomas.gif,eng,
428,14,arabic,,amman,,jordan,47,male,11,usa,25,naturalistic,arabic14.mp3,arabic14.gif,amman.gif,ajp,
429,2,tamil,,madras,tamil nadu,india,35,female,4,usa,5,naturalistic,tamil2.mp3,tamil2.gif,madras.gif,tam,"28 years in india, 2 years in saudi arabia, 5 years in usa"
430,8,mandarin,chinese,jingmen,hubei,china,29,male,12,usa,5,academic,mandarin8.mp3,mandarin8.gif,jingmen.gif,cmn,
431,2,krio,,freetown,,sierra leone,26,male,5,"sierra leone, usa",26,naturalistic,krio2.mp3,krio2.gif,freetown.gif,kri,residence: 14 years sierra leone; 12 years usa
432,1,lamotrekese,woleaian,lamotrek island,,federated states of micronesia,38,male,14,usa,4,academic,lamotrekese1.mp3,lamotrekese1.gif,lamotrekisland.gif,woe,
433,1,yapese,,yap island,,federated states of micronesia,34,female,14,usa,10,academic,yapese1.mp3,yapese1.gif,yapisland.gif,yap,
434,2,azerbaijani,azeri turk,baku,,azerbaijan,42,female,40,usa,2,naturalistic,azerbaijani2.mp3,azerbaijani2.gif,baku.gif,azj,
435,2,armenian,,tehran,,iran,44,female,7,usa,5,academic,armenian2.mp3,armenian2.gif,tehran.gif,hye,
436,1,mende,,harbel,,liberia,35,male,5,"liberia, usa",35,academic,mende1.mp3,mende1.gif,harbel.gif,men,"30 years in liberia, 5 years in usa"
437,15,arabic,,qayrawan,,tunisia,40,male,33,usa,7,naturalistic,arabic15.mp3,arabic15.gif,qayrawan.gif,aeb,
438,1,konkani,goanese,hyderabad,andhra pradesh,india,38,female,6,india,38,academic,konkani1.mp3,konkani1.gif,hyderabad.gif,gom,
439,113,english,,wrexham,wales,uk,31,male,0,"wales, australia",31,naturalistic,english113.mp3,english113.gif,wrexham.gif,eng,
440,5,italian,,vicenza,veneto,italy,52,male,25,usa,3.5,academic,italian5.mp3,italian5.gif,vicenza.gif,ita,
441,30,spanish,,buenos aires,,argentina,18,male,5,,0,academic,spanish30.mp3,spanish30.gif,buenosaires.gif,spa,
442,114,english,,birmingham 2,alabama,usa,38,female,0,usa,38,naturalistic,english114.mp3,english114.gif,birmingham2.gif,eng,
443,115,english,,st. albans,hertfordshire,uk,31,male,0,uk,31,naturalistic,english115.mp3,english115.gif,stalbans.gif,eng,
444,116,english,,atlanta,georgia,usa,56,male,0,usa,56,naturalistic,english116.mp3,english116.gif,atlanta.gif,eng,
445,117,english,,elmore,alabama,usa,60,female,0,usa,60,naturalistic,english117.mp3,english117.gif,elmore.gif,eng,
446,118,english,,akron,ohio,usa,19,male,0,usa,17,naturalistic,english118.mp3,english118.gif,akron.gif,eng,lived in spain until age 2
447,8,vietnamese,,ninh binh,,vietnam,69,male,12,usa,30,academic,vietnamese8.mp3,vietnamese8.gif,ninhbinh.gif,vie,
448,4,thai,,songkhla,,thailand,23,female,7,usa,0.2,academic,thai4.mp3,thai4.gif,songkhla.gif,sou,
449,31,spanish,,guayaquil,,ecuador,31,female,7,usa,7,academic,spanish31.mp3,spanish31.gif,guayaquil.gif,spa,
450,32,spanish,,santa cruz,,bolivia,26,male,22,usa,4,academic,spanish32.mp3,spanish32.gif,santacruz.gif,spa,
451,9,mandarin,chinese,shanghai,,china,38,male,12,usa,2,academic,mandarin9.mp3,mandarin9.gif,shanghai.gif,cmn,
452,8,korean,,seoul,,south korea,39,female,13,usa,10,academic,korean8.mp3,korean8.gif,seoul.gif,kor,
453,10,farsi,persian,tehran,,iran,45,female,10,usa,8,academic,farsi10.mp3,farsi10.gif,tehran.gif,pes,
454,5,swedish,,goteborg,,sweden,18,male,13,,0,academic,swedish5.mp3,swedish5.gif,goteborg.gif,swe,
455,119,english,,saskatoon,saskatchewan,canada,32,female,0,canada,32,naturalistic,english119.mp3,english119.gif,saskatoon.gif,eng,
456,120,english,,saskatoon,saskatchewan,canada,65,male,0,canada,65,naturalistic,english120.mp3,english120.gif,saskatoon.gif,eng,
457,1,sundanese,sunda,kuningan,,indonesia,37,female,15,usa,12,academic,sundanese1.mp3,sundanese1.gif,kuningan.gif,sun,spent 5 years in saudi arabia english area.
458,3,albanian,,tirana,,albania,44,male,35,usa,9,naturalistic,albanian3.mp3,albanian3.gif,tirana.gif,aln,
459,2,lithuanian,,vilnius,,lithuania,34,female,32,usa,2,academic,lithuanian2.mp3,lithuanian2.gif,vilnius.gif,lit,
460,12,russian,,st. petersburg,,russia,62,male,53,usa,9,naturalistic,russian12.mp3,russian12.gif,stpetersburg.gif,rus,
461,3,sinhala,sinhalese,colombo,,sri lanka,25,female,8,usa,0.75,academic,sinhala3.mp3,sinhala3.gif,colombo.gif,sin,
462,6,cantonese,chinese,hong kong,,china,25,male,5,,0,academic,cantonese6.mp3,cantonese6.gif,hongkong.gif,yue,
463,2,georgian,,akhmeta,,republic of georgia,41,female,36,usa,4,naturalistic,georgian2.mp3,georgian2.gif,akhmeta.gif,kat,
464,1,kikongo,kongo,new orleans,louisiana,usa,19,male,16,usa,1,academic,kikongo1.mp3,kikongo1.gif,neworleans.gif,kwy,"born in new orleans, usa.  moved to drc at 10 months of age."
465,121,english,,waconia,minnesota,usa,21,male,0,usa,21,naturalistic,english121.mp3,english121.gif,waconia.gif,eng,
466,1,kikuyu,,nairobi,,kenya,48,male,5,usa,8,academic,kikuyu1.mp3,kikuyu1.gif,nairobi.gif,kik,spoke english in kenya since birth
467,33,spanish,,caracas,,venezuela,18,male,15,usa,3,academic,spanish33.mp3,spanish33.gif,caracas.gif,spa,
468,122,english,,kuala lumpur,,malaysia,20,female,0,"singapore,usa",13,naturalistic,english122.mp3,english122.gif,kualalumpur.gif,eng,0-7 in malaysia; 7-19 in singapore; 19-20 in usa.
469,123,english,,riverside,california,usa,28,female,0,"usa, uk",23,naturalistic,english123.mp3,english123.gif,riverside.gif,eng,"usa: 0-3, 6-7, 13-28;"
470,4,tagalog,,san fernando,la union,philippines,48,female,7,usa,20,academic,tagalog4.mp3,tagalog4.gif,sanfernando.gif,tgl,
471,16,arabic,,meknes,,morocco,22,male,16,,0,academic,arabic16.mp3,arabic16.gif,meknes.gif,ary,"31 october 2005 
remote recording"
472,13,russian,,moscow,,russia,26,male,10,,0,academic,russian13.mp3,russian13.gif,moscow.gif,rus,2005-11-07
473,6,italian,,naples,,italy,32,female,15,,0,academic,italian6.mp3,italian6.gif,naples.gif,ita,2005-11-10
474,9,korean,,taejon,,south korea,34,male,12,"uk,australia",2,academic,korean9.mp3,korean9.gif,taejon.gif,kor,residence: england 1 year; australia 1 year.
475,1,oriya,,bargarh,orissa,india,35,male,5,,0,academic,oriya1.mp3,oriya1.gif,bargarh.gif,ori,
476,34,spanish,,cartagena,,spain,28,male,11,uk,0.75,academic,spanish34.mp3,spanish34.gif,cartagena.gif,spa,
477,1,croatian,,unije,,croatia,81,female,16,usa,66,academic,croatian1.mp3,croatian1.gif,unije.gif,hrv,resided in new jersey for most of her life
478,8,turkish,,sivas,,turkey,37,male,17,usa,11,academic,turkish8.mp3,turkish8.gif,sivas.gif,tur,2005-10-14
479,35,spanish,,mexico city,,mexico,28,male,17,usa,4.25,academic,spanish35.mp3,spanish35.gif,mexicocity.gif,spa,2005-11-16
480,124,english,,brooklyn,new york,usa,38,male,0,usa,38,naturalistic,english124.mp3,english124.gif,brooklyn.gif,eng,0-7 in brooklyn
481,5,taiwanese,chinese,tainan,,taiwan,27,male,15,usa,0.5,naturalistic,taiwanese5.mp3,taiwanese5.gif,tainan.gif,nan,"onset at 15 in high school for 2 years, then dropped out."
482,5,polish,,ozarow maz,,poland,22,male,9,,0,academic,polish5.mp3,polish5.gif,ozarowmaz.gif,pol,2005-11-26
483,10,korean,,gwangju,,south korea,34,male,13,3.5,0,academic,korean10.mp3,korean10.gif,kwangju.gif,kor,2005-11-25
484,2,luo,dholuo,maseno,,kenya,33,female,5,"usa, uk, kenya",4,academic,luo2.mp3,luo2.gif,maseno.gif,luo,"residence: 29 years in kenya, 1 year in uk, 3 years in usa."
485,125,english,,st. george,queensland,australia,28,male,0,australia,28,naturalistic,english125.mp3,english125.gif,stgeorge.gif,eng,28 november 2005.
486,8,japanese,,tokyo,,japan,25,male,12,,0,academic,japanese8.mp3,japanese8.gif,tokyo.gif,jpn,2005-12-04
487,126,english,,cincinnati,ohio,usa,34,female,0,usa,34,naturalistic,english126.mp3,english126.gif,cincinnati.gif,eng,2005-12-05
488,1,tswana,setswana,kalamare,,botswana,31,male,7,"botswana, usa",10,academic,tswana1.mp3,tswana1.gif,kalamare.gif,tsn,"english residence:  botswana for 21 yrs.,  usa for 10 yrs.   5 december 2005"
489,127,english,,new britain,connecticut,usa,39,male,0,usa,39,naturalistic,english127.mp3,english127.gif,newbritain.gif,eng,2005-12-26
490,128,english,,miami,florida,usa,20,female,0,usa,20,naturalistic,english128.mp3,english128.gif,miami.gif,eng,2006-01-06
491,10,mandarin,chinese,beijing,,china,19,male,3,south africa,3.75,academic,mandarin10.mp3,mandarin10.gif,beijing.gif,cmn,2006-01-12
492,129,english,,blackpool,lancashire,uk,25,male,0,"uk, australia",25,naturalistic,english129.mp3,english129.gif,blackpool.gif,eng,2006-01-19
493,1,swiss german,schwyzerd√ºtsch,eischoll,,switzerland,21,male,10,"usa, uk",2,academic,swissgerman1.mp3,swissgerman1.gif,eischoll.gif,gsw,"3 january, 2006"
494,7,cantonese,chinese,hong kong,,china,31,male,4,canada,16,academic,cantonese7.mp3,cantonese7.gif,hongkong.gif,yue,2006-01-22
495,11,portuguese,,sao paulo,,brazil,40,female,7,,0,academic,portuguese11.mp3,portuguese11.gif,saopaulo.gif,por,2006-01-28
496,130,english,,port elizabeth,,south africa,32,male,0,south africa,32,naturalistic,english130.mp3,english130.gif,portelizabeth.gif,eng,2006-01-31
497,131,english,,west palm beach,florida,usa,23,male,0,usa,23,naturalistic,english131.mp3,english131.gif,westpalmbeach.gif,eng,2006-02-05
498,8,cantonese,chinese,hong kong,,china,23,female,2,canada,15,academic,cantonese8.mp3,cantonese8.gif,hongkong.gif,yue,"4 february 2006
stanley village, hk"
499,36,spanish,,montevideo,,uruguay,27,male,25,,0,academic,spanish36.mp3,spanish36.gif,montevideo.gif,spa,2006-02-18
500,10,french,,bordeaux,,france,31,male,10,ireland,1,academic,french10.mp3,french10.gif,bordeaux.gif,fra,2006-02-20
501,7,german,,berlin,,germany,20,male,11,usa,1,academic,german7.mp3,german7.gif,berlin.gif,deu,2006-02-25
502,9,cantonese,chinese,hong kong,,china,22,male,7,uk,5,academic,cantonese9.mp3,cantonese9.gif,hongkong.gif,yue,2006-02-26
503,132,english,,toronto,ontario,canada,18,female,0,canada,18,naturalistic,english132.mp3,english132.gif,toronto.gif,eng,2006-03-03
504,133,english,,norwich,new york,usa,36,female,0,usa,36,naturalistic,english133.mp3,english133.gif,norwich.gif,eng,2006-03-14
505,10,cantonese,chinese,xiamen,fujian,china,25,female,3,canada,0.5,academic,cantonese10.mp3,cantonese10.gif,xiamen.gif,yue,2006-03-16
506,134,english,,belfast,northern ireland,uk,22,female,0,uk,22,naturalistic,english134.mp3,english134.gif,belfast.gif,eng,2006-03-18
507,135,english,,orange beach,alabama,usa,22,male,0,usa,22,naturalistic,english135.mp3,english135.gif,orangebeach.gif,eng,2006-03-18
508,136,english,,calgary,alberta,canada,25,male,0,canada,25,naturalistic,english136.mp3,english136.gif,calgary.gif,eng,2006-03-18
509,137,english,,charleston,west virginia,usa,26,male,0,usa,26,naturalistic,english137.mp3,english137.gif,charlestonwv.gif,eng,18 march 2006  lived in w.va until age 19.  then to ohio.
510,138,english,,palmer,alaska,usa,25,female,0,usa,25,naturalistic,english138.mp3,english138.gif,palmer.gif,eng,18 march 2006.  learned german at home from nother and grandparents.
511,139,english,,providence,rhode island,usa,20,male,0,usa,20,naturalistic,english139.mp3,english139.gif,providence.gif,eng,2006-03-18
512,17,arabic,,settat,,morocco,35,male,15,,0,academic,arabic17.mp3,arabic17.gif,settat.gif,ary,2006-03-18
513,12,portuguese,,lisbon,,portugal,36,male,12,,0,academic,portuguese12.mp3,portuguese12.gif,lisbon.gif,por,2006-03-19
514,11,french,,limoges,,france,31,male,11,usa,8,academic,french11.mp3,french11.gif,limoges.gif,fra,2006-03-20
515,140,english,,quezon city,,philippines,43,male,0,"philippines,canada",43,naturalistic,english140.mp3,english140.gif,quezoncity.gif,eng,2006-03-21
516,141,english,,york,,uk,19,male,0,uk,19,naturalistic,english141.mp3,english141.gif,york.gif,eng,2006-03-22
517,142,english,,avon,new york,usa,19,male,0,usa,19,naturalistic,english142.mp3,english142.gif,avon.gif,eng,2006-03-24
518,143,english,,minneapolis,minnesota,usa,42,male,0,"usa, uk",42,naturalistic,english143.mp3,english143.gif,minneapolis.gif,eng,2006-03-26
519,144,english,,barneys river,nova scotia,canada,24,male,0,canada,24,naturalistic,english144.mp3,english144.gif,barneysriver.gif,eng,2006-03-26
520,13,portuguese,,santa maria,rio grande do sul,brazil,18,male,9,,0,academic,portuguese13.mp3,portuguese13.gif,santamaria.gif,por,2006-03-26
521,145,english,,bury st. edmunds,,uk,18,male,0,uk,13,naturalistic,english145.mp3,english145.gif,burystedmunds.gif,eng,"1 april, 2006"
522,146,english,,blytheville,arkansas,usa,22,male,0,usa,22,naturalistic,english146.mp3,english146.gif,blytheville.gif,eng,2006-04-05
523,147,english,,merced,california,usa,40,female,0,usa,40,naturalistic,english147.mp3,english147.gif,merced.gif,eng,2006-04-05
524,12,french,,montreal,quebec,canada,19,female,9,australia,0.2,academic,french12.mp3,french12.gif,montreal.gif,fra,2006-04-05
525,148,english,,sydney,,australia,31,male,0,australia,31,naturalistic,english148.mp3,english148.gif,sydney.gif,eng,2006-04-06
526,149,english,,lawrenceville,georgia,usa,18,male,0,usa,18,naturalistic,english149.mp3,english149.gif,lawrenceville.gif,eng,2006-04-07
527,150,english,,brownsville,kentucky,usa,31,male,0,usa,31,naturalistic,english150.mp3,english150.gif,brownsville.gif,eng,2006-04-10
528,151,english,,baltimore,maryland,usa,18,male,0,usa,18,naturalistic,english151.mp3,english151.gif,baltimore.gif,eng,2006-04-09
529,152,english,,adelaide,,australia,18,male,0,australia,18,naturalistic,english152.mp3,english152.gif,adelaide.gif,eng,2006-04-14
530,3,serbian,,belgrade,,serbia,25,male,7,usa,8,academic,serbian3.mp3,serbian3.gif,belgrade.gif,srp,2006-04-09
531,3,tamil,,chennai,,india,26,male,10,uk,3,naturalistic,tamil3.mp3,tamil3.gif,chennai.gif,tam,2006-04-10
532,9,turkish,,istanbul,,turkey,25,male,11,,0,academic,turkish9.mp3,turkish9.gif,istanbul.gif,tur,2006-04-11
533,153,english,,brisbane,,australia,35,male,0,australia,35,naturalistic,english153.mp3,english153.gif,brisbane.gif,eng,2006-04-15
534,154,english,,glace bay,nova scotia,canada,28,male,0,canada,28,naturalistic,english154.mp3,english154.gif,glacebay.gif,eng,2006-04-15
535,155,english,,oakland,california,usa,35,male,0,usa,35,naturalistic,english155.mp3,english155.gif,oakland.gif,eng,2006-04-16
536,156,english,,dublin,,ireland,33,male,0,ireland,33,naturalistic,english156.mp3,english156.gif,dublin.gif,eng,2006-04-22
537,3,dutch,,alkmaar,,netherlands,19,male,6,,0,academic,dutch3.mp3,dutch3.gif,alkmaar.gif,nld,2006-04-22
538,157,english,,fort worth,texas,usa,35,male,0,usa,35,naturalistic,english157.mp3,english157.gif,fortworth.gif,eng,2006-04-24
539,18,arabic,,kuwait city,,kuwait,18,male,6,,0,academic,arabic18.mp3,arabic18.gif,kuwaitcity.gif,afb,2006-04-25
540,158,english,,washington,district of columbia,usa,18,female,0,usa,18,naturalistic,english158.mp3,english158.gif,washington.gif,eng,"25 april, 2006"
541,159,english,,ottawa,ontario,canada,18,male,0,canada,18,naturalistic,english159.mp3,english159.gif,ottawa.gif,eng,2006-04-28
542,160,english,,redwood falls,minnesota,usa,21,female,0,usa,21,naturalistic,english160.mp3,english160.gif,redwoodfalls.gif,eng,2006-04-28
543,9,japanese,,yokohama,,japan,24,male,13,canada,4,academic,japanese9.mp3,japanese9.gif,yokohama.gif,jpn,2006-04-30
544,11,cantonese,chinese,hong kong,,china,22,female,3,,0,academic,cantonese11.mp3,cantonese11.gif,hongkong.gif,yue,2006-05-04
545,8,german,,bernburg,,germany,25,male,10,,0,academic,german8.mp3,german8.gif,bernburg.gif,deu,"5 may, 2006"
546,161,english,,wakefield,ohio,usa,75,female,0,usa,75,naturalistic,english161.mp3,english161.gif,wakefield.gif,eng,2006-05-11
547,163,english,,fairview park,ohio,usa,41,male,0,usa,39,naturalistic,english163.mp3,english163.gif,fairviewpark.gif,eng,2006-05-11
548,162,english,,delaware,ohio,usa,41,female,0,usa,39,naturalistic,english162.mp3,english162.gif,delaware.gif,eng,2006-05-11
549,164,english,,leeds,,uk,38,male,0,uk,38,naturalistic,english164.mp3,english164.gif,leeds.gif,eng,2006-05-16
550,165,english,,detroit,michigan,usa,43,female,0,usa,43,naturalistic,english165.mp3,english165.gif,detroit.gif,eng,2006-05-26
551,166,english,,glenside,pennsylvania,usa,18,male,0,usa,18,naturalistic,english166.mp3,english166.gif,glenside.gif,eng,"28 may, 2006"
552,167,english,,lakeview,michigan,usa,43,male,0,usa,43,naturalistic,english167.mp3,english167.gif,lakeview.gif,eng,2006-06-08
553,7,italian,,naples,,italy,24,male,8,usa,0.1,academic,italian7.mp3,italian7.gif,naples.gif,ita,2006-06-19
554,168,english,,oceanside,california,usa,40,male,0,usa,25,naturalistic,english168.mp3,english168.gif,oceanside.gif,eng,25 june 2006
555,169,english,,cleveland,mississippi,usa,18,male,0,usa,18,naturalistic,english169.mp3,english169.gif,cleveland.gif,eng,2006-06-29
556,170,english,,belmont,mississippi,usa,50,female,0,usa,50,naturalistic,english170.mp3,english170.gif,belmont.gif,eng,2006-06-29
557,6,bulgarian,,ruse,,bulgaria,27,male,11,,0,naturalistic,bulgarian6.mp3,bulgarian6.gif,ruse.gif,bul,2006-07-01
558,14,portuguese,,sao paulo,,brazil,25,male,8,,0,academic,portuguese14.mp3,portuguese14.gif,saopaulo.gif,por,2006-07-09
559,11,korean,,seoul,,south korea,26,male,14,philippines,0.3,academic,korean11.mp3,korean11.gif,seoul.gif,kor,2006-07-11
560,2,czech,,velky osek,,czech republic,60,male,45,,0,naturalistic,czech2.mp3,czech2.gif,velkyosek.gif,ces,july 2006 doug wulf
561,2,croatian,,mostar,,bosnia and herzegovina,35,female,10,,0,academic,croatian2.mp3,croatian2.gif,mostar.gif,hrv,july 2006 doug wulf
562,4,norwegian,,lakselv,,norway,23,male,10,,0,academic,norwegian4.mp3,norwegian4.gif,lakselv.gif,nor,2006-07-27
563,171,english,,st. louis,missouri,usa,21,male,0,usa,21,naturalistic,english171.mp3,english171.gif,stlouis.gif,eng,2006-07-30
564,172,english,,kingston,,jamaica,49,male,0,"jamaica, uk",49,naturalistic,english172.mp3,english172.gif,kingston.gif,eng,2006-08-01
565,1,cebuano,,cebu,,philippines,21,female,1,philippines,21,naturalistic,cebuano1.mp3,cebuano1.gif,cebu.gif,ceb,"30 july 2006
speaker can be considered a native english speaker."
566,7,bulgarian,,stara zagora,,bulgaria,18,male,13,,0,academic,bulgarian7.mp3,bulgarian7.gif,starazagora.gif,bul,2006-08-21
567,173,english,,libertyville,illinois,usa,19,male,0,usa,19,naturalistic,english173.mp3,english173.gif,libertyville.gif,eng,2006-08-13
568,174,english,,kuching,sarawak,malaysia,30,female,0,"australia, singapore",12,naturalistic,english174.mp3,english174.gif,kuching.gif,eng,"26 august, 2006"
569,1,teochew,chinese,guangdong province,guangdong,china,59,female,8,"england, malaysia",13,academic,teochew1.mp3,teochew1.gif,guangdongprovince .gif,nan,"26 august 2006  mother of english 174;  residence: 2 years england, 11 years malaysia"
570,4,greek,,ioannina,,greece,37,male,7,,0,academic,greek4.mp3,greek4.gif,ioannina.gif,ell,"29 august, 2006"
571,1,yupik,,bethel,alaska,usa,31,female,1,alaska,31,naturalistic,yupik1.mp3,yupik1.gif,bethel.gif,ess,"july 2006
probably bilingual in english/yupik"
572,175,english,,seattle,washington,usa,24,male,0,usa,21,naturalistic,english175.mp3,english175.gif,seattle.gif,eng,12 sept. 2006.
573,176,english,,elizabeth city,north carolina,usa,18,female,0,usa,18,naturalistic,english176.mp3,english176.gif,elizabethcity.gif,eng,18 sept. 2006
574,177,english,,new orleans,louisiana,usa,23,female,0,usa,23,naturalistic,english177.mp3,english177.gif,neworleans.gif,eng,2006-09-01
575,37,spanish,,tegucigalpa,,honduras,50,female,17,usa,13,academic,spanish37.mp3,spanish37.gif,tegucigalpa.gif,spa,2006-09-01
576,38,spanish,,tegucigalpa,,honduras,53,male,13,usa,15,academic,spanish38.mp3,spanish38.gif,tegucigalpa.gif,spa,2006-09-01
577,2,somali,,erigavo,,somalia,59,male,8,usa,22,academic,somali2.mp3,somali2.gif,erigavo.gif,som,2006-09-01
578,10,turkish,,ankara,,turkey,27,male,11,,0,academic,turkish10.mp3,turkish10.gif,ankara.gif,tur,"19 september, 2006"
579,1,ga,,accra,,ghana,47,male,5,usa,21,academic,ga1.mp3,ga1.gif,accra.gif,gaa,2006-09-01
580,1,ganda,luganda,masaka,,uganda,52,female,15,usa,29,academic,ganda1.mp3,ganda1.gif,masaka.gif,lug,2006-09-01
581,1,ngemba,,bota,,cameroon,41,male,15,usa,3,academic,ngemba1.mp3,ngemba1.gif,bota.gif,nge,2006-09-01
582,1,hindko,,ghazi,,pakistan,62,male,6,usa,36,academic,hindko1.mp3,hindko1.gif,ghazi.gif,hno,sept. 2006
583,178,english,,wilkes-barre,pennsylvania,usa,30,male,0,usa,30,naturalistic,english178.mp3,english178.gif,wilkesbarre.gif,eng,2006-09-22
584,179,english,,huron,south dakota,usa,57,male,0,usa,55,naturalistic,english179.mp3,english179.gif,huron.gif,eng,2006-09-23
585,180,english,,newport,rhode island,usa,20,male,0,usa,20,naturalistic,english180.mp3,english180.gif,newport.gif,eng,2006-09-24
586,181,english,,new eagle,pennsylvania,usa,68,male,0,usa,68,naturalistic,english181.mp3,english181.gif,neweagle.gif,eng,2006-09-24
587,2,hindi,hindi-urdu,hyderabad,,india,31,male,3,"usa, canada",8,academic,hindi2.mp3,hindi2.gif,hyderabad.gif,hin,2006-09-22
588,4,tigrigna,,asmara,,eritrea,52,female,14,usa,30,academic,tigrigna4.mp3,tigrigna4.gif,asmara.gif,tir,"september, 2006"
589,8,italian,,bari,,italy,43,male,10,usa,0.1,academic,italian8.mp3,italian8.gif,bari.gif,ita,"28 september 2006.
comes to usa on vacations only"
590,182,english,,troy,new york,usa,50,male,0,usa,50,naturalistic,english182.mp3,notyet.gif,troy.gif,eng,2006-09-30
591,1,estonian,,tallinn,,estonia,26,male,7,canada,1.1,naturalistic,estonian1.mp3,estonian1.gif,tallinn.gif,ekk,"3 october 2006;
went to english immersion school for 10 years."
592,2,malayalam,,trivandrum,kerala,india,29,female,5,usa,4.5,academic,malayalam2.mp3,malayalam2.gif,trivandrum.gif,mal,2006-10-01
593,3,hindi,hindi-urdu,jalandhar,,india,42,male,5,usa,25,academic,hindi3.mp3,hindi3.gif,jalandhar.gif,hin,2006-10-01
594,4,hungarian,,szeged,,hungary,26,male,5,usa,6,academic,hungarian4.mp3,hungarian4.gif,szeged.gif,hun,2006-10-01
595,183,english,,corriverton,,guyana,55,female,0,"guyana, usa",55,naturalistic,english183.mp3,notyet.gif,corriverton.gif,eng,"october, 2006;
residence:  29 years in guyana, 26 year in usa"
596,3,lithuanian,,kaunas,,lithuania,22,female,8,usa,1.2,academic,lithuanian3.mp3,lithuanian3.gif,kaunas.gif,lit,2006-10-01
597,184,english,,hillsboro,oregon,usa,18,female,0,usa,18,naturalistic,english184.mp3,notyet.gif,hillsboro.gif,eng,"7 october, 2006"
598,2,catalan,,mataro,catalonia,spain,24,male,21,uk,3,naturalistic,catalan2.mp3,catalan2.gif,mataro.gif,cat,2006-10-15
599,1,shona,,bulawayo,,zimbabwe,30,female,5,"zimbabwe, usa",30,academic,shona1.mp3,shona1.gif,bulawayo.gif,sna,"18 october, 2006;
residence: zimbabwe 20 years, usa 10 years"
600,3,somali,,borama,,somalia,50,female,10,usa,5,academic,somali3.mp3,somali3.gif,borama.gif,som,2006-10-01
601,1,amazigh,tamajeq,tata,,morocco,37,male,32,usa,7,academic,amazigh1.mp3,amazigh1.gif,tata.gif,thz,"a type of berber language.
october 2006"
602,12,cantonese,chinese,macau,,china,20,female,4,canada,2.3,academic,cantonese12.mp3,cantonese12.gif,macau.gif,yue,nov 1 2006
603,2,mende,,freetown,,sierra leone,21,female,2,"sierra leone, usa",21,naturalistic,mende2.mp3,mende2.gif,freetown.gif,men,"31 october, 2006
residence:  19 yrs sierra leone; 2 years usa"
604,185,english,,oxford,,uk,38,male,0,canada,36,naturalistic,english185.mp3,notyet.gif,oxford.gif,eng,"3 november 2006.
residence:  first 2 years in oxford only.  36 years in toronto."
605,186,english,,gadsden,alabama,usa,39,female,0,usa,39,naturalistic,english186.mp3,notyet.gif,gadsden.gif,eng,2006-11-05
606,187,english,,algona,iowa,usa,42,female,0,usa,42,naturalistic,english187.mp3,notyet.gif,algona.gif,eng,2006-11-05
607,11,mandarin,chinese,kao-hsiung,,taiwan,53,female,13,usa,33,academic,mandarin11.mp3,mandarin11.gif,kaohsiung.gif,cmn,2006-11-08
608,12,korean,,sokcho,,south korea,31,male,31,usa,1,academic,korean12.mp3,korean12.gif,sokcho.gif,kor,2006-11-08
609,14,russian,,pskov,,russia,33,male,18,usa,6,academic,russian14.mp3,russian14.gif,pskov.gif,rus,2006-11-08
610,4,gujarati,,ahmedabad,,india,53,female,16,usa,22,academic,gujarati4.mp3,gujarati4.gif,ahmedabad.gif,guj,2006-11-08
611,188,english,,edinburgh,scotland,uk,35,male,0,uk,35,naturalistic,english188.mp3,notyet.gif,edinburgh.gif,eng,2006-11-10
612,5,thai,,bangkok,,thailand,25,male,10,,0,academic,thai5.mp3,thai5.gif,bangkok.gif,tha,2006-11-13
614,39,spanish,,pamplona,,spain,20,male,3,,0,academic,spanish39.mp3,spanish39.gif,pamplona.gif,spa,"16 november, 2006"
615,15,portuguese,,sao paulo,,brazil,54,male,9,usa,1.5,academic,portuguese15.mp3,portuguese15.gif,saopaulo.gif,por,2006-11-16
616,9,german,,wuppertal,,germany,22,male,8,usa,0.2,academic,german9.mp3,german9.gif,wuppertal.gif,deu,2006-11-22
617,189,english,,grand forks,north dakota,usa,19,male,0,usa,19,naturalistic,english189.mp3,notyet.gif,grandforks.gif,eng,2006-11-27
618,190,english,,oak park,illinois,usa,27,male,0,usa,28,naturalistic,english190.mp3,notyet.gif,oakpark.gif,eng,2006-11-28
619,9,italian,,turin,,italy,18,male,8,usa,0.1,academic,italian9.mp3,italian9.gif,turin.gif,ita,2006-11-25
620,6,swedish,,goteborg,,sweden,26,male,7,,0,academic,swedish6.mp3,swedish6.gif,goteborg.gif,swe,2006-11-28
621,5,greek,,nicosia,,cyprus,51,male,25,usa,29,academic,greek5.mp3,greek5.gif,nicosia.gif,ell,2006-11-28
622,5,bengali,,dhaka,,bangladesh,40,female,5,usa,15,academic,bengali5.mp3,bengali5.gif,dhaka.gif,ben,2006-11-29
623,12,mandarin,chinese,singapore,,singapore,23,male,1,"singapore, uk",23,naturalistic,mandarin12.mp3,mandarin12.gif,singapore.gif,cmn,"2 december 2006.
residence:  20 years singapore,  3 years london."
624,6,bengali,,jamshedpur,jharkhand,india,29,male,4,uk,2,naturalistic,bengali6.mp3,bengali6.gif,jamshedpur.gif,ben,2006-12-05
625,19,arabic,,khouribga,,morocco,43,male,18,usa,8,academic,arabic19.mp3,arabic19.gif,khouribga.gif,ary,2006-12-06
626,6,polish,,torun,,poland,26,female,8,usa,2,academic,polish6.mp3,polish6.gif,torun.gif,pol,2006-12-01
627,10,italian,,palermo,,italy,48,male,12,usa,25,academic,italian10.mp3,italian10.gif,palermo.gif,ita,2006-12-01
628,13,french,,bordeaux,,france,19,male,12,,0,academic,french13.mp3,french13.gif,bordeaux.gif,fra,2006-12-07
629,14,french,,paris,,france,23,female,14,usa,1,academic,french14.mp3,french14.gif,paris.gif,fra,2006-12-12
630,7,swedish,,sollentuna,,sweden,21,female,11,"uk, canada",1,academic,swedish7.mp3,swedish7.gif,sollentuna.gif,swe,"19 december 2006;
residence:  8 months uk,  4 months canada"
631,191,english,,las cruces,new mexico,usa,19,male,0,usa,19,naturalistic,english191.mp3,notyet.gif,lascruces.gif,eng,"19 december, 2006.
parents are thai-chinese and spoke thai early on."
632,16,portuguese,,porto alegre,,brazil,25,male,15,scotland,2.5,academic,portuguese16.mp3,portuguese16.gif,portoalegre.gif,por,"19 december, 2006"
633,15,french,,sens,,france,32,male,12,,0,academic,french15.mp3,french15.gif,sens.gif,fra,2006-12-25
634,11,turkish,,kocaeli,,turkey,24,female,23,usa,1,academic,turkish11.mp3,turkish11.gif,kocaeli.gif,tur,2006-12-25
635,10,german,,darmstadt,,germany,24,male,10,uk,0.1,academic,german10.mp3,german10.gif,darmstadt.gif,deu,"10 january, 2007"
636,192,english,,east lansing,michigan,usa,27,female,0,usa,27,naturalistic,english192.mp3,notyet.gif,eastlansing.gif,eng,"18 january, 2007"
637,193,english,,honolulu,hawaii,usa,32,male,0,usa,32,naturalistic,english193.mp3,notyet.gif,honolulu.gif,eng,2007-01-18
638,194,english,,manchester,england,uk,19,male,0,uk,19,naturalistic,english194.mp3,notyet.gif,manchester.gif,eng,2007-01-20
639,195,english,,delavan,wisconsin,usa,21,female,0,usa,21,naturalistic,english195.mp3,notyet.gif,delavan.gif,eng,"18 january 2007
also considers asl a native language"
640,11,german,,frankfurt,,germany,20,female,11,,0,academic,german11.mp3,german11.gif,frankfurt.gif,deu,2007-02-17
641,11,italian,,cagliari,,italy,30,male,18,uk,0.25,academic,italian11.mp3,italian11.gif,cagliari.gif,ita,2007-02-18
642,2,dari,eastern farsi,kabul,,afghanistan,55,male,12,usa,35,academic,dari2.mp3,dari2.gif,kabul.gif,prs,
643,20,arabic,,chtaura,beqa valley,lebanon,36,male,12,usa,1,academic,arabic20.mp3,arabic20.gif,chtaura.gif,apc,2007-02-21
644,40,spanish,,cartago,,costa rica,20,male,6,,0,academic,spanish40.mp3,spanish40.gif,cartago.gif,spa,2007-02-18
645,1,slovenian,,slovenj gradec,,slovenia,25,female,6,usa,1.5,academic,slovenian1.mp3,slovenian1.gif,slovenjgradec.gif,slv,2007-03-01
646,3,uzbek,,tashkent,,uzbekistan,40,male,8,usa,8,academic,uzbek3.mp3,uzbek3.gif,tashkent.gif,uzn,2007-03-01
647,15,russian,,ayaguz,,kazakhstan,34,female,12,"canada, usa",6,academic,russian15.mp3,russian15.gif,ayaguz.gif,rus,"1 march 2007
residence:  moved to belarus at age 8
3 years canada, 3 years usa"
648,16,russian,,minsk,,belarus,35,male,11,"uk, usa",6,academic,russian16.mp3,russian16.gif,minsk.gif,rus,"1 march 2007
residence:  3 years uk, 3 years usa"
649,1,ukrainian,,kyiv,,ukraine,26,male,17,usa,0.2,academic,ukrainian1.mp3,ukrainian1.gif,kyiv.gif,ukr,2007-03-01
650,2,belarusan,,minsk,,belarus,43,female,12,usa,5,academic,belarusan2.mp3,belarusan2.gif,minsk.gif,bel,2007-03-01
651,12,german,,feldkirch,,austria,29,female,14,usa,5,academic,german12.mp3,german12.gif,feldkirch.gif,deu,2007-03-01
652,13,german,,eschen,,liechtenstein,54,female,13,"usa, australia, south africa",19,academic,german13.mp3,german13.gif,eschen.gif,deu,"1 march 2007
residence: 16.5 years usa, 2 years australia, 0.5 years s. africa"
653,3,czech,,nachod,,czech republic,35,male,14,usa,5.75,academic,czech3.mp3,czech3.gif,nachod.gif,ces,2007-03-03
654,196,english,,suva,,fiji,50,female,0,"fiji, usa",50,naturalistic,english196.mp3,notyet.gif,suva.gif,eng,"6 march 2007
reisdence:  fiji 49 years,  usa 1 year"
655,1,fijian,,savusavu,vanua levu,fiji,35,male,5,"fiji, usa",35,naturalistic,fijian1.mp3,fijian1.gif,savusavu.gif,fij,"6 march 2007
residence: 32 years fiji; 3 years usa"
656,2,fijian,,suva,,fiji,39,female,6,"fiji, usa",39,academic,fijian2.mp3,fijian2.gif,suva.gif,fij,"6 march 2007
residence: fiji 33 years; usa 6 years"
657,3,fijian,,suva,,fiji,48,female,6,"fiji, usa, new zealand",48,academic,fijian3.mp3,fijian3.gif,suva.gif,fij,"6 march 2007
residence: 45 years fiji; 2 years usa; 1 year new zealand"
658,16,french,,montreal,quebec,canada,19,female,7,canada,19,academic,french16.mp3,french16.gif,montreal.gif,fra,2007-03-04
659,1,rotuman,,vatukoula,,fiji,43,female,5,"new zealand, fiji, usa",43,"academic, naturalistic",rotuman1.mp3,rotuman1.gif,vatukoula.gif,rtm,"4 march 2007
residence: fiji 16 years, neew zealand 25 years, usa 2 years"
660,2,rotuman,,rotuma,rotuma,fiji,52,male,7,"new zealand, fiji, usa",52,academic,rotuman2.mp3,rotuman2.gif,rotuma.gif,rtm,"4 march 2007
residence: new zealand 30 years, fiji 10 years, 
usa 1 year"
661,3,croatian,,split,,croatia,44,female,10,"new zealand, usa",0,academic,croatian3.mp3,croatian3.gif,split.gif,hrv,"6 march 2007
residence: new zealand 5 years; usa 2.5 years"
662,197,english,,iowa city,iowa,usa,22,male,0,usa,22,naturalistic,english197.mp3,notyet.gif,iowacity.gif,eng,2007-03-08
663,198,english,,washington,district of columbia,usa,56,male,0,usa,56,naturalistic,english198.mp3,notyet.gif,washington.gif,eng,2007-03-12
664,199,english,,bay shore,new york,usa,25,male,0,usa,25,naturalistic,english199.mp3,notyet.gif,bayshore.gif,eng,2007-03-12
665,2,icelandic,,akranes,,iceland,43,female,12,usa,5,academic,icelandic2.mp3,icelandic2.gif,akranes.gif,isl,2007-03-12
667,200,english,,berkeley,california,usa,22,female,0,usa,22,naturalistic,english200.mp3,notyet.gif,berkeley.gif,eng,2007-03-17
668,201,english,,warren,michigan,usa,26,female,0,usa,26,naturalistic,english201.mp3,notyet.gif,warren.gif,eng,"15 march 2007
spoke polish at home as a child"
669,2,kurdish,kurdi,hawler,kurdistan,iraq,50,male,10,usa,20,academic,kurdish2.mp3,kurdish2.gif,hawler.gif,ckb,2007-03-15
670,21,arabic,,beirut,,lebanon,46,female,30,usa,13,naturalistic,arabic21.mp3,arabic21.gif,beirut.gif,apc,"15 march 2007.
born in beirut, grew up in aleppo, syria"
671,17,russian,,pskov,,russia,37,male,18,usa,2,academic,russian17.mp3,russian17.gif,pskov.gif,rus,2007-03-15
672,12,turkish,,giresun,,turkey,25,male,20,usa,0.5,academic,turkish12.mp3,turkish12.gif,giresun.gif,tur,2007-03-15
673,202,english,,crisfield,maryland,usa,19,male,0,usa,19,naturalistic,english202.mp3,notyet.gif,crisfield.gif,eng,2007-03-23
674,203,english,,boston,massachusetts,usa,63,female,0,usa,31,naturalistic,english203.mp3,notyet.gif,boston.gif,eng,"25 march 2007.
lived in europe for 32 years"
675,14,german,,vienna,,austria,30,female,10,usa,0.25,academic,german14.mp3,german14.gif,vienna.gif,deu,2007-03-25
676,15,german,,innsbruck,,austria,35,male,11,usa,8,academic,german15.mp3,german15.gif,innsbruck.gif,deu,2007-03-25
677,5,tagalog,,tarlac city,,philippines,42,female,5,"philippines, usa, australia",42,naturalistic,tagalog5.mp3,tagalog5.gif,tarlaccity.gif,tgl,"25 march 2007.
residence: 23 years philippines; 15 years in usa, 4 years australia"
678,204,english,,chicago,illinois,usa,53,male,0,usa,49,naturalistic,english204.mp3,notyet.gif,chicago.gif,eng,2007-03-26
679,205,english,,blue earth,minnesota,usa,45,female,0,usa,45,naturalistic,english205.mp3,notyet.gif,blueearth.gif,eng,2007-03-27
680,206,english,,hucknall,"nottinghamshire, england",uk,35,female,0,uk,35,naturalistic,english206.mp3,notyet.gif,hucknall.gif,eng,2007-04-01
681,12,italian,,bellinzona,,switzerland,38,female,14,"zimbabwe, usa",6.5,academic,italian12.mp3,italian12.gif,bellinzona.gif,ita,"2 april 2007
residence: zimbabwe 4 years, usa 2.5 years"
682,2,swiss german,,winterthur,,switzerland,42,female,14,"south africa, usa",6.5,academic,swissgerman2.mp3,swissgerman2.gif,winterthur.gif,gsw,"2 april 2005
residence: south africa 5 years, us 1.5 years"
683,17,french,,fribourg,,switzerland,39,male,14,usa,5,academic,french17.mp3,french17.gif,fribourg.gif,fra,2007-04-02
684,207,english,,wilkes-barre,pennsylvania,usa,23,female,0,usa,23,naturalistic,english207.mp3,notyet.gif,wilkesbarre.gif,eng,2007-04-03
685,13,mandarin,chinese,nantou,,taiwan,29,male,13,,0,academic,mandarin13.mp3,mandarin13.gif,nantou.gif,cmn,2007-04-04
686,13,turkish,,istanbul,,turkey,18,female,3,usa,15,naturalistic,turkish13.mp3,turkish13.gif,istanbul.gif,tur,"6 april, 2007.
spoke turkish with parents up to age 3.  then moved to florida."
687,1,bavarian,,erding,bavaria,germany,54,female,10,"usa, uk",17,academic,bavarian1.mp3,bavarian1.gif,erding.gif,bar,5 april 2007.  residence: 1 year uk; 16 years usa
688,5,romanian,,bucharest,,romania,47,female,12,usa,4,academic,romanian5.mp3,romanian5.gif,bucharest.gif,ron,2007-04-05
689,6,romanian,,bucharest,,romania,35,male,12,usa,1,academic,romanian6.mp3,romanian6.gif,bucharest.gif,ron,"5 april 2007.
residence: 4.5 years in belgium (nato english)
1 year usa"
690,8,romanian,,bucharest,,romania,47,male,12,usa,6,academic,romanian8.mp3,romanian8.gif,bucharest.gif,ron,5 april 2007. spent 4 years in netherlands speaking english
691,9,romanian,,bacau,,romania,28,female,10,usa,2.5,academic,romanian9.mp3,romanian9.gif,bacau.gif,ron,2007-04-05
692,10,romanian,,bucharest,,romania,27,female,11,usa,2,academic,romanian10.mp3,romanian10.gif,bucharest.gif,ron,2007-04-05
693,11,romanian,,buzau,,romania,39,male,14,usa,1.5,academic,romanian11.mp3,romanian11.gif,buzau.gif,ron,2007-04-05
694,7,romanian,,bucharest,,romania,33,male,11,usa,4,academic,romanian7.mp3,romanian7.gif,bucharest.gif,ron,2007-04-05
695,208,english,,washington,dc,usa,46,male,0,usa,29,naturalistic,english208.mp3,notyet.gif,washington.gif,eng,grew up in europe and middle east for 17 years.
696,1,pashto,,kabul,kandahar,afghanistan,47,female,12,usa,28,academic,pashto1.mp3,pashto1.gif,kabul.gif,pbt,2007-04-09
697,5,norwegian,,oslo,,norway,41,female,9,usa,0.5,academic,norwegian5.mp3,norwegian5.gif,oslo.gif,nor,2007-04-10
698,6,thai,,sukhothai,,thailand,27,male,11,usa,1,academic,thai6.mp3,thai6.gif,sukhothai.gif,tha,2007-04-11
699,3,finnish,,helsinki,,finland,20,female,7,usa,0.2,academic,finnish3.mp3,finnish3.gif,helsinki.gif,fin,2007-04-12
700,4,finnish,,helsinki,,finland,30,female,9,"uk, usa",3,academic,finnish4.mp3,finnish4.gif,helsinki.gif,fin,"12 april 2007
residence:  3 years london; 3 weeks usa"
701,8,swedish,,helsinki,,finland,22,female,10,usa,0.1,academic,swedish8.mp3,swedish8.gif,helsinki.gif,swe,2007-04-12
702,209,english,,saint johns,,antigua and barbuda,28,female,0,"antigua and barbuda, usa",28,naturalistic,english209.mp3,notyet.gif,saintjohns.gif,eng,"12 april 2007;
may speak antigua and barbuda english creole natively."
703,1,sesotho,sotho,maseru,,lesotho,52,female,6,"lesotho, usa",49,academic,sesotho1.mp3,sesotho1.gif,maseru.gif,sot,2007-04-12
704,4,serbian,,velika plana,,serbia,27,male,15,,0,academic,serbian4.mp3,serbian4.gif,velikaplana.gif,srp,2007-04-19
705,210,english,,trenton,nova scotia,canada,23,female,0,canada,23,naturalistic,english210.mp3,notyet.gif,trenton.gif,eng,2007-04-24
706,41,spanish,,bonao,,dominican republic,25,male,6,usa,23,naturalistic,spanish41.mp3,spanish41.gif,bonao.gif,spa,2007-04-20
707,1,newari,newar,kathmandu,,nepal,29,male,5,usa,5.5,naturalistic,newari1.mp3,newari1.gif,kathmandu.gif,new,2007-04-20
708,1,chittagonian,,chittagong,,bangladesh,39,male,12,usa,9,academic,chittagonian1.mp3,chittagonian1.gif,chittagong.gif,cit,"23 april, 2007"
709,8,bengali,,noakhali,,bangladesh,54,male,5,usa,9,academic,bengali8.mp3,bengali8.gif,noakhali.gif,ben,2007-04-23
710,7,bengali,,mymensingh,,bangladesh,49,male,6,usa,5.5,academic,bengali7.mp3,bengali7.gif,mymensingh.gif,ben,"23 april 2007.
also lived 7.5 years in new delhi india"
711,1,sylheti,,sylhet,,bangladesh,54,male,17,usa,20,academic,sylheti1.mp3,sylheti1.gif,sylhet.gif,syl,2007-04-23
712,42,spanish,,bogota,,colombia,80,female,18,usa,20,academic,spanish42.mp3,spanish42.gif,bogota.gif,spa,2007-04-26
713,3,georgian,,tbilisi,,republic of georgia,29,male,6,usa,3,academic,georgian3.mp3,georgian3.gif,tbilisi.gif,kat,2007-05-01
714,43,spanish,,santiago-dr,,dominican republic,43,male,16,usa,22,academic,spanish43.mp3,spanish43.gif,santiagodr.gif,spa,2007-05-01
715,45,spanish,,santiago-dr,,dominican republic,47,female,12,usa,2,academic,spanish45.mp3,spanish45.gif,santiagodr.gif,spa,2007-05-01
716,44,spanish,,la romana,,dominican republic,37,female,4,usa,11.5,academic,spanish44.mp3,spanish44.gif,laromana.gif,spa,2007-05-01
717,46,spanish,,santo domingo,,dominican republic,33,male,14,usa,10,academic,spanish46.mp3,spanish46.gif,santodomingo.gif,spa,2007-05-01
718,47,spanish,,santo domingo,,dominican republic,25,female,12,usa,2.5,academic,spanish47.mp3,spanish47.gif,santodomingo.gif,spa,2007-05-01
719,14,mandarin,chinese,dalian,liaoning,china,49,male,20,usa,21,academic,mandarin14.mp3,mandarin14.gif,dalian.gif,cmn,2007-04-16
720,211,english,,worcester,massachusetts,usa,30,male,0,usa,30,naturalistic,english211.mp3,notyet.gif,worcester.gif,eng,2007-05-05
721,4,georgian,,tbilisi,,republic of georgia,28,male,12,usa,3,academic,georgian4.mp3,georgian4.gif,tbilisi.gif,kat,2007-05-02
722,5,serbian,,belgrade,,serbia,35,male,6,usa,1.8,academic,serbian5.mp3,serbian5.gif,belgrade.gif,srp,2007-05-07
723,6,serbian,,kraljevo,,serbia,33,male,12,usa,2,academic,serbian6.mp3,serbian6.gif,kraljevo.gif,srp,2007-05-07
724,7,serbian,,belgrade,,serbia,31,female,7,usa,2,academic,serbian7.mp3,serbian7.gif,belgrade.gif,srp,2007-05-07
725,9,serbian,,kragujevac,,serbia,31,female,9,usa,3.5,academic,serbian9.mp3,serbian9.gif,kragujevac.gif,srp,2007-05-07
726,8,serbian,,kraljevo,,serbia,44,male,20,usa,0.75,academic,serbian8.mp3,serbian8.gif,kraljevo.gif,srp,2007-05-07
727,10,serbian,,belgrade,,serbia,25,male,7,"australia, usa",1.5,naturalistic,serbian10.mp3,serbian10.gif,belgrade.gif,srp,"7 may 2007
residence: 5 years at american school in guinea; 10 months in australia, 9 months in usa"
728,7,polish,,przemet,,poland,20,male,6,,0,academic,polish7.mp3,polish7.gif,przemet.gif,pol,2007-05-07
729,212,english,,spartanburg,south carolina,usa,24,male,0,usa,24,naturalistic,english212.mp3,notyet.gif,spartanburg.gif,eng,2007-05-09
730,13,cantonese,chinese,hong kong,,china,21,female,3,,0,academic,cantonese13.mp3,cantonese13.gif,hongkong.gif,yue,2007-05-13
731,48,spanish,,bilbao,,spain,21,male,6,,0,academic,spanish48.mp3,spanish48.gif,bilbao.gif,spa,"13 may, 2007"
732,49,spanish,,tandil,,argentina,31,male,6,,0,academic,spanish49.mp3,spanish49.gif,tandil.gif,spa,2007-05-16
733,13,italian,,enna,,italy,20,male,8,,0,academic,italian13.mp3,italian13.gif,enna.gif,ita,"22 may, 2007"
734,213,english,,dodge city,kansas,usa,38,male,0,usa,38,naturalistic,english213.mp3,notyet.gif,dodgecity.gif,eng,2007-05-26
735,14,turkish,,istanbul,,turkey,23,female,6,usa,0.5,academic,turkish14.mp3,turkish14.gif,istanbul.gif,tur,2007-05-26
736,15,turkish,,ankara,,turkey,18,male,10,usa,0.75,academic,turkish15.mp3,turkish15.gif,ankara.gif,tur,2007-05-30
737,214,english,,myrtle beach,south carolina,usa,26,male,0,usa,26,naturalistic,english214.mp3,notyet.gif,myrtlebeach.gif,eng,"31 may 2007;
born in sc, lived first 15 years in houston tx."
738,215,english,,lemington spa,warwickshire,uk,20,male,0,"uk, ireland, usa",20,naturalistic,english215.mp3,notyet.gif,lemingtonspa.gif,eng,2007-06-05
739,216,english,,chicago,illinois,usa,48,female,0,usa,48,naturalistic,english216.mp3,notyet.gif,chicago.gif,eng,2007-06-09
740,217,english,,harrow,middlesex,uk,66,male,0,"uk, usa",66,naturalistic,english217.mp3,notyet.gif,harrow.gif,eng,"11 june 2007.
residence:  26 years uk, 40 years usa"
741,18,french,,washington,dc,usa,22,male,6,uk,0.3,academic,french18.mp3,french18.gif,washington.gif,fra,"11 june 2007
residence:  born in DC, only spoke french.  moved to martinique at age 3."
742,14,cantonese,chinese,hong kong,,china,19,female,3,uk,0.5,academic,cantonese14.mp3,cantonese14.gif,hongkong.gif,yue,2007-06-12
743,4,dutch,,bilzen,flanders,belgium,18,male,10,,0,academic,dutch4.mp3,dutch4.gif,bilzen.gif,nld,2007-06-18
744,11,serbian,,belgrade,,serbia,26,male,14,canada,12,naturalistic,serbian11.mp3,serbian11.gif,belgrade.gif,srp,2007-06-22
745,16,turkish,,kars,,turkey,25,male,12,uk,0.75,academic,turkish16.mp3,turkish16.gif,kars.gif,tur,2007-06-15
746,15,mandarin,chinese,tainan,,taiwan,28,female,11,"new zealand, usa, uk",4,academic,mandarin15.mp3,mandarin15.gif,tainan.gif,cmn,2007-06-27
747,218,english,,abingdon,virginia,usa,27,female,0,usa,27,naturalistic,english218.mp3,notyet.gif,abingdon.gif,eng,2007-06-15
748,219,english,,oakland,california,usa,38,female,0,usa,38,naturalistic,english219.mp3,notyet.gif,oakland.gif,eng,"25 june 2007.
raised in san luis obispo since age 4"
749,220,english,,anaheim,california,usa,18,female,0,usa,18,naturalistic,english220.mp3,notyet.gif,anaheim.gif,eng,2007-06-30
750,16,mandarin,chinese,taipei,,taiwan,32,male,10,usa,1.35,academic,mandarin16.mp3,mandarin16.gif,taipei.gif,cmn,2007-07-03
751,3,punjabi,panjabi,moga,punjab,india,19,male,6,usa,2,naturalistic,punjabi3.mp3,punjabi3.gif,moga.gif,pan,2007-06-01
752,50,spanish,,santo domingo,,dominican republic,27,male,15,usa,0.25,academic,spanish50.mp3,spanish50.gif,santodomingo.gif,spa,2007-06-01
753,51,spanish,,caguas,,puerto rico,20,male,6,usa,20,academic,spanish51.mp3,spanish51.gif,caguas.gif,spa,"june 2007.
residence: 20 years in p.r., 6 months in usa."
754,221,english,,london,,uk,45,male,0,"uk, australia, usa",45,naturalistic,english221.mp3,notyet.gif,london.gif,eng,"june 2007.
parents spoke yoruba at home"
755,19,french,,grenoble,,france,39,male,12,"canada, usa",12,academic,french19.mp3,french19.gif,grenoble.gif,fra,"june 2007.
7 years usa, 5 years canada."
756,2,yoruba,,ibadan,oyo,nigeria,40,female,2,"usa, uk",8.5,academic,yoruba2.mp3,yoruba2.gif,ibadan.gif,yor,"7 july 2007.
7 years usa, 1.5 years uk.
english is a national language of nigeria"
757,2,nepali,,kathmandu,,nepal,37,female,14,usa,4,academic,nepali2.mp3,nepali2.gif,kathmandu.gif,npi,2007-07-01
758,1,burmese,,yangon,,myanmar,35,female,11,usa,1.5,academic,burmese1.mp3,burmese1.gif,yangon.gif,mya,2007-07-01
759,13,korean,,pusan,,south korea,50,female,12,usa,19,academic,korean13.mp3,korean13.gif,pusan.gif,kor,2007-07-01
760,2,igbo,,kafanchan,,nigeria,65,male,14,uk,7,academic,igbo2.mp3,igbo2.gif,kafanchan.gif,ibo,"july 2007.
english is a national language of nigeria"
761,14,italian,,cosenza,,italy,20,male,8,uk,0.1,academic,italian14.mp3,italian14.gif,cosenza.gif,ita,2007-07-11
762,3,mongolian,khalkha mongol,ulaanbaatar,,mongolia,38,male,10,usa,0.66,academic,mongolian3.mp3,mongolian3.gif,ulaanbaatar.gif,khk,2007-07-01
763,17,turkish,,ankara,,turkey,31,male,6,usa,10,academic,turkish17.mp3,turkish17.gif,ankara.gif,tur,2007-06-11
764,222,english,,auburn,indiana,usa,18,female,0,usa,18,naturalistic,english222.mp3,notyet.gif,auburn.gif,eng,2007-07-08
765,4,hindi,hindi-urdu,bhilwara,rajisthan,india,28,female,14,usa,2,academic,hindi4.mp3,hindi4.gif,bhilwara.gif,hin,2007-07-11
766,3,yoruba,,lagos,,nigeria,46,female,5,usa,34,academic,yoruba3.mp3,yoruba3.gif,lagos.gif,yor,2007-07-01
767,223,english,,erie,pennsylvania,usa,18,male,0,usa,18,naturalistic,english223.mp3,notyet.gif,erie.gif,eng,2007-07-16
768,224,english,,bridgetown,,barbados,20,male,0,barbados,20,naturalistic,english224.mp3,notyet.gif,bridgetown.gif,eng,2007-07-22
769,8,polish,,otwock,,poland,20,male,11,,0,academic,polish8.mp3,polish8.gif,otwock.gif,pol,2007-07-26
770,5,dutch,,rotterdam,,netherlands,54,female,13,usa,11,academic,dutch5.mp3,dutch5.gif,rotterdam.gif,nld,2007-07-29
771,225,english,,dundee,scotland,uk,50,male,0,"scotland, usa",50,naturalistic,english225.mp3,notyet.gif,dundee.gif,eng,"june 2007.
residence: scotland 35, usa 15"
772,226,english,,walton-on-thames,surrey,uk,38,male,0,"uk, usa",38,naturalistic,english226.mp3,notyet.gif,waltononthames.gif,eng,"june 2007.
residence: uk 26, usa 12"
773,227,english,,camberley,surrey,uk,42,female,0,"uk, usa",42,naturalistic,english227.mp3,notyet.gif,camberley.gif,eng,"june 2007.
residence: uk 30, usa 12"
774,228,english,,glasgow,scotland,uk,59,female,0,"scotland, usa, sierra leone",59,naturalistic,english228.mp3,notyet.gif,glasgow.gif,eng,"june 2007.
residence: scotland (uk) 23, usa 30, sierra leone 5.   lived in edinburgh"
775,229,english,,burlington,vermont,usa,25,male,0,usa,25,naturalistic,english229.mp3,notyet.gif,burlington.gif,eng,30 july 2007.
776,230,english,,launceston,tasmania,australia,35,male,0,australia,35,naturalistic,english230.mp3,notyet.gif,launceston.gif,eng,1 august 2007.
777,52,spanish,,popayan,cauca,colombia,29,female,21,usa,3,academic,spanish52.mp3,spanish52.gif,popayan.gif,spa,2007-06-17
778,1,pulaar,,dakar,,senegal,53,female,12,"uk, usa",0.5,academic,pulaar1.mp3,pulaar1.gif,dakar.gif,fuc,2007-06-28
779,2,pulaar,,rufisque,,senegal,44,male,13,,0,academic,pulaar2.mp3,pulaar2.gif,rufisque.gif,fuc,2007-06-28
780,1,serer,serer sine,fatick,,senegal,39,male,18,,0,academic,serer1.mp3,serer1.gif,fatick.gif,srr,2007-06-28
781,3,wolof,,khombole,,senegal,52,female,14,,0,academic,wolof3.mp3,wolof3.gif,khombole.gif,wol,2007-07-04
782,4,wolof,,dagana,,senegal,56,female,12,usa,13,academic,wolof4.mp3,wolof4.gif,dagana.gif,wol,2007-07-04
783,5,wolof,,saint louis,,senegal,30,female,13,,0,academic,wolof5.mp3,wolof5.gif,saintlouis.gif,wol,2007-07-20
784,1,jola,djola,ziguinchor,,senegal,34,male,16,,0,academic,jola1.mp3,jola1.gif,ziguinchor.gif,dyo,2007-07-04
785,1,xasonga,khasonke,tambacounda,,senegal,35,female,15,,0,academic,xasonga1.mp3,xasonga1.gif,tambacounda.gif,kao,2007-07-09
786,3,pulaar,,dakar,,senegal,53,male,30,,0,academic,pulaar3.mp3,pulaar3.gif,dakar.gif,fuc,2007-07-09
787,4,bambara,bamanankan,goudiri,,senegal,26,male,14,,0,academic,bambara4.mp3,bambara4.gif,goudiri.gif,bam,2007-07-13
788,1,balanta ganja,balant,koussi,,senegal,24,male,12,,0,academic,balantaganja1.mp3,balantaganja1.gif,koussi.gif,bjt,2007-07-13
789,1,mandinka,mandingue,ziguinchor,,senegal,23,male,12,,0,academic,mandinka1.mp3,mandinka1.gif,ziguinchor.gif,mnk,2007-07-13
790,1,mankanya,mancagne,goudomp,,senegal,27,male,15,,0,academic,mankanya1.mp3,mankanya1.gif,goudomp.gif,knf,2007-07-13
791,231,english,,tampa,florida,usa,22,male,0,usa,22,naturalistic,english231.mp3,notyet.gif,tampa.gif,eng,2007-08-01
792,2,pashto,,kabul,kandahar,afghanistan,26,female,26,usa,0.75,academic,pashto2.mp3,pashto2.gif,kabul.gif,pbt,2007-07-31
793,233,english,,edmonton,alberta,canada,26,female,0,canada,26,naturalistic,english233.mp3,notyet.gif,edmonton.gif,eng,2007-08-07
794,234,english,,bloomington,indiana,usa,49,male,0,usa,49,naturalistic,english234.mp3,notyet.gif,bloomington.gif,eng,2007-08-08
795,235,english,,richmond,virginia,usa,52,female,0,usa,52,naturalistic,english235.mp3,notyet.gif,richmond.gif,eng,2007-08-08
796,17,mandarin,chinese,wuhan,hubei,china,26,male,13,canada,2,academic,mandarin17.mp3,mandarin17.gif,wuhan.gif,cmn,2007-08-10
797,53,spanish,,bogota,,colombia,33,male,6,usa,1.2,academic,spanish53.mp3,spanish53.gif,bogota.gif,spa,2007-08-09
798,232,english,,metairie,louisiana,usa,32,female,0,usa,32,naturalistic,english232.mp3,notyet.gif,metairie.gif,eng,2007-08-24
799,236,english,,st. charles,illinois,usa,44,male,0,usa,34,naturalistic,english236.mp3,notyet.gif,stcharles.gif,eng,2007-08-24
800,54,spanish,,vina del mar,,chile,25,male,18,usa,1,academic,spanish54.mp3,spanish54.gif,vinadelmar.gif,spa,2007-08-30
801,237,english,,jeffersonville,ohio,usa,22,female,0,usa,22,naturalistic,english237.mp3,notyet.gif,jeffersonville.gif,eng,"30 august, 2007"
802,238,english,,vancouver,british columbia,canada,21,female,0,canada,21,naturalistic,english238.mp3,notyet.gif,vancouver.gif,eng,2007-09-04
803,239,english,,fort kobbe,,panama,19,male,0,usa,18,naturalistic,english239.mp3,notyet.gif,fortkobbe.gif,eng,"14 september, 2007"
804,20,french,,alma,quebec,canada,23,male,12,uk,2,academic,french20.mp3,french20.gif,alma.gif,fra,"17 september, 2007"
805,6,tagalog,,quezon city,,philippines,20,male,4,philippines,20,academic,tagalog6.mp3,tagalog6.gif,quezoncity.gif,tgl,17 sept. 2007
806,17,portuguese,,salinas,,brazil,18,male,15,usa,3,naturalistic,portuguese17.mp3,portuguese17.gif,salinas.gif,por,"19 september, 2007"
807,3,nepali,,dharan,,nepal,36,male,4,usa,10,academic,nepali3.mp3,nepali3.gif,dharan.gif,npi,2007-09-19
808,3,bosnian,,sarajevo,,bosnia and herzegovina,25,female,12,usa,1.5,academic,bosnian3.mp3,bosnian3.gif,sarajevo.gif,bos,2007-09-19
809,3,kurdish,kurdi,sulaymaniyah,,iraq,33,female,12,usa,10,academic,kurdish3.mp3,kurdish3.gif,sulaymaniyah.gif,ckb,2007-09-19
810,55,spanish,,tandil,,argentina,36,male,9,usa,3.2,academic,spanish55.mp3,spanish55.gif,tandil.gif,spa,"21 september, 2007"
811,21,french,,amiens,,france,20,male,9,uk,0.5,academic,french21.mp3,french21.gif,amiens.gif,fra,2007-09-25
812,18,portuguese,,almada,,portugal,50,female,12,usa,10,academic,portuguese18.mp3,portuguese18.gif,almada.gif,por,2007-09-20
813,6,greek,,igoumenitsa,,greece,62,female,12,usa,44,academic,greek6.mp3,greek6.gif,igoumenitsa.gif,ell,2007-09-22
814,3,icelandic,,reykjavik,,iceland,36,female,20,usa,7,naturalistic,icelandic3.mp3,icelandic3.gif,reykjavik.gif,isl,2007-09-22
815,240,english,,guelph,ontario,canada,26,male,0,canada,26,naturalistic,english240.mp3,notyet.gif,guelph.gif,eng,"3 october, 2007"
816,4,lithuanian,,klaipeda,,lithuania,23,female,12,,0,academic,lithuanian4.mp3,lithuanian4.gif,klaipeda.gif,lit,"9 october, 2007"
817,241,english,,wanganui,,new zealand,52,female,0,new zealand,29,naturalistic,english241.mp3,notyet.gif,wanganui.gif,eng,"10 october, 2007.  residence: lived most of life in portugal and hong kong."
818,242,english,,laurel,mississippi,usa,77,female,0,usa,77,naturalistic,english242.mp3,notyet.gif,laurel.gif,eng,2007-10-13
819,1,vlaams,flemish,tervuren,,belgium,24,male,7,,0,naturalistic,vlaams1.mp3,vlaams1.gif,tervuren.gif,vls,2007-10-20
820,243,english,,fredericton,new brunswick,canada,27,male,0,canada,27,naturalistic,english243.mp3,notyet.gif,fredericton.gif,eng,"22 october, 2007"
821,244,english,,san francisco,california,usa,23,male,0,usa,13,naturalistic,english244.mp3,notyet.gif,sanfrancisco.gif,eng,"23 october, 2007"
822,22,french,,ghent,,belgium,78,female,16,usa,18,academic,french22.mp3,french22.gif,ghent.gif,fra,2007-11-12
823,23,french,,ghent,,belgium,76,female,16,,0,academic,french23.mp3,french23.gif,ghent.gif,fra,2007-11-12
824,245,english,,pittsburgh,pennsylvania,usa,25,male,0,usa,22,naturalistic,english245.mp3,notyet.gif,pittsburgh.gif,eng,2007-11-17
825,246,english,,los angeles,california,usa,32,male,0,usa,32,naturalistic,english246.mp3,notyet.gif,losangeles.gif,eng,2007-11-24
826,2,uyghur,,kashgar,,china,34,female,32,usa,2,naturalistic,uyghur2.mp3,uyghur2.gif,kashgar.gif,uig,2007-11-25
827,10,japanese,,hakodate,,japan,26,female,12,usa,4,academic,japanese10.mp3,japanese10.gif,hakodate.gif,jpn,2007-11-25
828,6,taiwanese,chinese,tai chung,,taiwan,33,female,13,usa,2.5,academic,taiwanese6.mp3,taiwanese6.gif,taichung.gif,nan,2007-11-28
829,19,portuguese,,florianopolis,,brazil,32,male,4,"brazil, canada, usa",32,naturalistic,portuguese19.mp3,portuguese19.gif,florianopolis.gif,por,"10 december 2007.
subject lives in a neofranciscan colony in florianopolis.  english is spoken there.  many southern english varieties also.  canada and usa for only 2 years."
830,4,nepali,,pokhara,,nepal,25,male,5,usa,2,academic,nepali4.mp3,nepali4.gif,pokhara.gif,npi,2007-12-14
831,18,russian,,komsomolsk-on-amur,,russia,23,male,13,usa,1,academic,russian18.mp3,russian18.gif,komsomolskonamur.gif,rus,2007-12-16
832,24,french,,mostaganem,,algeria,47,male,13,,0,academic,french24.mp3,french24.gif,mostaganem.gif,fra,2007-12-18
833,20,portuguese,,campinas,,brazil,21,male,10,,0,academic,portuguese20.mp3,portuguese20.gif,campinas.gif,por,2007-12-20
834,19,russian,,zhezkazgan,,kazakhstan,40,male,17,usa,7,academic,russian19.mp3,russian19.gif,zhezkazgan.gif,rus,2007-12-31
835,247,english,,prince rupert,british columbia,canada,33,male,0,canada,25,naturalistic,english247.mp3,notyet.gif,princerupert.gif,eng,8 january 2008;  living 8 years in japan
836,4,punjabi,panjabi,moga,,india,33,female,3,australia,3,academic,punjabi4.mp3,punjabi4.gif,moga.gif,pan,2008-01-12
837,3,marathi,,bombay,,india,31,male,2,australia,4,academic,marathi3.mp3,marathi3.gif,bombay.gif,mar,2008-01-12
838,56,spanish,,monterrey,,mexico,22,male,8,,0,academic,spanish56.mp3,spanish56.gif,monterrey.gif,spa,2008-01-12
839,15,italian,,forli,,italy,48,male,15,uk,6,academic,italian15.mp3,italian15.gif,forli.gif,ita,2008-01-12
840,248,english,,philadelphia,pennsylvania,usa,18,female,0,usa,18,naturalistic,english248.mp3,notyet.gif,philadelphia.gif,eng,"16 january 2008
some friends think she has a lisp"
841,9,polish,,ostroleka,,poland,23,female,15,usa,1,academic,polish9.mp3,polish9.gif,ostroleka.gif,pol,"18 january, 2008"
842,10,polish,,wolanow,,poland,30,female,15,usa,6,academic,polish10.mp3,polish10.gif,wolanow.gif,pol,"21 january, 2008"
843,11,polish,,warsaw,,poland,56,female,10,usa,5,academic,polish11.mp3,polish11.gif,warsaw.gif,pol,"23 january, 2008"
844,2,ukrainian,,akhtyrka,,ukraine,53,female,44,usa,10,academic,ukrainian2.mp3,ukrainian2.gif,akhtyrka.gif,ukr,2007-12-07
845,5,hindi,hindi-urdu,hubballi,karnataka,india,64,female,10,usa,40,academic,hindi5.mp3,hindi5.gif,hubballi.gif,hin,2008-01-18
846,5,hungarian,,budapest,,hungary,29,female,27,usa,2,academic,hungarian5.mp3,hungarian5.gif,budapest.gif,hun,"22 january, 2008"
847,6,dutch,,brussels,,belgium,46,female,10,usa,25,academic,dutch6.mp3,dutch6.gif,brussels.gif,nld,2008-01-22
848,8,bulgarian,,sofia,,bulgaria,31,female,8,usa,6,academic,bulgarian8.mp3,bulgarian8.gif,sofia.gif,bul,"18 january, 2008"
849,3,armenian,,yerevan,,armenia,54,female,12,usa,6,academic,armenian3.mp3,armenian3.gif,yerevan.gif,hye,2007-12-11
850,249,english,,boston,massachusetts,usa,29,female,0,usa,29,naturalistic,english249.mp3,notyet.gif,boston.gif,eng,"25 january, 2008"
851,4,yoruba,,lagos,,nigeria,46,male,12,"nigeria, usa",15,academic,yoruba4.mp3,yoruba4.gif,lagos.gif,yor,"3 february 2008
residence:  nigeria for 31 years"
852,250,english,,chester,england,uk,19,male,0,uk,19,naturalistic,english250.mp3,notyet.gif,chester.gif,eng,2008-02-08
853,3,swiss german,,muri,aargau,switzerland,30,male,13,"scotland, egnland, canada",0.5,academic,swissgerman3.mp3,swissgerman3.gif,muri.gif,gsw,"10 february 2008.
residence:  scotland 2 months, england 1 month, canada 3 months."
854,4,urdu,,kuwait city,,kuwait,29,male,4,usa,0.5,academic,urdu4.mp3,urdu4.gif,kuwaitcity.gif,urd,2008-02-11
855,251,english,,mt. kisco,new york,usa,21,male,0,usa,21,naturalistic,english251.mp3,notyet.gif,mtkisco.gif,eng,2008-02-16
856,252,english,,san jose ca,california,usa,25,female,0,usa,25,naturalistic,english252.mp3,notyet.gif,sanjoseca.gif,eng,2008-02-20
857,253,english,,dublin,,ireland,21,male,0,ireland,21,naturalistic,english253.mp3,notyet.gif,dublin.gif,eng,2008-02-24
858,254,english,,eugene,oregon,usa,39,male,0,usa,39,naturalistic,english254.mp3,notyet.gif,eugene.gif,eng,"26 february, 2008"
859,255,english,,oamaru,,new zealand,24,female,0,new zealand,24,naturalistic,english255.mp3,notyet.gif,oamaru.gif,eng,"26 february, 2008"
860,25,french,,st. louis fr,,france,20,male,12,uk,0.1,academic,french25.mp3,french25.gif,stlouisfr.gif,fra,2008-02-28
861,256,english,,laurinburg,north carolina,usa,23,male,0,usa,23,naturalistic,english256.mp3,notyet.gif,laurinburg.gif,eng,"4 march, 2008
residence:  currently in brooklyn, NY."
862,15,cantonese,chinese,qingyuan,guangdong,china,31,female,12,usa,5.5,academic,cantonese15.mp3,cantonese15.gif,qingyuan.gif,yue,"4 march 2008;
lived in Hakka speaking area as a child."
863,257,english,,san diego,california,usa,24,male,0,usa,24,naturalistic,english257.mp3,notyet.gif,sandiego.gif,eng,2008-03-05
864,3,ukrainian,,odessa,,ukraine,55,female,12,usa,14,academic,ukrainian3.mp3,ukrainian3.gif,odessa.gif,ukr,"22 february, 2008.
also considers herself native in russian"
865,12,romanian,,chisinau,,moldova,38,female,12,usa,7,academic,romanian12.mp3,romanian12.gif,chisinau.gif,ron,"22 february 2008
considers herself native in russian"
866,6,hindi,hindi-urdu,new delhi,,india,27,female,4,usa,1,academic,hindi6.mp3,hindi6.gif,newdelhi.gif,hin,"4 march, 2008"
867,7,hindi,hindi-urdu,allahabad,utter pardesh,india,60,female,5,usa,30,academic,hindi7.mp3,hindi7.gif,allahabad.gif,hin,"4 march, 2008"
868,4,albanian,,mitrovice,,kosovo,33,male,28,usa,5,academic,albanian4.mp3,albanian4.gif,mitrovice.gif,aln,2008-03-05
869,258,english,,kilkenny,,ireland,24,male,0,ireland,23,naturalistic,english258.mp3,notyet.gif,kilkenny.gif,eng,"8 march 2008. 
born in kilkenny but spent first 18 years in tipperary ireland"
870,259,english,,singapore,,singapore,23,male,0,singapore,23,naturalistic,english259.mp3,notyet.gif,singapore.gif,eng,2008-03-09
871,260,english,,phoenix,arizona,usa,18,female,0,usa,18,naturalistic,english260.mp3,notyet.gif,phoenix.gif,eng,2008-03-14
872,18,mandarin,chinese,taoyuan,,taiwan,29,female,13,,0,academic,mandarin18.mp3,mandarin18.gif,taoyuan.gif,cmn,2008-03-13
873,5,finnish,,victoria,british columbia,canada,30,male,5,canada,30,,finnish5.mp3,finnish5.gif,victoria.gif,fin,20 march 2008 parents spoke finish to him.  started english at age 5 in school.
874,16,cantonese,chinese,hong kong,,china,29,female,3,"usa, australia",4,academic,cantonese16.mp3,cantonese16.gif,hongkong.gif,yue,2008-03-24
875,261,english,,forestville,maryland,usa,59,female,0,usa,59,naturalistic,english261.mp3,notyet.gif,forestville.gif,eng,2008-04-06
876,262,english,,naylor,maryland,usa,60,male,0,usa,60,naturalistic,english262.mp3,notyet.gif,naylor.gif,eng,2008-04-06
877,5,kiswahili,swahili,tanga,,tanzania,56,female,4,"uganda, usa",8.5,naturalistic,kiswahili5.mp3,kiswahili5.gif,tanga.gif,swh,"27 march, 2008
residence: 5 years uganda, 3.5 years usa"
878,17,cantonese,chinese,hong kong,,china,26,female,3,"uk, usa",15,academic,cantonese17.mp3,cantonese17.gif,hongkong.gif,yue,"28 march 2008.
residence: 3 years uk, 12 years usa"
879,4,czech,,prague,,czech republic,57,female,15,usa,16,academic,czech4.mp3,czech4.gif,prague.gif,ces,2008-03-31
880,6,hungarian,,budapest,,hungary,38,female,14,"usa,uk",7,academic,hungarian6.mp3,hungarian6.gif,budapest.gif,hun,"3 april 2008.
residence 6 years in usa"
881,16,german,,bremen,,germany,31,female,11,"uk, usa",4,academic,german16.mp3,german16.gif,bremen.gif,deu,"4 april 2008.
residence:  2 years uk, 2 years usa"
882,17,german,,frankfurt,,germany,53,female,10,usa,8,academic,german17.mp3,german17.gif,frankfurt.gif,deu,4 april 2008.
883,12,polish,,warsaw,,poland,40,male,20,usa,6,naturalistic,polish12.mp3,polish12.gif,warsaw.gif,pol,2008-04-04
884,263,english,,oak forest,illinois,usa,21,male,0,usa,21,naturalistic,english263.mp3,notyet.gif,oakforest.gif,eng,"17 april 2008.
actually born in orange, ca.  but moved to oak forest when 8 months old."
885,18,cantonese,chinese,hong kong,,china,19,male,3,,0,academic,cantonese18.mp3,cantonese18.gif,hongkong.gif,yue,2008-04-19
886,57,spanish,,montevideo,,uruguay,33,male,11,"ireland, usa",6,academic,spanish57.mp3,spanish57.gif,montevideo.gif,spa,19 april 2008.
887,6,kiswahili,swahili,dar-es-salaam,,tanzania,32,female,8,usa,9,academic,kiswahili6.mp3,kiswahili6.gif,daressalaam.gif,swh,2008-04-23
888,2,macedonian,,stip,,macedonia,24,male,15,usa,2,academic,macedonian2.mp3,macedonian2.gif,stip.gif,mkd,2008-04-23
889,264,english,,freemont,california,usa,21,male,0,usa,21,naturalistic,english264.mp3,notyet.gif,freemont.gif,eng,2008-04-23
890,265,english,,vancouver wa,washington,usa,31,male,0,usa,27,naturalistic,english265.mp3,notyet.gif,vancouverwa.gif,eng,2008-04-24
891,21,portuguese,,sao paulo,,brazil,23,male,17,,0,academic,portuguese21.mp3,portuguese21.gif,saopaulo.gif,por,2008-04-26
892,14,korean,,kota kinabalu,,malaysia,22,female,8,usa,4,academic,korean14.mp3,korean14.gif,kotakinabalu.gif,kor,2008-04-27
893,18,german,,bad aussee,,austria,29,male,6,australia,7,academic,german18.mp3,german18.gif,badaussee.gif,deu,2008-04-29
894,12,serbian,,vranje,,serbia,25,female,11,usa,2,academic,serbian12.mp3,serbian12.gif,vranje.gif,srp,2008-04-28
895,7,dutch,,amsterdam,,netherlands,68,male,10,usa,4,academic,dutch7.mp3,dutch7.gif,amsterdam.gif,nld,2008-04-28
896,8,dutch,,alphen aan de ryn,,netherlands,35,female,12,usa,0.1,academic,dutch8.mp3,dutch8.gif,alphenaanderyn.gif,nld,2008-04-28
897,9,dutch,,almelo,,netherlands,68,female,12,usa,3,academic,dutch9.mp3,dutch9.gif,almelo.gif,nld,2008-04-28
898,7,thai,,phrae,,thailand,26,female,10,usa,2.8,academic,thai7.mp3,thai7.gif,phrae.gif,tha,2008-04-26
899,266,english,,san diego,california,usa,18,male,0,usa,18,,english266.mp3,notyet.gif,sandiego.gif,eng,2008-05-02
900,267,english,,leeds,,uk,66,male,0,uk,66,naturalistic,english267.mp3,notyet.gif,leeds.gif,eng,2008-04-30
901,268,english,,leeds,,uk,67,female,0,uk,67,naturalistic,english268.mp3,notyet.gif,leeds.gif,eng,2008-04-30
902,269,english,,adelaide,,australia,22,female,0,"australia, uk, usa",22,naturalistic,english269.mp3,notyet.gif,adelaide.gif,eng,2008-05-09
903,270,english,,cape town,,south africa,29,male,0,south africa,29,naturalistic,english270.mp3,notyet.gif,capetown.gif,eng,2008-05-09
904,271,english,,cape town,,south africa,32,female,0,south africa,32,naturalistic,english271.mp3,notyet.gif,capetown.gif,eng,2008-05-11
905,272,english,,dallas,texas,usa,20,male,0,usa,20,naturalistic,english272.mp3,notyet.gif,dallas.gif,eng,"13 may 2008.
residence: last 10 years living in minnesota."
906,58,spanish,,bogota,,colombia,31,male,18,usa,2,academic,spanish58.mp3,spanish58.gif,bogota.gif,spa,2008-05-22
907,273,english,,blue bell,pennsylvania,usa,46,male,0,usa,46,naturalistic,english273.mp3,notyet.gif,bluebell.gif,eng,2008-05-27
908,59,spanish,,mayaguez,,puerto rico,31,female,5,usa,26,naturalistic,spanish59.mp3,spanish59.gif,mayaguez.gif,spa,2008-05-29
909,274,english,,sydney,,australia,25,female,0,australia,25,naturalistic,english274.mp3,notyet.gif,sydney.gif,eng,"6 june, 2008"
910,8,hindi,hindi-urdu,imphal,,india,19,male,8,usa,0.75,academic,hindi8.mp3,hindi8.gif,imphal.gif,hin,2008-06-10
911,20,russian,,kostanai,,kazakhstan,28,female,17,,0,academic,russian20.mp3,russian20.gif,kostanai.gif,rus,2008-06-16
912,275,english,,clifton,new jersey,usa,20,female,0,usa,20,naturalistic,english275.mp3,notyet.gif,clifton.gif,eng,2008-06-19
913,10,dutch,flemish,essen,,belgium,39,male,12,,0,naturalistic,dutch10.mp3,dutch10.gif,essen.gif,nld,2008-06-23
914,1,hainanese,chinese,singapore,,singapore,45,male,7,australia,1,academic,hainanese1.mp3,hainanese1.gif,singapore.gif,nan,2008-06-23
915,60,spanish,,santiago-dr,,dominican republic,18,female,9,usa,10,naturalistic,spanish60.mp3,spanish60.gif,santiagodr.gif,spa,2008-06-23
916,19,mandarin,chinese,qinzhou,guangxi,china,27,male,13,australia,0.33,academic,mandarin19.mp3,mandarin19.gif,qinzhou.gif,cmn,2008-06-22
917,26,french,,montreal,quebec,canada,27,female,11,"usa, canada",4,naturalistic,french26.mp3,french26.gif,montreal.gif,fra,"3 july, 2008"
918,276,english,,chattanooga,tennessee,usa,50,female,0,usa,50,naturalistic,english276.mp3,notyet.gif,chattanooga.gif,eng,8 july 2008;   lived in atlanta for the last 25 years
919,277,english,,hudson,new york,usa,48,female,0,usa,42,naturalistic,english277.mp3,notyet.gif,hudson.gif,eng,7 july 2008;   lived in germany for 6 years
920,22,arabic,,abu dhabi,,united arab emirates,23,female,10,,0,academic,arabic22.mp3,arabic22.gif,abudhabi.gif,afb,2008-07-08
921,278,english,,augusta,georgia,usa,18,female,0,usa,18,naturalistic,english278.mp3,notyet.gif,augusta.gif,eng,2008-07-11
922,279,english,,singapore,,singapore,30,female,0,singapore,30,naturalistic,english279.mp3,notyet.gif,singapore.gif,eng,2008-07-16
923,9,bulgarian,,ruse,,bulgaria,31,female,10,usa,9,academic,bulgarian9.mp3,bulgarian9.gif,ruse.gif,bul,2008-05-05
924,61,spanish,,azuaga,,spain,67,male,39,usa,30,naturalistic,spanish61.mp3,spanish61.gif,azuaga.gif,spa,2008-05-02
925,62,spanish,,buenos aires,,argentina,63,female,19,usa,41,academic,spanish62.mp3,spanish62.gif,buenosaires.gif,spa,2008-05-05
926,18,turkish,,stuttgart,,germany,27,male,9,usa,2,academic,turkish18.mp3,turkish18.gif,stuttgart.gif,tur,2008-06-20
927,23,arabic,,al mahalla,,egypt,42,male,13,usa,8,academic,arabic23.mp3,arabic23.gif,almahalla.gif,arz,2008-05-02
928,19,german,,offenbach,,germany,19,female,11,usa,0.1,academic,german19.mp3,german19.gif,offenbach.gif,deu,2008-06-18
929,11,dutch,,brugge,,belgium,41,male,14,usa,5,academic,dutch11.mp3,dutch11.gif,brugge.gif,nld,2008-05-30
930,13,romanian,,babadag,,romanian,46,male,12,"uk, usa",14,academic,romanian13.mp3,romanian13.gif,babadag.gif,ron,"3 may 2008.
residence: 1 yr. in uk; 13 yrs. in usa."
931,20,mandarin,,ping tong,,taiwan,40,female,12,usa,5,academic,mandarin20.mp3,mandarin20.gif,pingtong.gif,cmn,2008-07-09
932,27,french,,algiers,,algeria,38,female,12,usa,8,academic,french27.mp3,french27.gif,algiers.gif,fra,2008-05-21
933,22,portuguese,,luanda,,angola,43,female,17,usa,15,naturalistic,portuguese22.mp3,portuguese22.gif,luanda.gif,por,2008-04-30
934,7,kiswahili,swahili,dar-es-salaam,,tanzania,52,female,5,"uk, usa",27,academic,kiswahili7.mp3,kiswahili7.gif,daressalaam.gif,swh,"22 april 2008.
residence: 7 yrs. uk; 20 yrs. usa."
935,280,english,,ramsey,,isle of man,19,female,0,isle of man,19,naturalistic,english280.mp3,notyet.gif,ramsey.gif,eng,2008-07-17
936,20,german,,chur,,switzerland,41,male,16,usa,0.5,academic,german20.mp3,german20.gif,chur.gif,deu,"22 july, 2008"
937,281,english,,ramsey mn,minnesota,usa,23,male,0,usa,23,naturalistic,english281.mp3,notyet.gif,ramseymn.gif,eng,2008-07-29
938,23,portuguese,,curitiba,,brazil,29,female,10,south africa,1,academic,portuguese23.mp3,portuguese23.gif,curitiba.gif,por,2008-08-05
939,282,english,,tampa,florida,usa,20,male,0,usa,20,naturalistic,english282.mp3,notyet.gif,tampa.gif,eng,2023-08-12
940,4,ukrainian,,kiev,,ukraine,18,male,8,,0,academic,ukrainian4.mp3,ukrainian4.gif,kiev.gif,ukr,2008-08-12
941,7,hebrew,,jerusalem,,israel,52,male,12,usa,40,naturalistic,hebrew7.mp3,hebrew7.gif,jerusalem.gif,heb,2008-08-12
942,16,italian,,mantua,,italy,40,male,14,usa,9,academic,italian16.mp3,italian16.gif,mantua.gif,ita,2008-07-31
943,4,bosnian,,travnik,,bosnia and herzegovina,20,male,11,usa,1.3,academic,bosnian4.mp3,bosnian4.gif,travnik.gif,bos,2008-08-02
944,5,bosnian,,travnik,,bosnia and herzegovina,25,female,6,usa,0.4,academic,bosnian5.mp3,bosnian5.gif,travnik.gif,bos,2008-08-02
945,13,serbian,,teslic,,bosnia and herzegovina,25,female,11,usa,2.75,academic,serbian13.mp3,serbian13.gif,teslic.gif,srp,2008-08-02
946,5,albanian,,vlore,,albania,31,male,11,usa,8,academic,albanian5.mp3,albanian5.gif,vlore.gif,aln,2008-08-02
947,4,armenian,,tbilisi,,republic of georgia,27,female,12,usa,4.5,academic,armenian4.mp3,armenian4.gif,tbilisi.gif,hye,2008-08-06
948,3,macedonian,,stip,,macedonia,24,male,11,usa,0.2,academic,macedonian3.mp3,macedonian3.gif,stip.gif,mkd,2008-08-07
949,4,macedonian,,stip,,macedonia,21,male,11,"uk, usa",2.75,academic,macedonian4.mp3,macedonian4.gif,stip.gif,mkd,"7 august 2008;  residence: 4 months uk, 2.5 years, usa"
950,4,croatian,,rijeka,,croatia,38,male,11,usa,1,academic,croatian4.mp3,croatian4.gif,rijeka.gif,hrv,2008-08-07
951,283,english,,pelham,new york,usa,18,male,0,usa,18,naturalistic,english283.mp3,notyet.gif,pelham.gif,eng,2008-08-18
952,284,english,,gainesville,florida,usa,33,male,0,usa,33,naturalistic,english284.mp3,notyet.gif,gainesville.gif,eng,2008-08-19
953,5,urdu,,karachi,,pakistan,23,male,12,usa,8.5,academic,urdu5.mp3,urdu5.gif,karachi.gif,urd,"25 august, 2008"
954,21,russian,,moscow,,russia,46,female,10,usa,11,academic,russian21.mp3,russian21.gif,moscow.gif,rus,"24 july, 2008"
955,5,ukrainian,,kiev,,ukraine,18,male,10,,0,academic,ukrainian5.mp3,ukrainian5.gif,kiev.gif,ukr,2008-09-03
956,12,dutch,,oosterbeek,,netherlands,36,male,10,usa,0.5,academic,dutch12.mp3,dutch12.gif,oosterbeek.gif,nld,2008-08-29
957,28,french,,port-au-prince,,haiti,35,female,11,usa,10,naturalistic,french28.mp3,french28.gif,portauprince.gif,fra,2008-08-28
958,13,polish,,gryfino,western pomerania,poland,22,male,14,"canada, usa",1.3,naturalistic,polish13.mp3,polish13.gif,gryfino.gif,pol,2008-09-09
959,63,spanish,,la coruna,,spain,32,female,10,"uk, usa",4,academic,spanish63.mp3,spanish63.gif,lacoruna.gif,spa,"11 september 2008.  residence: 2 years uk, 2 years usa"
960,24,portuguese,,santos,,brazil,22,female,11,,0,academic,portuguese24.mp3,portuguese24.gif,santos.gif,por,2008-09-10
961,285,english,,melbourne,,australia,50,male,0,"australia, hong kong, usa",50,naturalistic,english285.mp3,notyet.gif,melbourne.gif,eng,2008-09-13
962,64,spanish,,medellin,,colombia,28,male,12,,0,academic,spanish64.mp3,spanish64.gif,medellin.gif,spa,2008-09-13
963,3,pashto,,kandahar,,afghanistan,36,female,7,usa,17,naturalistic,pashto3.mp3,pashto3.gif,kandahar.gif,pbt,2008-09-15
964,2,latvian,,riga,,latvia,70,female,11,"india, usa",57,naturalistic,latvian2.mp3,latvian2.gif,riga.gif,lav,15 september 2008.  residence: 40 years india; 17 years usa.
965,10,bulgarian,,dobrich,,bulgaria,21,female,15,usa,2.5,academic,bulgarian10.mp3,bulgarian10.gif,dobrich.gif,bul,2008-09-13
966,11,bulgarian,,dobrich,,bulgaria,24,male,16,usa,2.5,academic,bulgarian11.mp3,bulgarian11.gif,dobrich.gif,bul,2008-09-13
967,1,jamaican creole english,patois,cave valley,,jamaica,69,male,7,"jamaica, usa",69,naturalistic,jamaican_creole_english1.mp3,jamaican_creole_english1.gif,cavevalley.gif,jam,20 september 2008. residence: 39 years jamaica; 30 years usa.
968,3,dari,eastern farsi,kabul,,afghanistan,20,male,12,usa,8,academic,dari3.mp3,dari3.gif,kabul.gif,prs,2008-09-20
969,5,bambara,bamanankan,segou,,mali,23,female,21,usa,1,academic,bambara5.mp3,bambara5.gif,segou.gif,bam,2008-09-19
970,24,arabic,,cairo,,egypt,40,male,7,uk,3,academic,arabic24.mp3,arabic24.gif,cairo.gif,arz,2008-09-19
971,19,turkish,,istanbul,,turkey,25,male,18,usa,0.7,academic,turkish19.mp3,turkish19.gif,istanbul.gif,tur,2008-09-19
972,25,portuguese,,rio de janeiro,,brazil,20,female,18,usa,1,academic,portuguese25.mp3,portuguese25.gif,riodejaneiro.gif,por,2008-09-19
973,14,romanian,,costesti,,moldova,25,female,13,usa,2,academic,romanian14.mp3,romanian14.gif,costesti.gif,ron,2008-09-19
974,2,ga,,accra,,ghana,38,female,4,usa,12,academic,ga2.mp3,ga2.gif,accra.gif,gaa,2008-09-19
975,2,ewe,,accra,,ghana,37,female,5,usa,12,academic,ewe2.mp3,ewe2.gif,accra.gif,ewe,2008-09-19
976,3,ga,,accra,,ghana,60,female,5,usa,1,academic,ga3.mp3,ga3.gif,accra.gif,gaa,2008-09-19
977,286,english,,beaumont,texas,usa,21,female,0,usa,21,naturalistic,english286.mp3,notyet.gif,beaumont.gif,eng,2008-09-19
978,1,kambaata,kembata,hosanna,,ethiopia,36,male,9,usa,12,academic,kambaata1.mp3,kambaata1.gif,hosanna.gif,ktb,2008-09-23
979,1,akan,twi,accra,,ghana,41,male,5,"ghana, usa",41,academic,akan1.mp3,akan1.gif,accra.gif,aka,"25 september 2008. residence: 27 years ghana, 14 years usa"
980,15,romanian,,bucharest,,romania,27,female,8,,0,naturalistic,romanian15.mp3,romanian15.gif,bucharest.gif,ron,2008-10-06
981,287,english,,singapore,,singapore,27,female,0,singapore,27,naturalistic,english287.mp3,notyet.gif,singapore.gif,eng,2008-10-09
982,288,english,,st. louis,missouri,usa,26,female,0,usa,26,naturalistic,english288.mp3,notyet.gif,stlouis.gif,eng,2008-10-09
983,289,english,,fairfax,virginia,usa,19,female,0,usa,19,naturalistic,english289.mp3,notyet.gif,fairfax.gif,eng,2008-10-09
984,21,mandarin,chinese,chengdu,sichuan,china,38,female,9,usa,13,academic,mandarin21.mp3,mandarin21.gif,chengdu.gif,cmn,2008-09-24
985,6,amharic,,addis ababa,,ethiopia,31,female,4,usa,1,academic,amharic6.mp3,amharic6.gif,addisababa.gif,amh,2008-10-15
986,290,english,,duluth,georgia,usa,20,male,0,usa,20,naturalistic,english290.mp3,notyet.gif,duluth.gif,eng,2008-10-18
987,9,bengali,,kolkata,,india,61,female,12,usa,0.5,academic,bengali9.mp3,bengali9.gif,kolkata.gif,ben,2008-10-01
988,14,serbian,montenegrin,podgorica,,montenegro,26,female,20,usa,1,academic,serbian14.mp3,serbian14.gif,podgorica.gif,srp,2008-10-12
989,7,amharic,,addis ababa,,ethiopia,38,male,13,"kenya, usa",10,academic,amharic7.mp3,amharic7.gif,addisababa.gif,amh,"12 october 2008; residence: 5 years kenya, 5 years usa"
990,8,amharic,,addis ababa,,ethiopia,30,female,12,usa,20,academic,amharic8.mp3,amharic8.gif,addisababa.gif,amh,2008-10-12
991,9,amharic,,addis ababa,,ethiopia,40,male,12,"kenya, usa",7,academic,amharic9.mp3,amharic9.gif,addisababa.gif,amh,"12 october 2008; residence: 5 years kenya, 2 years usa"
992,2,bafang,,douala,,cameroon,38,male,6,usa,5,academic,bafang2.mp3,bafang2.gif,douala.gif,fmp,2008-10-15
993,4,sinhala,sinhalese,katunayake,,sri lanka,40,male,15,usa,20,academic,sinhala4.mp3,sinhala4.gif,katunayake.gif,sin,2008-10-15
994,22,russian,,riga,,latvia,30,male,11,usa,19,academic,russian22.mp3,russian22.gif,riga.gif,rus,2008-10-22
995,17,italian,,turin,,italy,28,male,14,usa,3,naturalistic,italian17.mp3,italian17.gif,turin.gif,ita,2008-10-21
996,16,romanian,,bucharest,,romania,25,female,9,usa,8.5,academic,romanian16.mp3,romanian16.gif,bucharest.gif,ron,2008-10-21
997,5,armenian,,yerevan,,armenia,21,female,15,usa,0.5,academic,armenian5.mp3,armenian5.gif,yerevan.gif,hye,2008-10-26
998,10,amharic,,gonder,,ethiopia,29,female,19,usa,10,naturalistic,amharic10.mp3,amharic10.gif,gonder.gif,amh,2008-10-26
999,1,moba,,mango,,togo,54,male,15,usa,10,academic,moba1.mp3,moba1.gif,mango.gif,mfq,2008-10-23
1000,1,fataluku,,lautem,,timor-leste,39,male,13,"usa, australia",2.5,academic,fataluku1.mp3,fataluku1.gif,lautem.gif,ddg,"24 october 2008.  residence: 2 years usa, 6 months australia"
1001,1,tetun-dili,tetum,baucau,,timor-leste,37,female,25,usa,13,academic,tetundili1.mp3,tetundili1.gif,baucau.gif,tdt,2008-10-24
1002,2,kambaata,kembata,durame,,ethiopia,51,male,7,usa,11,academic,kambaata2.mp3,kambaata2.gif,durame.gif,ktb,2008-11-03
1003,13,dutch,,zwolle,,netherlands,33,female,10,usa,0.5,academic,dutch13.mp3,dutch13.gif,zwolle.gif,nld,2008-10-28
1004,14,dutch,,zwolle,,netherlands,35,female,12,,0,academic,dutch14.mp3,dutch14.gif,zwolle.gif,nld,2008-10-28
1005,15,korean,,pusan,,south korea,42,male,40,usa,1,academic,korean15.mp3,korean15.gif,pusan.gif,kor,2008-10-31
1006,16,korean,,nonsan,,south korea,30,female,13,usa,0.2,academic,korean16.mp3,korean16.gif,nonsan.gif,kor,2008-10-31
1007,17,korean,,cheju-do,,south korea,21,male,8,usa,0.3,academic,korean17.mp3,korean17.gif,chejudo.gif,kor,2008-10-31
1008,1,susu,,conakry,,guinea,24,male,18,usa,1,academic,susu1.mp3,susu1.gif,conakry.gif,sus,2008-10-31
1009,10,bengali,,dhaka,,bangladesh,18,female,3,usa,6,academic,bengali10.mp3,bengali10.gif,dhaka.gif,ben,2008-10-30
1010,4,pashto,,peshawar,,pakistan,18,female,6,"canada, usa",11,academic,pashto4.mp3,pashto4.gif,peshawar.gif,pbt,"30 october 2008. residence: 6 years canada, 5 years usa"
1011,25,arabic,,ramun,,israel (occupied territory),38,male,5,usa,33,naturalistic,arabic25.mp3,arabic25.gif,ramun.gif,ajp,2008-10-30
1012,26,arabic,,amman,,jordan,43,female,14,usa,28,academic,arabic26.mp3,arabic26.gif,amman.gif,ajp,2008-10-30
1013,27,arabic,,jerusalem,,israel,70,male,10,usa,30,academic,arabic27.mp3,arabic27.gif,jerusalem.gif,ajp,2008-10-30
1014,6,urdu,,bangalore,,india,24,female,3,usa,8,academic,urdu6.mp3,urdu6.gif,bangalore.gif,urd,2008-10-28
1015,11,farsi,dari,kabul,,afghanistan,32,female,4,usa,30,naturalistic,farsi11.mp3,farsi11.gif,kabul.gif,prs,2008-10-30
1016,5,gujarati,,bombay,,india,28,female,3,usa,4,academic,gujarati5.mp3,gujarati5.gif,bombay.gif,guj,2008-10-18
1017,9,hindi,hindi-urdu,durgapur,west bengal,india,31,male,4,usa,8,academic,hindi9.mp3,hindi9.gif,durgapur.gif,hin,2008-10-18
1018,11,bengali,,durgapur,west bengal,india,34,male,3.5,usa,8,academic,bengali11.mp3,bengali11.gif,durgapur.gif,ben,2008-10-18
1019,22,mandarin,chinese,haikou,hainan,china,39,female,11,usa,3,academic,mandarin22.mp3,mandarin22.gif,haikou.gif,cmn,2008-10-23
1020,1,chichewa,nyanja,mulanje,,malawi,42,male,7,"malawi, usa",42,academic,chichewa1.mp3,chichewa1.gif,mulanje.gif,nya,"5 november 2008. residence: 35 years malawi, 7 years usa"
1021,29,french,,cannes,,france,54,female,10,usa,26,academic,french29.mp3,french29.gif,cannes.gif,fra,2008-11-05
1022,1,hadiyya,,hosanna,,ethiopia,51,male,12,"uk, usa",8.5,academic,hadiyya1.mp3,hadiyya1.gif,hosanna.gif,hdy,"8 november 2008. residence: 2.5 years uk, 6 years usa."
1023,30,french,,kinshasa,,democratic republic of congo,37,male,12,usa,12,academic,french30.mp3,french30.gif,kinshasa.gif,fra,2008-11-04
1024,4,mongolian,khalkha mongol,ulaanbaatar,,mongolia,19,male,15,usa,1,academic,mongolian4.mp3,mongolian4.gif,ulaanbaatar.gif,khk,2008-11-07
1025,6,bosnian,,zenica,,bosnia and herzegovina,29,female,22,usa,8,naturalistic,bosnian6.mp3,bosnian6.gif,zenica.gif,bos,2008-11-10
1026,291,english,,belize city,,belize,18,male,0,"belize, usa",18,naturalistic,english291.mp3,notyet.gif,belizecity.gif,eng,2008-11-12
1027,9,swedish,,uddevalla,,sweden,20,male,10,,0,academic,swedish9.mp3,swedish9.gif,uddevalla.gif,swe,2008-11-17
1028,1,shilluk,,malakal,,sudan,42,male,12,usa,10,academic,shilluk1.mp3,shilluk1.gif,malakal.gif,shk,2008-11-15
1029,1,bari,,khartoum,,sudan,34,male,6,usa,6,academic,bari1.mp3,bari1.gif,khartoum.gif,bfa,2008-11-15
1030,2,bari,,khartoum,,sudan,36,male,7,usa,5,academic,bari2.mp3,bari2.gif,khartoum.gif,bfa,2008-11-15
1031,2,kikongo,kongo,kimulaza,uige,angola,56,male,28,usa,28,academic,kikongo2.mp3,kikongo2.gif,kimulaza.gif,kwy,2008-11-16
1032,2,hadiyya,,hosanna,,ethiopia,30,male,11,usa,4,academic,hadiyya2.mp3,hadiyya2.gif,hosanna.gif,hdy,2008-11-15
1033,3,kambaata,kembata,hosanna,,ethiopia,54,male,8,"uk, usa",14,academic,kambaata3.mp3,kambaata3.gif,hosanna.gif,ktb,2008-11-15
1034,1,hausa,,kano,,nigeria,49,male,7,"nigeria, usa",28,academic,hausa1.mp3,hausa1.gif,kano.gif,hau,"19 november 2008. residence: 28 years nigeria, 2 months usa."
1035,2,hausa,,bauchi,,nigeria,46,male,10,"nigeria, usa",46,academic,hausa2.mp3,hausa2.gif,bauchi.gif,hau,"24 november 2008. residence: 29 years nigeria, 17 years usa"
1036,3,hausa,,malumfashi,,nigeria,47,female,6,"nigeria, usa",47,academic,hausa3.mp3,hausa3.gif,malumfashi.gif,hau,"24 november 2008. residence: 43 years nigeria, 4 years usa"
1037,1,fulfulde adamawa,fulani,hong,adamawa,nigeria,48,male,8,"nigeria, usa",48,academic,fulfuldeadamawa1.mp3,fulfulde_adamawa1.gif,hong.gif,fub,"24 november 2008. residence: 28 years nigeria, 20 years usa"
1038,1,rwanda,kinyarwanda,byumba,,rwanda,45,male,16,usa,14,academic,rwanda1.mp3,rwanda1.gif,byumba.gif,kin,2008-11-24
1039,4,hausa,,kano,,nigeria,62,male,10,"nigeria, uk, usa",62,academic,hausa4.mp3,hausa4.gif,kano.gif,hau,"24 november 2008. residence: 40 years nigeria, 2 years uk, 20 years usa"
1040,3,igbo,,lagos,,nigeria,35,male,5,"nigeria, usa",35,academic,igbo3.mp3,igbo3.gif,lagos.gif,ibo,"24 november 2008. residence: 2820 years nigeria, 15 years usa"
1041,8,kiswahili,swahili,nyeri,,kenya,42,female,3,"kenya, usa",42,naturalistic,kiswahili8.mp3,kiswahili8.gif,nyeri.gif,swh,"24 november 2008. resience: 34 years kenya, 8 years usa"
1042,2,oromo,,yabello,burana,ethiopia,33,male,10,usa,5.5,academic,oromo2.mp3,oromo2.gif,yabello.gif,gaz,2023-11-24
1043,18,italian,,grugliasco,,italy,20,male,8,uk,1,academic,italian18.mp3,italian18.gif,grugliasco.gif,ita,2008-11-24
1044,23,mandarin,chinese,kao-hsiung,,taiwan,46,female,13,usa,22,academic,mandarin23.mp3,mandarin23.gif,kaohsiung.gif,cmn,2008-12-01
1045,2,bavarian,,berchtesgaden,,germany,52,female,10,usa,15,academic,bavarian2.mp3,bavarian2.gif,berchtesgaden.gif,bav,2008-11-25
1046,11,japanese,,toyama,,japan,29,female,13,usa,4.5,academic,japanese11.mp3,japanese11.gif,toyama.gif,jpn,2008-11-23
1047,5,hausa,,maine,,niger,43,female,12,"niger, usa",13.5,academic,hausa5.mp3,hausa5.gif,maine.gif,hau,"25 november 2008. residence: 1.5 years niger, 12 years usa"
1048,6,hausa,,kano,,nigeria,48,male,6,"nigeria, usa",48,academic,hausa6.mp3,hausa6.gif,kano.gif,hau,"25 november 2008. residence: 46 years nigeria, 2 years usa."
1049,1,kanuri,,kaduna,,nigeria,48,female,6,"nigeria, usa",48,academic,kanuri1.mp3,kanuri1.gif,kaduna.gif,knc,"25 november 2008. residence: 24 years nigeria, 24 years usa."
1050,7,hausa,,sokoto,,nigeria,52,male,7,"nigeria, usa",52,academic,hausa7.mp3,hausa7.gif,sokoto.gif,hau,"25 november 2008. residence: 20 years nigeria, 32 years usa."
1051,292,english,,kansas city,missouri,usa,38,male,0,usa,38,naturalistic,english292.mp3,notyet.gif,kansascity.gif,eng,"1 december 2008.  residence: 0-11, 22-38 kansas city, 11-15 dallas tx, 16-21 springfield mo."
1052,293,english,,billings,montana,usa,22,female,0,usa,22,naturalistic,english293.mp3,notyet.gif,billings.gif,eng,2008-12-05
1053,2,slovenian,,ljubljana,,slovenia,20,male,4,usa,7,academic,slovenian2.mp3,slovenian2.gif,ljubljana.gif,slv,2008-11-26
1054,5,indonesian,bahasa indonesia,jakarta,,indonesia,29,male,7,"new zealand, usa",5,academic,indonesian5.mp3,indonesian5.gif,jakarta.gif,ind,"2 december. residence: 2 years nz, 3 years usa."
1055,8,thai,,bangkok,,thailand,37,male,25,usa,4,academic,thai8.mp3,thai8.gif,bangkok.gif,tha,2008-12-02
1056,6,ukrainian,,priluki,,ukraine,22,female,11,usa,3,academic,ukrainian6.mp3,ukrainian6.gif,priluki.gif,ukr,2008-12-02
1057,23,russian,,zaporizhzhya,,ukraine,21,female,5,usa,2,academic,russian23.mp3,russian23.gif,zaporizhzhya.gif,rus,2008-12-02
1058,7,bosnian,,gornji vakuf,,bosnia and herzegovina,24,female,10,usa,1.3,academic,bosnian7.mp3,bosnian7.gif,gornjivakuf.gif,bos,2008-12-03
1059,5,georgian,,tbilisi,,republic of georgia,24,male,21,usa,1,academic,georgian5.mp3,georgian5.gif,tbilisi.gif,kat,2008-12-01
1060,294,english,,naracoorte,,australia,19,female,0,"australia, usa",19,naturalistic,english294.mp3,notyet.gif,naracoorte.gif,eng,"7 december 2008. residence: 18 years australia, 1 year usa."
1061,7,urdu,,islamabad,,pakistan,23,male,5,usa,13,academic,urdu7.mp3,urdu7.gif,islamabad.gif,urd,2008-12-07
1062,31,french,,paris,,france,28,male,15,usa,7,academic,french31.mp3,french31.gif,paris.gif,fra,2008-12-07
1063,5,croatian,,tomislavgrad,,bosnia and herzegovina,26,female,11,usa,0.2,academic,croatian5.mp3,croatian5.gif,tomislavgrad.gif,hrv,2008-12-07
1064,21,german,,villach,,austria,20,female,10,usa,1.2,academic,german21.mp3,german21.gif,villach.gif,deu,2008-12-07
1065,10,swedish,,lidkoping,,sweden,19,female,9,usa,0.1,academic,swedish10.mp3,swedish10.gif,lidkoping.gif,swe,2008-12-07
1066,5,czech,,klando,,czech republic,26,female,16,"uk, usa",0.8,academic,czech5.mp3,czech5.gif,klando.gif,ces,"7 december 2008. residence: 8 months uk, 1 month usa"
1067,295,english,,airdrie,alberta,canada,25,male,0,canada,25,naturalistic,english295.mp3,notyet.gif,airdrie.gif,eng,2008-12-11
1068,1,filipino,,quezon city,,philippines,23,male,4,usa,2,naturalistic,filipino1.mp3,filipino1.gif,quezoncity.gif,fil,2008-12-17
1069,65,spanish,,barranquilla,,colombia,32,male,12,usa,20,naturalistic,spanish65.mp3,spanish65.gif,barranquilla.gif,spa,2008-12-26
1070,296,english,,edmonton,alberta,canada,18,female,0,canada,18,naturalistic,english296.mp3,notyet.gif,edmonton.gif,eng,2008-12-29
1071,297,english,,lindenhurst,new york,usa,19,male,0,usa,19,naturalistic,english297.mp3,notyet.gif,lindenhurst.gif,eng,2009-01-01
1072,298,english,,lismore,new south wales,australia,22,male,0,australia,22,naturalistic,english298.mp3,notyet.gif,lismore.gif,eng,2009-01-03
1073,24,russian,,sochi,,russia,33,female,19,"new zealand, australia",8.5,academic,russian24.mp3,russian24.gif,sochi.gif,rus,2009-01-03
1074,8,hebrew,,jerusalem,,israel,28,male,7,,0,naturalistic,hebrew8.mp3,hebrew8.gif,jerusalem.gif,heb,2009-01-05
1075,299,english,,windsor,ontario,canada,59,male,0,usa,59,naturalistic,english299.mp3,notyet.gif,windsor.gif,eng,2009-01-07
1076,300,english,,dublin,,ireland,18,male,0,ireland,18,naturalistic,english300.mp3,notyet.gif,dublin.gif,eng,2009-01-15
1077,66,spanish,,san salvador,,el salvador,30,male,12,canada,18,naturalistic,spanish66.mp3,spanish66.gif,sansalvador.gif,spa,2009-01-12
1078,301,english,,toronto,ontario,canada,41,male,0,canada,41,naturalistic,english301.mp3,notyet.gif,toronto.gif,eng,2009-01-12
1079,15,serbian,,tuzla,,bosnia and herzegovina,26,female,15,usa,0.7,academic,serbian15.mp3,serbian15.gif,tuzla.gif,srp,2009-01-21
1080,32,french,,kabinda,,democratic republic of congo,60,male,16,,0,academic,french32.mp3,french32.gif,kabinda.gif,fra,2009-01-15
1081,6,albanian,,prishtina,,kosovo,25,female,11,usa,10,academic,albanian6.mp3,albanian6.gif,prishtina.gif,als,2009-01-25
1082,8,bosnian,,sarajevo,,bosnia and herzegovina,24,female,15,usa,1.5,academic,bosnian8.mp3,bosnian8.gif,sarajevo.gif,bos,2009-01-25
1083,6,croatian,,doboj,,bosnia and herzegovina,23,female,14,usa,0.75,academic,croatian6.mp3,croatian6.gif,doboj.gif,hrv,2009-01-25
1084,2,oriya,,orissa,,india,32,male,6,usa,3,academic,oriya2.mp3,oriya2.gif,orissa.gif,ori,2009-01-26
1085,302,english,,melbourne,,australia,22,male,0,australia,22,naturalistic,english302.mp3,notyet.gif,melbourne.gif,eng,2009-01-28
1086,303,english,,anaheim,california,usa,45,female,0,usa,45,naturalistic,english303.mp3,notyet.gif,anaheim.gif,eng,"31 january 2009.  residence: anaheim 37 yrs; corona, ca, 8 yra."
1087,4,khmer,,phnom penh,,cambodia,31,male,16,usa,15,academic,khmer4.mp3,khmer4.gif,phnompenh.gif,khm,2009-02-08
1088,304,english,,clare,,ireland,20,female,0,ireland,20,naturalistic,english304.mp3,notyet.gif,clare.gif,eng,2009-02-09
1089,24,mandarin,chinese,shanghai,,china,21,female,10,,0,academic,mandarin24.mp3,mandarin24.gif,shanghai.gif,cmn,2009-02-12
1090,1,gedeo,,dilla,,ethiopia,51,male,9,usa,7,academic,gedeo1.mp3,gedeo1.gif,dilla.gif,drs,2008-12-04
1091,7,ukrainian,,kiev,,ukraine,18,male,8,,0,academic,ukrainian7.mp3,ukrainian7.gif,kiev.gif,ukr,20 february 2009.  learned russian at home very early
1092,22,german,,elsterwerda,,germany,21,female,12,usa,2.5,academic,german22.mp3,german22.gif,elsterwerda.gif,deu,2009-02-15
1093,306,english,,london,,uk,24,female,0,"uk, usa",24,naturalistic,english306.mp3,notyet.gif,london.gif,eng,15 february 2009. 18 years uk; 6 years usa
1094,305,english,,la paz,,bolivia,24,female,0,"uk, usa",7,naturalistic,english305.mp3,notyet.gif,lapaz.gif,eng,"15 february 2009.  mother spoke spanish, father spoke arabic"
1095,3,krio,,freetown,,sierra leone,21,female,5,"sierra leone, usa",18,naturalistic,krio3.mp3,krio3.gif,freetown.gif,kri,2009-02-15
1096,25,russian,,orhei,,moldova,58,female,41,usa,18,academic,russian25.mp3,russian25.gif,orhei.gif,rus,2009-02-26
1097,26,russian,,chisinau,,moldova,23,female,17,usa,5,academic,russian26.mp3,russian26.gif,chisinau.gif,rus,2009-02-26
1098,4,kurdish,kurdi,kirkuk,,iraq,30,male,9,usa,1,academic,kurdish4.mp3,kurdish4.gif,kirkuk.gif,ckb,2009-02-26
1099,17,romanian,,chisinau,,moldova,55,female,48,usa,10,naturalistic,romanian17.mp3,romanian17.gif,chisinau.gif,ron,2009-02-26
1100,307,english,,alexandria,va,usa,48,male,0,"usa, new zealand",48,naturalistic,english307.mp3,notyet.gif,alexandria.gif,eng,"3 march 2009. 33 years usa, 15 years in new zealand"
1101,308,english,,cardiff,wales,uk,34,male,0,"uk, new zealand",34,naturalistic,english308.mp3,notyet.gif,cardiff.gif,eng,"3 march 2009. 21 years wales, 13 years new zealand"
1102,7,greek,,athens,,greece,18,male,4,uk,0.25,naturalistic,greek7.mp3,greek7.gif,athens.gif,ell,2009-03-06
1103,9,thai,,bangkok,,thailand,18,female,6,,0,academic,thai9.mp3,thai9.gif,bangkok.gif,tha,2009-03-09
1104,1,nama,,rehoboth,,namibia,44,male,12,"namibia, usa",44,academic,nama1.mp3,nama1.gif,rehoboth.gif,naq,"27 february 2009. residence 43 years namibia, 4 months usa."
1105,309,english,,dunedin,,new zealand,44,female,0,new zealand,44,naturalistic,english309.mp3,notyet.gif,dunedin.gif,eng,2009-03-08
1106,4,krio,,freetown,,sierra leone,48,female,7,usa,30,academic,krio4.mp3,krio4.gif,freetown.gif,kri,2009-02-25
1107,5,tigrigna,,asmara,,eritrea,45,male,10,uk,27,academic,tigrigna5.mp3,tigrigna5.gif,asmara.gif,tir,2009-03-09
1108,310,english,,oxford,,uk,37,female,0,"uk, usa",22,naturalistic,english310.mp3,notyet.gif,oxford.gif,eng,"7 march 2009.  13 years uk, 9 years usa, 15 years india"
1109,26,portuguese,,campo grande,,brazil,25,female,10,usa,6,academic,portuguese26.mp3,portuguese26.gif,campogrande.gif,por,2009-03-07
1110,311,english,,detroit,michigan,usa,38,female,0,usa,38,naturalistic,english311.mp3,notyet.gif,detroit.gif,eng,2009-03-23
1111,67,spanish,,santa marta,,colombia,48,female,14,usa,4,academic,spanish67.mp3,spanish67.gif,santamarta.gif,spa,2009-03-25
1112,12,farsi,persian,kerman,,iran,42,male,11,canada,25,academic,farsi12.mp3,farsi12.gif,kerman.gif,pes,2009-03-30
1113,312,english,,edmonton,alberta,canada,40,female,0,canada,40,naturalistic,english312.mp3,notyet.gif,edmonton.gif,eng,2009-03-30
1114,19,italian,,rome,,italy,19,male,11,,0,academic,italian19.mp3,italian19.gif,rome.gif,ita,2009-04-05
1115,28,arabic,,al-ayn,,united arab emirates,30,male,12,usa,1,academic,arabic28.mp3,arabic28.gif,alayn.gif,afb,2009-03-18
1116,29,arabic,,doha,,qatar,19,male,17,usa,0.3,academic,arabic29.mp3,arabic29.gif,doha.gif,afb,2009-04-01
1117,18,korean,,seoul,,south korea,25,male,7,usa,12,academic,korean18.mp3,korean18.gif,seoul.gif,kor,"1 april 2009. residence: korea: 0-3, argentina:3-13; usa,:13-25"
1118,19,korean,,seoul,,south korea,21,female,14,usa,0.9,academic,korean19.mp3,korean19.gif,seoul.gif,kor,2009-04-01
1119,313,english,,silver spring,maryland,usa,28,male,0,usa,28,naturalistic,english313.mp3,notyet.gif,silverspring.gif,eng,2009-04-15
1120,314,english,,memphis,tennessee,usa,26,female,0,usa,26,naturalistic,english314.mp3,notyet.gif,memphis.gif,eng,2009-04-18
1121,315,english,,los angeles,california,usa,25,male,0,usa,25,naturalistic,english315.mp3,notyet.gif,losangeles.gif,eng,2009-04-25
1122,316,english,,sacramento,california,usa,33,male,0,usa,33,naturalistic,english316.mp3,notyet.gif,sacramento.gif,eng,2009-04-26
1123,20,italian,,naples,,italy,32,male,15,usa,15.5,academic,italian20.mp3,italian20.gif,naples.gif,ita,2009-04-22
1124,21,italian,,trento,,italy,42,male,20,"usa, australia",12,academic,italian21.mp3,italian21.gif,trento.gif,ita,2009-04-22
1125,25,mandarin,chinese,wuxi,jiangsu,china,28,female,13,usa,0.8,academic,mandarin25.mp3,mandarin25.gif,wuxi.gif,cmn,2009-04-22
1126,20,korean,,inchon,,south korea,58,female,13,usa,38,academic,korean20.mp3,korean20.gif,inchon.gif,kor,2009-04-26
1127,33,french,,montreal,quebec,canada,62,male,10,"canada, usa",62,academic,french33.mp3,french33.gif,montreal.gif,fra,2009-04-26
1128,27,portuguese,,sao paulo,,brazil,33,female,8,uk,0.2,academic,portuguese27.mp3,portuguese27.gif,saopaulo.gif,por,2009-04-29
1129,11,amharic,,addis ababa,,ethiopia,24,female,17,usa,9,academic,amharic11.mp3,amharic11.gif,addisababa.gif,amh,2009-05-01
1130,12,amharic,,addis ababa,,ethiopia,26,female,15,usa,10,academic,amharic12.mp3,amharic12.gif,addisababa.gif,amh,2009-05-01
1131,13,amharic,,addis ababa,,ethiopia,28,female,6,usa,9,academic,amharic13.mp3,amharic13.gif,addisababa.gif,amh,2009-05-01
1132,317,english,,burlington,vermont,usa,26,male,0,usa,26,naturalistic,english317.mp3,notyet.gif,burlington.gif,eng,2009-05-05
1133,30,arabic,najdi,riyadh,,saudi arabia,19,female,8,usa,11,naturalistic,arabic30.mp3,arabic30.gif,riyadh.gif,ars,2009-04-28
1134,9,vietnamese,,ho chi minh city,,vietnam,20,male,14,usa,4,academic,vietnamese9.mp3,vietnamese9.gif,hochiminhcity.gif,vie,2009-04-29
1135,5,mongolian,khalkha mongol,sofia,,bulgaria,23,male,9,usa,9,academic,mongolian5.mp3,mongolian5.gif,sofia.gif,khk,2009-04-29
1136,8,hausa,,katsina,,nigeria,30,male,7,usa,4,academic,hausa8.mp3,hausa8.gif,katsina.gif,hau,2009-05-05
1137,318,english,,sarnia,ontario,canada,46,male,0,canada,46,naturalistic,english318.mp3,notyet.gif,sarnia.gif,eng,8 may 2009.
1138,319,english,,grimsby,lincolnshire,uk,29,male,0,uk,29,naturalistic,english319.mp3,notyet.gif,grimsby.gif,eng,2009-05-09
1139,7,hungarian,,budapest,,hungary,57,female,17,usa,40,naturalistic,hungarian7.mp3,hungarian7.gif,budapest.gif,hun,2009-05-16
1140,5,krio,,freetown,,sierra leone,36,male,6,"sierra leone, usa",26,naturalistic,krio5.mp3,krio5.gif,freetown.gif,kri,17 may 2009.  residence: sierra leone 20 years; usa 6 years
1141,26,mandarin,chinese,emei,sichuan,china,31,female,12,usa,3,academic,mandarin26.mp3,mandarin26.gif,emei.gif,cmn,2009-05-11
1142,21,korean,,ulsan,,south korea,21,male,12,usa,7,academic,korean21.mp3,korean21.gif,ulsan.gif,kor,2009-05-14
1143,6,gujarati,,kutch,gujarat,india,29,male,5,"india,usa",23,naturalistic,gujarati6.mp3,gujarati6.gif,kutch.gif,guj,11 may 2009. residence: india 20 years; usa 3 years
1144,20,turkish,,kocaeli,,turkey,19,female,9,,0,academic,turkish20.mp3,turkish20.gif,kocaeli.gif,tur,2009-06-03
1145,22,korean,,inchon,,south korea,19,female,8,,0,academic,korean22.mp3,korean22.gif,inchon.gif,kor,2009-06-04
1146,9,kiswahili,swahili,tanga,,tanzania,50,male,13,usa,20,academic,kiswahili9.mp3,kiswahili9.gif,tanga.gif,swh,2009-06-04
1147,4,somali,,mogadishu,,somalia,25,female,7,"uk, usa",14.5,academic,somali4.mp3,somali4.gif,mogadishu.gif,som,4 june 2009. residence: 14 years uk; 0.5 year usa
1148,5,somali,,mogadishu,,somalia,39,male,18,"uk, usa",11.5,academic,somali5.mp3,somali5.gif,mogadishu.gif,som,4 june 2009. residence: 10 years uk; 1.5 years usa
1149,6,somali,,hargeysa,,somalia,32,male,17,"uk, usa",7.8,academic,somali6.mp3,somali6.gif,hargeysa.gif,som,4 june 2009. residence: 7 years uk; 0.8 years usa
1150,4,ga,,accra,,ghana,60,male,6,"ghana, uk, usa",41,academic,ga4.mp3,ga4.gif,accra.gif,gaa,4 june 2009. residence: 21 years ghana; 2 years uk; 18 years usa
1151,6,tigrigna,,adigrat,,ethiopia,58,female,15,usa,28,academic,tigrigna6.mp3,tigrigna6.gif,adigrat.gif,tir,4 june 2009.
1152,3,oromo,,dembi dollo,,ethiopia,35,female,8,usa,10,academic,oromo3.mp3,oromo3.gif,dembidollo.gif,gaz,2009-06-04
1153,2,gusii,kisii,kisii,,kenya,41,male,6,usa,8,academic,gusii2.mp3,gusii2.gif,kisii.gif,guz,4 june 2009.  31 years in kenya
1154,27,mandarin,chinese,chengdu,sichuan,china,18,male,15,usa,3,academic,mandarin27.mp3,mandarin27.gif,chengdu.gif,cmn,2009-06-09
1155,2,kikuyu,,kerugoya,,kenya,50,male,7,"kenya, usa",50,academic,kikuyu2.mp3,kikuyu2.gif,kerugoya.gif,kik,3 june 2009.  residence: 45 years kenya; 5 years usa.
1156,3,kikuyu,,nairobi,,kenya,45,female,5,"kenya, usa",45,academic,kikuyu3.mp3,kikuyu3.gif,nairobi.gif,kik,3 june 2009.  residence: 40 years kenya; 5 years usa.
1157,16,serbian,,belgrade,,serbia,33,male,9,canada,6.5,academic,serbian16.mp3,serbian16.gif,belgrade.gif,srp,2009-06-14
1158,1,lingala,,kinshasa,,democratic republic of congo,37,male,30,usa,7,naturalistic,lingala1.mp3,lingala1.gif,kinshasa.gif,lin,12 june 2009.  almost bilingual with french
1159,4,afrikaans,,pretoria,,south africa,26,male,8,usa,15,academic,afrikaans4.mp3,afrikaans4.gif,pretoria.gif,afr,2009-06-12
1160,34,french,,abidjan,,ivory coast,56,male,16,usa,30,academic,french34.mp3,french34.gif,abidjan.gif,fra,2009-06-10
1161,3,yiddish,,brooklyn,new york,usa,52,male,5,usa,52,academic,yiddish3.mp3,yiddish3.gif,brooklyn.gif,ydd,2009-06-10
1162,320,english,,maryland county,,liberia,59,female,0,"liberia, usa",59,naturalistic,english320.mp3,notyet.gif,marylandcounty.gif,eng,13 june 2009. residence: 48 years liberia; 11 years usa.
1163,321,english,,brooklyn,new york,usa,52,male,0,usa,52,naturalistic,english321.mp3,notyet.gif,brooklyn.gif,eng,2009-06-15
1164,4,yiddish,,vienna,,austria,89,female,20,usa,59,academic,yiddish4.mp3,yiddish4.gif,vienna.gif,ydd,2009-06-16
1165,1,haitian creole french,,port-au-prince,,haiti,42,male,42,usa,1,academic,haitiancreolefrench1.mp3,haitiancreolefrench1.gif,portauprince.gif,hat,2009-06-16
1166,2,haitian creole french,,port-au-prince,,haiti,40,male,35,usa,5,academic,haitiancreolefrench2.mp3,haitiancreolefrench2.gif,portauprince.gif,hat,2009-06-16
1167,3,haitian creole french,,port-au-prince,,haiti,43,male,41,usa,5,academic,haitiancreolefrench3.mp3,haitiancreolefrench3.gif,portauprince.gif,hat,2009-06-16
1168,4,haitian creole french,,port-au-prince,,haiti,21,male,21,usa,0.7,academic,haitiancreolefrench4.mp3,haitiancreolefrench4.gif,portauprince.gif,hat,2009-06-16
1169,5,haitian creole french,,port-au-prince,,haiti,54,female,51,usa,5,academic,haitiancreolefrench5.mp3,haitiancreolefrench5.gif,portauprince.gif,hat,2009-06-16
1170,5,yiddish,,vilnius,,lithuania,86,female,26,usa,60,naturalistic,yiddish5.mp3,yiddish5.gif,vilnius.gif,ydd,17 june 2009. vilnius was known as vilna and was in poland.
1171,14,polish,,warsaw,,poland,97,male,35,usa,57,naturalistic,polish14.mp3,polish14.gif,warsaw.gif,pol,17 june 2009. speaker was exposed to yiddish at a very early age..
1172,322,english,,yorkton,saskatchewan,canada,29,male,0,canada,29,naturalistic,english322.mp3,notyet.gif,yorkton.gif,eng,2009-06-24
1173,323,english,,regina,saskatchewan,canada,31,female,0,canada,31,naturalistic,english323.mp3,notyet.gif,regina.gif,eng,2009-06-24
1174,324,english,,st. marys,ontario,canada,28,male,0,canada,28,naturalistic,english324.mp3,notyet.gif,stmarys.gif,eng,2009-06-24
1175,22,italian,,teramo,,italy,23,male,6,,0,academic,italian22.mp3,italian22.gif,teramo.gif,ita,2009-06-27
1176,325,english,,reading,pennsylvania,usa,32,male,0,usa,32,naturalistic,english325.mp3,notyet.gif,reading.gif,eng,2009-06-30
1177,23,italian,,cuneo,,italy,34,female,14,usa,10,academic,italian23.mp3,italian23.gif,cuneo.gif,ita,2009-07-01
1178,4,slovak,,bratislava,,slovakia,20,female,15,usa,1,academic,slovak4.mp3,slovak4.gif,bratislava.gif,slk,2009-07-07
1180,5,kurdish,kurmanji,sulaymaniyah,,iraq,32,male,11,usa,12,academic,kurdish5.mp3,kurdish5.gif,sulaymaniyah.gif,kmr,2009-07-09
1181,31,arabic,,baghdad,,iraq,47,female,12,usa,0.3,academic,arabic31.mp3,arabic31.gif,baghdad.gif,acm,2009-07-09
1182,1,kalanga,ikalanga,francistown,,botswana,30,male,9,"botswana, usa",30,academic,kalanga1.mp3,kalanga1.gif,francistown.gif,kck,"9 july 2009. residence: 29 years botswana, 1 year usa"
1183,2,tswana,setswana,lobatse,,botswana,32,female,6,botswana,32,academic,tswana2.mp3,tswana2.gif,lobatse.gif,tsn,10 july 2009. residence 32 years botwana
1184,1,ibibio,,uyo,akwa ibom,nigeria,52,male,3,"nigeria, uk, usa",52,naturalistic,ibibio1.mp3,ibibio1.gif,uyo.gif,ibb,"11 july 2009. residence: nigeria 39 years; uk 1 year, usa 12 years"
1185,2,ibibio,,abak,akwa ibom,nigeria,45,female,4,"nigeria, uk, usa",45,naturalistic,ibibio2.mp3,ibibio2.gif,abak.gif,ibb,"11 july 2009. residence: nigeria 27 years; uk 5 years, usa 13 years"
1186,3,catalan,,santiago,,chile,51,female,11,usa,40,naturalistic,catalan3.mp3,catalan3.gif,santiago.gif,cat,2009-07-11
1187,28,portuguese,,sao paulo,,brazil,36,female,10,usa,12,academic,portuguese28.mp3,portuguese28.gif,saopaulo.gif,por,2009-07-14
1188,326,english,,fairborn,ohio,usa,53,male,0,usa,50,naturalistic,english326.mp3,notyet.gif,fairborn.gif,eng,14 july 2009. residence: 3 years in netherlands
1189,35,french,,toulouse,,france,27,male,10,,0,academic,french35.mp3,french35.gif,toulouse.gif,fra,2009-07-11
1190,1,kabyle,tamazight,algiers,,algeria,26,female,12,,0,academic,kabyle1.mp3,kabyle1.gif,algiers.gif,kab,2009-07-16
1191,27,russian,,moscow,,russia,21,male,14,,0,naturalistic,russian27.mp3,russian27.gif,moscow.gif,rus,2009-07-15
1192,10,vietnamese,,quang nam,,vietnam,57,female,18,usa,16,academic,vietnamese10.mp3,vietnamese10.gif,quangnam.gif,vie,2009-07-17
1193,1,nandi,,eldoret,,kenya,35,male,18,usa,15,academic,nandi1.mp3,nandi1.gif,eldoret.gif,niq,2009-07-18
1194,2,malay,,kuching,sarawak,malaysia,22,male,5,usa,3,naturalistic,malay2.mp3,malay2.gif,kuching.gif,zlm,2009-07-20
1195,11,swedish,,espoo,,finland,36,female,10,usa,16,academic,swedish11.mp3,swedish11.gif,espoo.gif,swe,2009-07-20
1196,23,korean,,seoul,,south korea,49,female,12,usa,5,academic,korean23.mp3,korean23.gif,seoul.gif,kor,2009-07-27
1197,6,kurdish,,sulaymaniyah,,iraq,57,female,11,usa,12,academic,kurdish6.mp3,kurdish6.gif,sulaymaniyah.gif,kmr,2009-07-27
1198,28,russian,,minsk,,belarus,25,female,11,usa,4,academic,russian28.mp3,russian28.gif,minsk.gif,rus,2009-07-27
1199,6,mongolian,khalkha mongol,sukhbaatar,,mongolia,29,female,26,usa,3,academic,mongolian6.mp3,mongolian6.gif,sukhbaatar.gif,khk,2009-07-29
1200,1,sa'a,,riverside,small malaita,solomon islands,52,male,7,"australia, usa",2,academic,sa'a1.mp3,sa'a1.gif,riversidesolomonislands.gif,apb,2009-07-28
1201,11,vietnamese,,quang nam,,vietnam,67,male,15,usa,16,academic,vietnamese11.mp3,vietnamese11.gif,quangnam.gif,vie,2009-07-31
1202,10,hindi,hindi-urdu,new delhi,,india,19,female,10.5,usa,8,naturalistic,hindi10.mp3,hindi10.gif,newdelhi.gif,hin,2009-07-31
1203,32,arabic,,baghdad,,iraq,42,male,12,usa,16,academic,arabic32.mp3,arabic32.gif,baghdad.gif,acm,2009-07-31
1204,33,arabic,,baghdad,,iraq,28,female,11,usa,0.3,academic,arabic33.mp3,arabic33.gif,baghdad.gif,acm,2009-07-31
1205,327,english,,dunedin,florida,usa,27,male,0,usa,27,naturalistic,english327.mp3,notyet.gif,dunedinfl.gif,eng,2009-08-02
1206,328,english,,hollywood,florida,usa,23,female,0,usa,23,naturalistic,english328.mp3,notyet.gif,hollywoodfl.gif,eng,2009-08-02
1207,329,english,,boise,idaho,usa,21,female,0,usa,19,naturalistic,english329.mp3,notyet.gif,boise.gif,eng,3 august 2009.  living in philippines for 2 years.
1208,330,english,,augusta,georgia,usa,18,female,0,usa,18,naturalistic,english330.mp3,notyet.gif,augusta.gif,eng,2009-08-06
1209,331,english,,perth,,australia,28,female,0,australia,28,naturalistic,english331.mp3,notyet.gif,perth.gif,eng,"13 august, 2009"
1210,21,turkish,,istanbul,,turkey,18,female,4,usa,3,naturalistic,turkish21.mp3,turkish21.gif,istanbul.gif,tur,"13 august, 2009"
1211,6,norwegian,,askim,,norway,29,male,10,usa,4,academic,norwegian6.mp3,norwegian6.gif,askim.gif,nor,2009-08-31
1212,332,english,,baltimore,maryland,usa,20,female,0,usa,20,naturalistic,english332.mp3,notyet.gif,baltimore.gif,eng,2009-09-06
1213,1,northern sotho,sepedi,polokwane,limpopo,south africa,36,female,6,"south africa, usa",36,academic,northernsotho1.mp3,northernsotho1.gif,polokwane.gif,nso,"19 september 2009.  residence: 35.8 years south africa, 2 months usa"
1214,333,english,,spokane,washington,usa,32,female,0,usa,29,naturalistic,english333.mp3,notyet.gif,spokane.gif,eng,22 september 2009. spent 3 years in germany
1215,334,english,,derby,england,uk,18,female,0,uk,18,naturalistic,english334.mp3,notyet.gif,derby.gif,eng,2009-09-22
1216,335,english,,washington,district of columbia,usa,6,male,0,usa,6,naturalistic,english335.mp3,notyet.gif,washington.gif,eng,2009-09-27
1217,336,english,,baltimore,maryland,usa,46,female,0,usa,44,naturalistic,english336.mp3,notyet.gif,baltimore.gif,eng,29 septemtber 2009
1218,337,english,,jersey city,new jersey,usa,84,female,0,"usa, canada",84,naturalistic,english337.mp3,notyet.gif,jerseycity.gif,eng,12 october 2009.  residence: 48 years usa; 30 years canada
1219,338,english,,sydney,,australia,53,female,0,"australia, canada",53,naturalistic,english338.mp3,notyet.gif,sydney.gif,eng,12 october 2009.  residence: 8 years australia; 43 years canada
1220,339,english,,chicago,illinois,usa,54,male,0,"usa, canada",54,naturalistic,english339.mp3,notyet.gif,chicago.gif,eng,12 october 2009.  residence: 25 years usa; 29 years canada
1221,6,finnish,,riihimaki,,finland,19,female,9,,0,academic,finnish6.mp3,finnish6.gif,riihimaki.gif,fin,2009-09-16
1222,340,english,,charleston,west virginia,usa,19,male,0,usa,19,naturalistic,english340.mp3,notyet.gif,charlestonwv.gif,eng,2009-10-19
1223,15,dutch,,nunspeet,,netherlands,23,male,10,south africa,9,naturalistic,dutch15.mp3,dutch15.gif,nunspeet.gif,nld,2009-10-23
1224,341,english,,new york,new york,usa,23,female,0,usa,23,naturalistic,english341.mp3,notyet.gif,newyork.gif,eng,2009-10-27
1225,342,english,,kansas city,missouri,usa,33,male,0,usa,33,naturalistic,english342.mp3,notyet.gif,kansascity.gif,eng,2009-10-30
1226,343,english,,portland,maine,usa,23,male,0,usa,23,naturalistic,english343.mp3,notyet.gif,portland_maine.gif,eng,11 november 2009.  residence: minnesota for college
1227,68,spanish,,san fernando,,chile,27,male,14,australia,0.8,academic,spanish68.mp3,notyet.gif,sanfernando_chile.gif,spa,2009-11-22
1228,6,armenian,,armavir,,russia,23,male,11,,0,academic,armenian6.mp3,armenian6.gif,armavir.gif,hye,25 november 2009.  speaks russian since very young
1229,69,spanish,,caracas,,venezuela,20,female,7,usa,10,naturalistic,spanish69.mp3,notyet.gif,caracas.gif,spa,25 november 2009.
1230,70,spanish,,bogota,,colombia,30,female,10,usa,1.5,academic,spanish70.mp3,notyet.gif,bogota.gif,spa,2009-11-28
1231,71,spanish,,rosario,,argentina,24,male,6,,0,academic,spanish71.mp3,notyet.gif,rosario.gif,spa,2009-12-06
1232,344,english,,lumberton,north carolina,usa,19,female,0,usa,19,naturalistic,english344.mp3,notyet.gif,lumberton.gif,eng,2009-12-12
1233,345,english,,kansas city,missouri,usa,20,male,0,usa,20,naturalistic,english345.mp3,notyet.gif,kansascity.gif,eng,2009-12-13
1234,2,kazakh,,almaty,,kazakhstan,22,male,6,"uk, india",0.4,academic,kazakh2.mp3,kazakh2.gif,almaty.gif,kaz,"15 december 2009.  residence: 3 months uk, 1 month india"
1235,346,english,,east hartford,connecticut,usa,60,male,0,usa,60,naturalistic,english346.mp3,notyet.gif,easthartford.gif,eng,2009-12-22
1236,347,english,,burnsville,minnesota,usa,22,female,0,usa,22,naturalistic,english347.mp3,notyet.gif,burnsville.gif,eng,2009-12-23
1237,348,english,,las pinas,,philippines,20,female,0,philippines,20,naturalistic,english348.mp3,notyet.gif,laspinas.gif,eng,24 december 2009; bilingual with tagalog
1238,72,spanish,,miami,florida,usa,20,female,5,usa,20,naturalistic,spanish72.mp3,notyet.gif,miami.gif,spa,2009-12-25
1239,349,english,,warrenton,virginia,usa,24,female,0,usa,24,naturalistic,english349.mp3,notyet.gif,warrenton.gif,eng,2009-12-29
1240,73,spanish,,merida,,venezuela,19,male,15,uk,0.1,academic,spanish73.mp3,notyet.gif,merida.gif,spa,2010-01-03
1241,350,english,,polesworth,staffordshire,uk,18,female,0,uk,18,naturalistic,english350.mp3,notyet.gif,polesworth.gif,eng,2009-12-08
1242,351,english,,carthage,missouri,usa,37,male,0,usa,37,naturalistic,english351.mp3,notyet.gif,carthage_mo.gif,eng,2010-01-05
1243,352,english,,singapore,,singapore,25,male,0,singapore,25,naturalistic,english352.mp3,notyet.gif,singapore.gif,eng,2010-01-20
1244,1,faroese,,torshavn,,faroe islands,28,male,11,,0,academic,faroese1.mp3,faroese1.gif,torshavn.gif,fao,2010-02-08
1245,15,polish,,ketrzyn,,poland,25,female,9,,0,academic,polish15.mp3,polish15.gif,ketrzyn.gif,pol,2010-02-17
1246,353,english,,saskatoon,saskatchewan,canada,18,male,0,canada,18,naturalistic,english353.mp3,notyet.gif,saskatoon.gif,eng,2010-02-19
1247,19,cantonese,chinese,hong kong,,china,28,female,7,usa,0.1,academic,cantonese19.mp3,cantonese19.gif,hongkong.gif,yue,2010-02-17
1248,6,czech,,ostrava,,czech republic,20,male,7,,0,academic,czech6.mp3,czech6.gif,ostrava.gif,ces,2010-02-26
1249,74,spanish,,zaragoza,,spain,44,male,14,,0,academic,spanish74.mp3,notyet.gif,zaragoza.gif,spa,2010-02-27
1250,354,english,,christchurch,,new zealand,23,female,0,"new zealand, ireland, uk, usa",22,naturalistic,english354.mp3,notyet.gif,christchurch.gif,eng,10 march 2010.  residence: new zealand 14 yrs.;ireland 4 yrs.; uk 1 yr.; oregon 3 yrs.
1251,1,chaldean,chaldean neo aramaic,baghdad,,iraq,41,male,5,usa,31,naturalistic,chaldean1.mp3,chaldean1.gif,baghdad.gif,cld,2010-03-13
1252,1,yakut,,yakutsk,,russia,19,female,13,,0,academic,yakut1.mp3,yakut1.gif,yakutsk.gif,sah,14 march 2010.  russian may also be native language
1253,34,arabic,,kuwait city,,kuwait,34,female,6,usa,4,academic,arabic34.mp3,arabic34.gif,kuwaitcity.gif,afb,17 march 2010.  went to a bilingual school at age 6
1254,29,russian,,chisinau,,moldova,21,male,6,,0,academic,russian29.mp3,russian29.gif,chisinau.gif,rus,19 march 2010.  residence: has lived in germany sinc age 9.
1255,23,german,,herdecke,,germany,24,male,11,uk,0.2,academic,german23.mp3,german23.gif,herdecke.gif,deu,2010-03-23
1256,355,english,,los angeles,california,usa,19,male,0,usa,19,naturalistic,english355.mp3,notyet.gif,losangeles.gif,eng,2010-03-26
1257,356,english,,morden,manitoba,canada,23,female,0,canada,23,naturalistic,english356.mp3,notyet.gif,morden.gif,eng,2010-03-26
1258,357,english,,alto,georgia,usa,24,male,0,usa,24,naturalistic,english357.mp3,notyet.gif,alto.gif,eng,2010-04-11
1259,358,english,,fredericton,new brunswick,canada,19,male,0,canada,19,naturalistic,english358.mp3,notyet.gif,fredericton.gif,eng,2010-04-11
1260,16,dutch,,antwerp,,belgium,23,female,12,,0,academic,dutch16.mp3,dutch16.gif,antwerp.gif,nld,2010-04-02
1261,17,dutch,,wilrijk,,belgium,21,female,12,,0,academic,dutch17.mp3,dutch17.gif,wilrijk.gif,nld,2010-04-02
1262,18,dutch,,antwerp,,belgium,23,male,14,,0,academic,dutch18.mp3,dutch18.gif,antwerp.gif,nld,2010-04-02
1263,19,dutch,,heist-op-den-berg,,belgium,22,female,11,,0,academic,dutch19.mp3,dutch19.gif,heist_op_den_berg.gif,nld,2010-04-02
1264,20,dutch,,vlaams-brabant,,belgium,21,female,13,usa,0.75,academic,dutch20.mp3,dutch20.gif,vlaams_brabant.gif,nld,2010-04-02
1265,21,dutch,,diest,,belgium,21,female,13,,0,academic,dutch21.mp3,dutch21.gif,diest.gif,nld,2010-04-03
1266,22,dutch,,essen,,belgium,23,female,13,,0,academic,dutch22.mp3,dutch22.gif,essen.gif,nld,2010-04-03
1267,5,lithuanian,,klaipeda,,lithuania,24,female,9,ireland,0.75,academic,lithuanian5.mp3,lithuanian5.gif,klaipeda.gif,lit,2010-04-04
1268,23,dutch,,antwerp,,belgium,23,male,13,,0,academic,dutch23.mp3,dutch23.gif,antwerp.gif,nld,2010-04-05
1269,24,dutch,,seoul,,south korea,23,female,14,,0,academic,dutch24.mp3,dutch24.gif,seoul.gif,nld,2010-04-07
1270,25,dutch,,wilrijk,,belgium,23,female,13,,0,academic,dutch25.mp3,dutch25.gif,wilrijk.gif,nld,2010-04-07
1271,26,dutch,,turnhout,,belgium,23,female,13,,0,academic,dutch26.mp3,dutch26.gif,turnhout.gif,nld,2010-04-05
1272,1,rundi,kirundi,bururi,,burundi,36,male,14,uk,0.1,academic,rundi1.mp3,rundi1.gif,bururi.gif,run,2010-04-01
1273,75,spanish,,lima,,peru,28,female,5,usa,8,academic,spanish75.mp3,notyet.gif,lima.gif,spa,2010-04-15
1274,27,dutch,,antwerp,,belgium,21,female,13,usa,1,academic,dutch27.mp3,dutch27.gif,antwerp.gif,nld,3 april 2010  lived in the usa for one year before age 13.
1275,28,dutch,,antwerp,,belgium,22,male,8,,0,naturalistic,dutch28.mp3,dutch28.gif,antwerp.gif,nld,2010-04-20
1276,359,english,,sackville,new brunswick,canada,32,male,0,"canada, usa",32,naturalistic,english359.mp3,notyet.gif,sackville.gif,eng,"25 april 2010. residence: grew up in ottowa canada; spend 5 years in montreal, 5 years in california, 3 years in toronto"
1277,360,english,,erie,pennsylvania,usa,19,female,0,usa,19,naturalistic,english360.mp3,notyet.gif,erie.gif,eng,2010-04-26
1278,16,polish,,koszalin,,poland,19,male,8,,0,academic,polish16.mp3,polish16.gif,koszalin.gif,pol,2010-04-28
1279,30,russian,,stavropol,,russia,18,male,12,,0,academic,russian30.mp3,russian30.gif,stavropol.gif,rus,2010-05-08
1280,361,english,,burnsville,minnesota,usa,20,female,0,usa,20,naturalistic,english361.mp3,notyet.gif,burnsville.gif,eng,2010-05-10
1281,362,english,,cork,,ireland,21,male,0,ireland,21,naturalistic,english362.mp3,notyet.gif,cork.gif,eng,2010-05-18
1282,22,turkish,,istanbul,,turkey,23,male,6,,0,academic,turkish22.mp3,turkish22.gif,istanbul.gif,tur,2010-05-21
1283,17,serbian,,belgrade,,serbia,29,female,10,,0,academic,serbian17.mp3,serbian17.gif,belgrade.gif,srp,2010-05-23
1284,29,portuguese,,vitoria,,brazil,28,male,8,,0,academic,portuguese29.mp3,portuguese29.gif,vitoria.gif,por,2010-05-24
1285,30,portuguese,,juiz de fora,,brazil,26,female,24,,0,academic,portuguese30.mp3,portuguese30.gif,juiz_de_fora.gif,por,2010-05-27
1286,31,portuguese,,belo horizonte,,brazil,29,male,16,uk,0.5,academic,portuguese31.mp3,portuguese31.gif,belo_horizonte.gif,por,2010-05-29
1287,363,english,,castle donington,,uk,20,male,0,uk,20,naturalistic,english363.mp3,notyet.gif,castle_donington.gif,eng,2010-06-01
1288,364,english,,sydney,,australia,28,female,0,australia,24,naturalistic,english364.mp3,notyet.gif,sydney.gif,eng,2010-06-01
1289,9,bosnian,,sarajevo,,bosnia and herzegovina,47,male,5,"uk, usa, south africa",15,academic,bosnian9.mp3,bosnian9.gif,sarajevo.gif,bos,2010-06-01
1290,76,spanish,,la paz,,bolivia,27,male,10,uk,4,academic,spanish76.mp3,notyet.gif,lapaz.gif,spa,2010-06-01
1291,23,turkish,,adana,,turkey,37,female,11,,0,academic,turkish23.mp3,turkish23.gif,adana.gif,tur,2010-06-01
1292,365,english,,oxford,,uk,52,male,0,uk,52,naturalistic,english365.mp3,notyet.gif,oxford.gif,eng,2010-06-01
1293,366,english,,bournesmouth,,uk,25,female,0,uk,25,naturalistic,english366.mp3,notyet.gif,bournesmouth.gif,eng,2010-06-01
1294,367,english,,birkenhead,,uk,25,female,0,uk,23,naturalistic,english367.mp3,notyet.gif,birkenhead.gif,eng,2010-06-01
1295,368,english,,strattford-on-avon,,uk,43,male,0,"uk, singapore",43,naturalistic,english368.mp3,notyet.gif,strattford_on_avon.gif,eng,1 june 2010; residence: 1 year singaport
1296,1,luxembourgeois,,luxembourg,,luxembourg,54,female,12,"uk, usa",4,academic,luxembourgeois1.mp3,luxembourgeois1.gif,luxembourg.gif,ltz,2010-06-02
1297,369,english,,mcminnville,oregon,usa,27,male,0,usa,27,naturalistic,english369.mp3,notyet.gif,mcminnville.gif,eng,2010-06-08
1298,8,hungarian,,pinkoc,,hungary,86,female,86,,0,naturalistic,hungarian8.mp3,hungarian8.gif,pinkoc.gif,hun,2010-06-18
1299,2,chaldean,,baghdad,,iraq,62,female,11,usa,36,academic,chaldean2.mp3,chaldean2.gif,baghdad.gif,cld,2010-06-17
1300,29,dutch,,ede,,netherlands,29,male,7,,0,academic,dutch29.mp3,dutch29.gif,ede.gif,nld,2010-06-17
1301,77,spanish,,jalisco,,mexico,45,male,13,usa,2,academic,spanish77.mp3,notyet.gif,jalisco.gif,spa,"22 june 2010.  residence born in mexico city, but grew up in jalisco"
1302,370,english,,pondicherry,,india,22,male,0,"canada, ireland",16,naturalistic,english370.mp3,notyet.gif,pondicherry.gif,eng,2010-06-25
1303,371,english,,colorado springs,colorado,usa,27,female,0,"usa, canada",27,naturalistic,english371.mp3,notyet.gif,colorado_springs.gif,eng,2010-07-01
1304,36,french,,reims,,france,32,female,10,"usa, canada",1.5,academic,french36.mp3,french36.gif,reims.gif,fra,16 july 2010. father spoke vietnamese
1305,32,portuguese,,volta redonda,,brazil,29,male,12,"australia, usa",5,naturalistic,portuguese32.mp3,portuguese32.gif,volta_redonda.gif,por,"19 july 2010. residence:2.5 years australia, 2.5 years usa"
1306,37,french,,strasbourg,,france,42,male,14,usa,2,naturalistic,french37.mp3,french37.gif,strasbourg.gif,fra,2010-07-22
1307,372,english,,christiansburg,virginia,usa,80,male,0,usa,80,naturalistic,english372.mp3,notyet.gif,christiansburg.gif,eng,2010-07-26
1308,373,english,,russellville,kentucky,usa,22,male,0,usa,22,naturalistic,english373.mp3,notyet.gif,russellville.gif,eng,2010-07-29
1309,6,indonesian,bahasa indonesia,jakarta,,indonesia,20,male,8,usa,2.5,academic,indonesian6.mp3,indonesian6.gif,jakarta.gif,ind,2010-08-10
1310,374,english,,milford haven,wales,uk,36,male,0,uk,36,naturalistic,english374.mp3,notyet.gif,milford_haven.gif,eng,2010-08-14
1311,31,russian,,tallinn,,estonia,21,male,4,uk,0.75,naturalistic,russian31.mp3,russian31.gif,tallinn.gif,rus,2010-08-17
1312,375,english,,manchester,connecticut,usa,28,male,0,"usa, uk",28,naturalistic,english375.mp3,notyet.gif,manchester_cn.gif,eng,18 august 2010.  residence: 2 years uk.
1313,2,estonian,,viljandi,,estonia,27,male,12,,0,academic,estonian2.mp3,estonian2.gif,viljandi.gif,ekk,2010-08-23
1314,32,russian,,kiev,,ukraine,31,female,14,,0,academic,russian32.mp3,notyet.gif,kiev.gif,rus,"26 august, 2010.  ukrainian is listed as co-native"
1315,376,english,,pasadena,california,usa,46,male,0,usa,46,naturalistic,english376.mp3,notyet.gif,pasadena.gif,eng,2010-08-27
1316,33,portuguese,,brasilia,,brazil,38,male,28,"australia, new zealand",1,academic,portuguese33.mp3,portuguese33.gif,brasilia.gif,por,2010-08-27
1317,33,russian,,karaganda,,kazakhstan,24,female,17,usa,4,academic,russian33.mp3,notyet.gif,karaganda.gif,rus,2010-08-30
1318,7,kurdish,,sanandaj,,iran,29,male,13,,0,academic,kurdish7.mp3,kurdish7.gif,sanandaj.gif,sdh,2010-08-30
1319,377,english,,trenton,michigan,usa,32,female,0,usa,32,naturalistic,english377.mp3,notyet.gif,trenton_mi.gif,eng,2010-05-16
1320,378,english,,silver spring,maryland,usa,38,female,0,usa,38,naturalistic,english378.mp3,notyet.gif,silverspring.gif,eng,2010-05-21
1321,379,english,,summit,new jersey,usa,43,male,0,usa,43,naturalistic,english379.mp3,notyet.gif,summit.gif,eng,2010-05-21
1322,25,italian,,wiesbaden,,germany,40,male,3.5,usa,27,naturalistic,italian25.mp3,italian25.gif,wiesbaden.gif,ita,2010-05-21
1323,380,english,,roanoke,virginia,usa,34,female,0,usa,33,naturalistic,english380.mp3,notyet.gif,roanoke.gif,eng,2010-05-21
1324,381,english,,pike county,kentucky,usa,85,male,0,usa,85,naturalistic,english381.mp3,notyet.gif,pike_county.gif,eng,2010-05-26
1325,382,english,,arlington,virginia,usa,34,male,0,usa,29,naturalistic,english382.mp3,notyet.gif,arlington.gif,eng,2010-05-26
1326,383,english,,washington,district of columbia,usa,32,female,0,usa,22,naturalistic,english383.mp3,notyet.gif,washington.gif,eng,2010-05-26
1327,384,english,,williamson,west virginia,usa,57,male,0,usa,57,naturalistic,english384.mp3,notyet.gif,williamson.gif,eng,2010-05-26
1328,385,english,,mcveigh,kentucky,usa,77,female,0,usa,77,naturalistic,english385.mp3,notyet.gif,mcveigh.gif,eng,2010-05-26
1329,24,turkish,,istanbul,,turkey,31,male,12,usa,10,academic,turkish24.mp3,turkish24.gif,istanbul.gif,tur,2010-05-26
1330,386,english,,los angeles,california,usa,56,female,0,usa,56,naturalistic,english386.mp3,notyet.gif,losangeles.gif,eng,2010-07-01
1331,387,english,,lancaster,california,usa,21,female,0,usa,21,naturalistic,english387.mp3,notyet.gif,lancaster.gif,eng,2010-07-01
1332,388,english,,bluefield,west virginia,usa,70,female,0,usa,70,naturalistic,english388.mp3,notyet.gif,bluefield.gif,eng,2010-07-13
1333,389,english,,aldie,virginia,usa,71,female,0,usa,71,naturalistic,english389.mp3,notyet.gif,aldie.gif,eng,2010-07-13
1334,390,english,,milwaukee,wisconsin,usa,74,male,0,usa,67,naturalistic,english390.mp3,notyet.gif,milwaukee.gif,eng,2010-07-13
1335,391,english,,milton,florida,usa,84,female,0,usa,84,naturalistic,english391.mp3,notyet.gif,milton.gif,eng,2010-07-13
1336,392,english,,warrenton,virginia,usa,62,male,0,usa,62,naturalistic,english392.mp3,notyet.gif,warrenton.gif,eng,2010-07-13
1337,393,english,,washington,district of columbia,usa,58,female,0,usa,58,naturalistic,english393.mp3,notyet.gif,washington.gif,eng,2010-07-13
1338,78,spanish,,lima,,peru,55,female,5,usa,16,academic,spanish78.mp3,notyet.gif,lima.gif,spa,2010-07-13
1339,394,english,,aiken,south carolina,usa,82,female,0,usa,82,naturalistic,english394.mp3,notyet.gif,aiken.gif,eng,2010-07-13
1340,395,english,,alexandria,virginia,usa,39,male,0,usa,39,naturalistic,english395.mp3,notyet.gif,alexandria.gif,eng,2010-07-13
1341,396,english,,orange,virginia,usa,48,female,0,usa,48,naturalistic,english396.mp3,notyet.gif,orange.gif,eng,2010-07-13
1342,397,english,,wadesboro,north carolina,usa,76,female,0,usa,76,naturalistic,english397.mp3,notyet.gif,wadesboro.gif,eng,2010-07-13
1343,398,english,,salisbury,north carolina,usa,83,female,0,usa,83,naturalistic,english398.mp3,notyet.gif,salisbury.gif,eng,2010-07-13
1344,79,spanish,,lamas,,peru,70,female,22,usa,41,academic,spanish79.mp3,notyet.gif,lamas.gif,spa,2010-07-13
1345,399,english,,la grange,georgia,usa,80,female,0,usa,80,naturalistic,english399.mp3,notyet.gif,lagrange.gif,eng,2010-07-13
1346,80,spanish,,bogota,,colombia,77,female,75,usa,12,naturalistic,spanish80.mp3,spanish80.gif,bogota.gif,spa,2010-07-13
1347,81,spanish,,san juan,,puerto rico,63,female,7,usa,2.5,academic,spanish81.mp3,spanish81.gif,sanjuan.gif,spa,2010-07-13
1348,400,english,,shanklin,isle of wight,uk,59,female,0,canada,55,naturalistic,english400.mp3,notyet.gif,shanklin.gif,eng,2010-09-12
1349,401,english,,lucerne,,switzerland,26,male,0,australia,26,naturalistic,english401.mp3,notyet.gif,lucerne.gif,eng,2010-09-13
1350,402,english,,canberra,,australia,26,female,0,australia,26,naturalistic,english402.mp3,notyet.gif,canberra.gif,eng,2010-09-13
1351,403,english,,sydney,,australia,29,female,0,australia,29,naturalistic,english403.mp3,notyet.gif,sydney.gif,eng,2010-09-13
1352,404,english,,windsor,,australia,29,male,0,australia,29,naturalistic,english404.mp3,notyet.gif,windsor_australia.gif,eng,2010-09-13
1353,405,english,,geelong,,australia,32,female,0,"australia, usa",30,naturalistic,english405.mp3,notyet.gif,geelong.gif,eng,"19 september 2010.  residence: 2 years in germany and indonesia, 1.5 years in usa and new zealand"
1354,1,malagasy,,antananarivo,,madagascar,44,male,20,usa,5,academic,malagasy1.mp3,malagasy1.gif,antananarivo.gif,plt,2010-09-17
1355,5,pashto,,kandahar,,afghanistan,52,female,22,usa,28,naturalistic,pashto5.mp3,pashto5.gif,kandahar.gif,pbt,2010-09-20
1356,6,pashto,,kandahar,,afghanistan,59,male,17,usa,28,academic,pashto6.mp3,pashto6.gif,kandahar.gif,pbt,2010-09-20
1357,7,pashto,,kabul,,afghanistan,42,female,20,usa,21,academic,pashto7.mp3,pashto7.gif,kabul.gif,pbt,2010-09-20
1358,406,english,,pensacola,florida,usa,24,female,0,usa,24,naturalistic,english406.mp3,notyet.gif,pensacola.gif,eng,2010-09-23
1359,2,maltese,,marsa,,malta,74,female,6,canada,48,academic,maltese2.mp3,maltese2.gif,marsa.gif,mlt,2010-09-23
1360,407,english,,windsor,ontario,canada,47,male,0,canada,47,naturalistic,english407.mp3,notyet.gif,windsor.gif,eng,2010-09-23
1361,408,english,,lynwood,california,usa,64,male,0,usa,64,naturalistic,english408.mp3,notyet.gif,lynwood.gif,eng,2010-09-25
1362,409,english,,maitland,,australia,60,female,0,australia,60,naturalistic,english409.mp3,notyet.gif,maitland.gif,eng,2010-09-26
1363,410,english,,hamilton,,new zealand,35,male,0,"New Zealand, Australia",35,naturalistic,english410.mp3,notyet.gif,hamilton.gif,eng,2010-09-26
1364,7,tagalog,,manila,,philippines,60,male,6,australia,22,academic,tagalog7.mp3,tagalog7.gif,manila.gif,tgl,2010-09-26
1365,12,japanese,,tokyo,,japan,36,male,12,australia,8.7,academic,japanese12.mp3,japanese12.gif,tokyo.gif,jpn,2010-09-26
1366,5,slovak,,povazska bystrika,,slovakia,32,female,11,australia,10,academic,slovak5.mp3,slovak5.gif,povazska_bystrika.gif,slk,2010-09-26
1367,3,danish,,copenhagen,,denmark,53,female,12,usa,26,academic,danish3.mp3,danish3.gif,copenhagen.gif,dan,2010-09-26
1368,1,nuer,,ayod,,sudan,30,male,15,usa,11,academic,nuer1.mp3,nuer1.gif,ayod.gif,nus,2010-09-23
1369,2,ganda,luganda,kampala,,uganda,34,male,5,"uganda, usa",34,academic,ganda2.mp3,ganda2.gif,kampala.gif,lug,"24 september 2010.  residence:  uganda 33 years, usa 0.3 years"
1370,24,korean,,seoul,,south korea,42,male,13,usa,3,academic,korean24.mp3,korean24.gif,seoul.gif,kor,2010-10-08
1371,411,english,,washington,district of columbia,usa,26,female,0,usa,26,naturalistic,english411.mp3,notyet.gif,washington.gif,eng,2010-10-05
1372,412,english,,washington,district of columbia,usa,31,female,0,usa,25,naturalistic,english412.mp3,notyet.gif,washington.gif,eng,2010-10-05
1373,413,english,,manchester,england,uk,20,female,0,uk,20,naturalistic,english413.mp3,notyet.gif,manchester.gif,eng,2010-10-06
1374,414,english,,woonsocket,rhode island,usa,30,female,0,usa,30,naturalistic,english414.mp3,notyet.gif,woonsocket.gif,eng,2010-10-19
1375,415,english,,woonsocket,rhode island,usa,32,male,0,usa,32,naturalistic,english415.mp3,notyet.gif,woonsocket.gif,eng,2010-10-19
1376,34,portuguese,,porto alegre,,brazil,18,male,14,new zealand,1,naturalistic,portuguese34.mp3,portuguese34.gif,portoalegre.gif,por,2010-10-23
1377,416,english,,sydney,,australia,34,male,0,"australia, usa",20,naturalistic,english416.mp3,notyet.gif,sydney.gif,eng,"24 october 2010.  residence: 10 years australia, 10 years usa.  considers himself blingual with portuguese"
1378,13,farsi,persian,ghasreshirin,,iran,37,male,12,usa,10,academic,farsi13.mp3,farsi13.gif,ghasreshirin.gif,pes,2010-10-19
1379,8,ukrainian,,luhansk,,ukraine,23,male,17,usa,2,naturalistic,ukrainian8.mp3,ukrainian8.gif,luhansk.gif,ukr,19 october 2010.  considers himself bilingual with russian.
1380,417,english,,cardiff,wales,uk,20,female,0,uk,20,naturalistic,english417.mp3,notyet.gif,cardiff.gif,eng,2010-10-25
1381,13,japanese,,gunma,,japan,28,male,11,usa,0.1,academic,japanese13.mp3,japanese13.gif,gunma.gif,jpn,2010-10-25
1382,14,japanese,,akashi,,japan,37,female,12,usa,0.8,academic,japanese14.mp3,japanese14.gif,akashi.gif,jpn,2010-10-26
1383,24,german,,niedersachsen,,germany,27,male,10,,0,academic,german24.mp3,german24.gif,niedersachsen.gif,deu,2010-10-28
1384,418,english,,arlington,,virginia,29,male,0,usa,29,naturalistic,english418.mp3,notyet.gif,arlington.gif,eng,2010-10-27
1385,419,english,,youngstown,ohio,usa,27,male,0,usa,27,naturalistic,english419.mp3,notyet.gif,youngstown.gif,eng,2010-11-03
1386,25,korean,,anseong,kyong gi,south korea,34,female,12,usa,6,academic,korean25.mp3,korean25.gif,anseong.gif,kor,2010-11-07
1387,420,english,,auckland,,new zealand,21,male,0,new zealand,21,naturalistic,english420.mp3,notyet.gif,auckland.gif,eng,2010-11-09
1388,421,english,,landstuhl,,germany,38,male,0,usa,25,naturalistic,english421.mp3,notyet.gif,landstuhl.gif,eng,"12 november 2010.  residence: first 2 years in germany, then various us and overseas locations."
1389,35,portuguese,,sao paulo,,brazil,22,female,9,usa,0.3,academic,portuguese35.mp3,portuguese35.gif,saopaulo.gif,por,2010-11-16
1390,422,english,,rochester,new york,usa,31,male,0,usa,31,naturalistic,english422.mp3,notyet.gif,rochester.gif,eng,2010-11-17
1391,35,arabic,hijazi,jiddah,,saudi arabia,56,male,16,usa,33,naturalistic,arabic35.mp3,arabic35.gif,jiddah.gif,acw,2010-11-20
1392,36,arabic,hijazi,jiddah,,saudi arabia,36,male,6,"usa, uk",6,academic,arabic36.mp3,arabic36.gif,jiddah.gif,acw,2010-11-20
1393,37,arabic,hijazi,jiddah,,saudi arabia,18,male,16,usa,0.4,academic,arabic37.mp3,arabic37.gif,jiddah.gif,acw,2010-11-20
1394,38,arabic,hijazi,shady grove,maryland,usa,19,female,9,usa,12,academic,arabic38.mp3,arabic38.gif,silverspring.gif,acw,"20 november 2010.  residence:  born in usa, but moved to saudi arabia shortly thereafter.  moved back at age 9."
1395,423,english,,baltimore,maryland,usa,24,female,0,usa,24,naturalistic,english423.mp3,notyet.gif,baltimore.gif,eng,2010-11-22
1396,82,spanish,,la paz,,bolivia,49,male,14,usa,12,academic,spanish82.mp3,spanish82.gif,lapaz.gif,spa,2010-11-20
1397,83,spanish,,la paz,,bolivia,48,male,14,usa,1.4,academic,spanish83.mp3,notyet.gif,lapaz.gif,spa,2010-11-20
1398,84,spanish,,buenos aires,,argentina,19,female,4,usa,0.2,academic,spanish84.mp3,notyet.gif,buenosaires.gif,spa,2010-11-20
1399,85,spanish,,buenos aires,,argentina,44,female,6,,0,academic,spanish85.mp3,notyet.gif,buenosaires.gif,spa,2010-11-20
1400,86,spanish,,buenos aires,,argentina,23,male,4,,0,academic,spanish86.mp3,notyet.gif,buenosaires.gif,spa,2010-11-23
1401,87,spanish,,la paz,,bolivia,55,male,9,"usa, ireland",2.2,academic,spanish87.mp3,notyet.gif,lapaz.gif,spa,2010-11-23
1402,88,spanish,,la paz,,bolivia,53,male,25,usa,29,naturalistic,spanish88.mp3,notyet.gif,lapaz.gif,spa,2010-11-23
1403,7,albanian,,prishtina,,kosovo,45,female,11,usa,12,academic,albanian7.mp3,albanian7.gif,prishtina.gif,als,2010-11-27
1404,8,albanian,,prishtina,,kosovo,43,female,9,usa,13,academic,albanian8.mp3,albanian8.gif,prishtina.gif,als,2010-11-27
1405,39,arabic,hijazi,jiddah,,saudi arabia,22,male,5,usa,2,academic,arabic39.mp3,arabic39.gif,jiddah.gif,acw,2010-11-28
1406,24,italian,,milan,,italy,23,female,6,,0,academic,italian24.mp3,italian24.gif,milan.gif,ita,2010-12-02
1407,34,russian,,vladivostok,,russia,19,male,15,new zealand,2,academic,russian34.mp3,notyet.gif,vladivostok.gif,rus,2010-12-03
1408,9,hausa,,kaltungo,gombe,nigeria,43,male,5,"nigeria, uk, usa",43,naturalistic,hausa9.mp3,hausa9.gif,kaltungo.gif,hau,"4 december 2010.  residence: 34 yrs. nigeria, 5 yrs uk, 4 yrs usa"
1409,424,english,,danville,virginia,usa,75,male,0,usa,75,naturalistic,english424.mp3,notyet.gif,danville.gif,eng,2010-12-25
1410,425,english,,danville,virginia,usa,31,male,0,usa,31,naturalistic,english425.mp3,notyet.gif,danville.gif,eng,"25 december 2010.  moved to florence, sc at age 3.  father is 424, mother is 427"
1411,426,english,,florence,south carolina,usa,30,female,0,usa,30,naturalistic,english426.mp3,notyet.gif,florence_sc.gif,eng,2010-12-25
1412,427,english,,hanover,pennsylvania,usa,68,female,0,usa,68,naturalistic,english427.mp3,notyet.gif,hanover.gif,eng,2010-12-25
1413,428,english,,kingstree,south carolina,usa,55,female,0,usa,55,naturalistic,english428.mp3,notyet.gif,kingstree.gif,eng,2010-12-25
1414,4,catalan,,barcelona,,spain,21,female,11,finland,0.5,academic,catalan4.mp3,catalan4.gif,barcelona.gif,cat,2011-01-10
1415,8,greek,,athens,,greece,37,male,3,uk,0.2,academic,greek8.mp3,greek8.gif,athens.gif,ell,2011-01-11
1416,429,english,,philadelphia,pennsylvania,usa,19,female,0,usa,19,naturalistic,english429.mp3,notyet.gif,philadelphia.gif,eng,2011-01-13
1417,2,xiang,chinese,changsha,hunan,china,30,male,12,usa,4.5,academic,xiang2.mp3,xiang2.gif,changsha.gif,hsn,2011-01-14
1418,9,greek,,athens,,greece,23,female,6,,0,academic,greek9.mp3,greek9.gif,athens.gif,ell,2011-01-18
1419,430,english,,melbourne,,australia,23,female,0,australia,23,naturalistic,english430.mp3,notyet.gif,melbourne.gif,eng,2011-01-20
1420,40,arabic,hijazi,jiddah,,saudi arabia,19,male,13,usa,0.1,academic,arabic40.mp3,arabic40.gif,jiddah.gif,acw,2011-02-01
1421,41,arabic,hijazi,riyadh,,saudi arabia,25,male,7,usa,1.5,academic,arabic41.mp3,arabic41.gif,riyadh.gif,acw,2011-02-01
1422,42,arabic,hijazi,jiddah,,saudi arabia,21,male,13,usa,0.5,academic,arabic42.mp3,arabic42.gif,jiddah.gif,acw,2011-02-01
1423,431,english,,green bay,wisconsin,usa,23,female,0,usa,23,naturalistic,english431.mp3,notyet.gif,green_bay.gif,eng,2011-03-02
1424,38,french,,montreal,quebec,canada,22,male,8,canada,22,academic,french38.mp3,french38.gif,montreal.gif,fra,2011-03-11
1425,89,spanish,,monterrey,,mexico,22,male,13,usa,9,academic,spanish89.mp3,notyet.gif,monterrey.gif,spa,2011-03-16
1426,43,arabic,,beirut,,lebanon,29,female,8,,0,academic,arabic43.mp3,arabic43.gif,beirut.gif,apc,12 march 2011; lived in france since age 4
1427,39,french,,pezenas,,france,28,male,13,,0,academic,french39.mp3,french39.gif,pezenas.gif,fra,2011-03-12
1428,432,english,,dublin,,ireland,22,female,0,ireland,21,naturalistic,english432.mp3,notyet.gif,dublin.gif,eng,2011-03-15
1429,40,french,,rouen,,france,44,female,13.5,uk,1,academic,french40.mp3,french40.gif,rouen.gif,fra,2011-03-15
1430,433,english,,gladwin,michigan,usa,32,female,0,usa,32,naturalistic,english433.mp3,notyet.gif,gladwin.gif,eng,2011-03-29
1431,90,spanish,,caracas,,venezuela,23,female,3,usa,2,naturalistic,spanish90.mp3,notyet.gif,caracas.gif,spa,2011-03-31
1432,5,afrikaans,,cape town,,south africa,19,male,6,australia,9,academic,afrikaans5.mp3,afrikaans5.gif,capetown.gif,afr,2 april 2011.  residence:moved to australia at age 8
1433,91,spanish,,caracas,,venezuela,20,female,7,usa,10,naturalistic,spanish91.mp3,notyet.gif,caracas.gif,spa,2011-04-05
1434,4,danish,,aarhus,,denmark,21,female,11,usa,0.25,academic,danish4.mp3,danish4.gif,aarhus.gif,dan,2011-04-05
1435,92,spanish,,cardenas,,cuba,54,male,9,usa,45,naturalistic,spanish92.mp3,notyet.gif,cardenas.gif,spa,2011-04-05
1436,93,spanish,,santa rosa,,honduras,29,female,18,usa,11,naturalistic,spanish93.mp3,notyet.gif,santa_rosa.gif,spa,2011-04-05
1437,11,hindi,hindi-urdu,chandigarh,,india,20,male,4,usa,7,academic,hindi11.mp3,notyet.gif,chandigarh.gif,hin,2011-04-05
1438,36,portuguese,,uberlandia,,brazil,39,female,15,usa,12,academic,portuguese36.mp3,portuguese36.gif,uberlandia.gif,por,2011-04-05
1439,94,spanish,,bogota,,colombia,19,male,6,usa,11,academic,spanish94.mp3,notyet.gif,bogota.gif,spa,2011-04-05
1440,12,hindi,hindi-urdu,allahabad,,india,25,female,4,usa,4,academic,hindi12.mp3,notyet.gif,allahabad.gif,hin,2011-04-05
1441,12,swedish,,malmo,,sweden,23,male,7,usa,0.5,academic,swedish12.mp3,notyet.gif,malmo.gif,swe,2011-04-05
1442,2,shona,,harare,,zimbabwe,20,female,6,usa,9,academic,shona2.mp3,notyet.gif,harare.gif,sna,2011-04-05
1443,25,german,,geislingen,,germany,21,female,11,usa,0.25,academic,german25.mp3,german25.gif,geislingen.gif,deu,2011-04-05
1444,95,spanish,,juarez,,mexico,31,female,21,usa,10,naturalistic,spanish95.mp3,spanish95.gif,juarez.gif,spa,2011-04-05
1445,13,swedish,,umea,,sweden,28,female,10,usa,3,academic,swedish13.mp3,notyet.gif,umea.gif,swe,2011-04-05
1446,12,bulgarian,,sofia,,bulgaria,30,female,9,usa,8,academic,bulgarian12.mp3,bulgarian12.gif,sofia.gif,bul,2011-04-05
1447,28,mandarin,chinese,shanghai,,china,45,male,15,usa,20,academic,mandarin28.mp3,notyet.gif,shanghai.gif,cmn,2011-04-05
1448,18,romanian,,solotvino,,ukraine,43,female,28,usa,15,naturalistic,romanian18.mp3,notyet.gif,solotvino.gif,ron,2011-04-05
1449,96,spanish,,arequipa,,peru,29,female,12,usa,4.25,academic,spanish96.mp3,notyet.gif,arequipa.gif,spa,2011-04-05
1450,97,spanish,,bogota,,colombia,52,female,19,usa,17.5,academic,spanish97.mp3,notyet.gif,bogota.gif,spa,2011-04-05
1451,98,spanish,,veracruz,,mexico,34,male,29,usa,5,naturalistic,spanish98.mp3,notyet.gif,veracruz.gif,spa,2011-04-05
1452,26,german,,stuttgart,,germany,77,female,24,usa,53,naturalistic,german26.mp3,german26.gif,stuttgart.gif,deu,2011-04-05
1453,17,polish,,krakow,,poland,33,female,13,usa,9,academic,polish17.mp3,polish17.gif,krakow.gif,pol,2011-04-05
1454,37,portuguese,,sao paulo,,brazil,43,female,26,usa,16,naturalistic,portuguese37.mp3,portuguese37.gif,saopaulo.gif,por,2011-04-05
1455,44,arabic,hijazi,jiddah,,saudi arabia,29,female,7,usa,0.6,academic,arabic44.mp3,arabic44.gif,jiddah.gif,acw,2011-04-12
1456,45,arabic,,fort collins,colorado,usa,32,female,12,usa,0.5,naturalistic,arabic45.mp3,arabic45.gif,fort_collins.gif,acw,12 april 2011.  left usa as an infant at 6 mos.
1457,46,arabic,hijazi,jiddah,,saudi arabia,28,male,13,"uk, usa",1,academic,arabic46.mp3,arabic46.gif,jiddah.gif,acw,"12 april 2011.  3 month uk, 10 monthusa"
1458,47,arabic,hijazi,jiddah,,saudi arabia,39,male,16,usa,0.75,academic,arabic47.mp3,arabic47.gif,jiddah.gif,acw,2011-04-12
1459,48,arabic,,mecca,,saudi arabia,29,male,12,usa,1,academic,arabic48.mp3,arabic48.gif,mecca.gif,acw,2011-04-12
1460,49,arabic,,medina,,saudi arabia,26,male,8,usa,1,academic,arabic49.mp3,arabic49.gif,medina.gif,acw,2011-04-12
1461,50,arabic,,jiddah,,saudi arabia,36,male,22,usa,0.75,academic,arabic50.mp3,arabic50.gif,jiddah.gif,acw,2011-04-12
1462,30,dutch,,sint-niklaas,,belgium,21,female,14,,0,academic,dutch30.mp3,dutch30.gif,sint-niklaas.gif,nld,2011-04-20
1463,31,dutch,,antwerp,,belgium,23,female,13,,0,academic,dutch31.mp3,dutch31.gif,antwerp.gif,nld,"21 april, 2011"
1464,32,dutch,,brasschaat,,belgium,21,male,14,,0,academic,dutch32.mp3,dutch32.gif,brasschaat.gif,nld,"20 april, 2011"
1465,6,lithuanian,,visaginas,,lithuania,21,female,10,,0,academic,lithuanian6.mp3,notyet.gif,visaginas.gif,lit,"21 april, 2011"
1466,33,dutch,,mechelen,,belgium,22,female,9,,0,naturalistic,dutch33.mp3,dutch33.gif,mechelen.gif,nld,"25 april, 2011"
1467,35,russian,,dresden,,germany,27,male,16,,0,academic,russian35.mp3,notyet.gif,dresden.gif,rus,27 april 2011.  spoke ukrainian at an early age
1468,34,dutch,,bornem,,belgium,22,female,14,,0,academic,dutch34.mp3,dutch34.gif,bornem.gif,nld,2011-04-29
1469,434,english,,kansas city,kansas,usa,24,male,0,usa,24,naturalistic,english434.mp3,notyet.gif,kansascity.gif,eng,2011-04-29
1470,38,portuguese,,rio de janeiro,,brazil,25,male,15,,0,naturalistic,portuguese38.mp3,portuguese38.gif,riodejaneiro.gif,por,2011-04-29
1471,435,english,,palm springs,california,usa,20,female,0,usa,17,naturalistic,english435.mp3,notyet.gif,palmsprings.gif,eng,"5 may, 2011"
1472,2,vlaams,flemish,turnhout,,belgium,21,female,14,,0,academic,vlaams2.mp3,vlaams2.gif,turnhout.gif,vls,2011-05-04
1473,35,dutch,,mortsel,,belgium,21,female,13,,0,academic,dutch35.mp3,dutch35.gif,mortsel.gif,nld,"5 may, 2011"
1474,41,french,,la massana,,andorra,24,male,12,,0,academic,french41.mp3,french41.gif,lamassana.gif,fra,2011-05-04
1475,436,english,,freeport,,the bahamas,19,female,0,the bahamas,19,naturalistic,english436.mp3,notyet.gif,freeport.gif,eng,2011-05-09
1476,36,dutch,,turnhout,,belgium,21,female,12,,0,academic,dutch36.mp3,dutch36.gif,turnhout.gif,nld,2011-05-10
1477,437,english,,cleveland,ohio,usa,21,male,0,usa,21,naturalistic,english437.mp3,notyet.gif,cleveland_oh.gif,eng,2011-05-11
1478,3,vlaams,flemish,herentals,,belgium,22,female,14,,0,academic,vlaams3.mp3,vlaams3.gif,herentals.gif,vls,2011-05-11
1479,37,dutch,,antwerp,,belgium,21,female,11,,0,academic,dutch37.mp3,dutch37.gif,antwerp.gif,nld,2010-05-12
1480,20,cantonese,chinese,hong kong,,china,18,male,3,,0,academic,cantonese20.mp3,cantonese20.gif,hongkong.gif,yue,2011-05-17
1481,38,dutch,,beveren,,belgium,21,female,12,,0,academic,dutch38.mp3,dutch38.gif,beveren.gif,nld,2011-05-22
1482,39,dutch,,hardinxveld-giessendam,,netherlands,22,female,10,,0,academic,dutch39.mp3,dutch39.gif,hardinxveld_giessendam.gif,nld,2011-05-26
1483,18,polish,,bialystok,,poland,18,male,5,,0,academic,polish18.mp3,polish18.gif,bialystok.gif,pol,2011-05-23
1484,40,dutch,,dordrecht,,netherlands,25,male,9,,0,academic,dutch40.mp3,dutch40.gif,dordrecht.gif,nld,2011-05-26
1485,4,swiss german,,bern,,switzerland,24,male,14,new zealand,11,academic,swissgerman4.mp3,notyet.gif,bern.gif,gsw,2011-05-28
1486,51,arabic,hijazi,jiddah,,saudi arabia,23,male,12,usa,4,academic,arabic51.mp3,arabic51.gif,jiddah.gif,acw,2011-04-27
1487,52,arabic,hijazi,jiddah,,saudi arabia,21,female,9,usa,5,academic,arabic52.mp3,arabic52.gif,jiddah.gif,acw,2011-04-27
1488,10,thai,,bangkok,,thailand,30,male,6,usa,15,naturalistic,thai10.mp3,notyet.gif,bangkok.gif,tha,2011-06-25
1489,26,italian,,siracusa,sicily,italy,49,male,11,,0,academic,italian26.mp3,italian26.gif,siracusa.gif,ita,2011-06-24
1490,29,mandarin,chinese,lanzhou,gansu,china,24,male,4,,0,academic,mandarin29.mp3,notyet.gif,lanzhou.gif,cmn,2011-06-27
1491,30,mandarin,chinese,taipei,,taiwan,27,male,13,usa,1,academic,mandarin30.mp3,notyet.gif,taipei.gif,cmn,2011-07-03
1492,438,english,,houston,texas,usa,20,female,0,usa,20,naturalistic,english438.mp3,notyet.gif,houston.gif,eng,2011-07-03
1493,439,english,,richmond,british columbia,canada,18,female,0,canada,18,naturalistic,english439.mp3,notyet.gif,richmond_bc.gif,eng,2011-07-05
1494,27,german,,bielefeld,,germany,23,male,10,ireland,0.6,academic,german27.mp3,german27.gif,bielefeld.gif,deu,2011-07-11
1495,5,nepali,,chisapani,,nepal,39,male,9,usa,5,academic,nepali5.mp3,notyet.gif,chisapani.gif,npi,2011-07-10
1496,7,indonesian,bahasa indonesia,kediri,java,indonesia,45,female,12,usa,8,academic,indonesian7.mp3,indonesian7.gif,kediri.gif,ind,2011-07-11
1497,3,malay,,seremban,negeri sembilan,malaysia,43,female,6,"uk, usa, india, new zealand",17,academic,malay3.mp3,malay3.gif,seremban.gif,zlm,"10 july 2011.  residence: 6 years uk, 11 years usa"
1498,2,amazigh,tamajeq,ouarzazat,,morocco,39,male,16,usa,4,academic,amazigh2.mp3,amazigh2.gif,ouarzazat.gif,thz,2011-07-10
1499,6,nepali,,bhadrapur,,nepal,24,male,6,usa,6,academic,nepali6.mp3,nepali6.gif,bhadrapur.gif,npi,2011-07-11
1500,2,filipino,,pasay,,philippines,21,female,3,usa,0.5,naturalistic,filipino2.mp3,filipino2.gif,pasay.gif,fil,2011-07-08
1501,7,czech,,ostrava,,czech republic,22,female,11,usa,0.5,academic,czech7.mp3,czech7.gif,ostrava.gif,ces,2011-07-20
1502,440,english,,glasgow,scotland,uk,22,female,0,scotland,22,naturalistic,english440.mp3,notyet.gif,glasgow.gif,eng,2011-07-19
1503,4,malay,,kuala lumpur,,malaysia,21,female,8,,0.1,academic,malay4.mp3,notyet.gif,kualalumpur.gif,zlm,2011-07-22
1504,7,gujarati,,hyderabad,,india,40,female,4,usa,16,academic,gujarati7.mp3,notyet.gif,hyderabad.gif,guj,2011-07-25
1505,7,armenian,,tehran,,iran,31,male,10,usa,3,academic,armenian7.mp3,armenian7.gif,tehran.gif,hye,2011-07-26
1506,99,spanish,,lima,,peru,20,female,4,usa,1.5,academic,spanish99.mp3,notyet.gif,lima.gif,spa,2011-07-27
1507,26,korean,,seoul,,south korea,23,male,21,canada,1.2,academic,korean26.mp3,notyet.gif,seoul.gif,kor,2011-07-31
1508,100,spanish,,iquitos,,peru,30,female,26,usa,8,academic,spanish100.mp3,notyet.gif,iquitos.gif,spa,2011-07-01
1509,42,french,,kinshasa,,democratic republic of congo,22,female,20,usa,2,academic,french42.mp3,french42.gif,kinshasa.gif,fra,2011-07-01
1510,8,urdu,,abu dhabi,,united arab emirates,21,female,5,usa,12,academic,urdu8.mp3,urdu8.gif,abudhabi.gif,urd,2011-07-01
1511,2,fanti,akan,accra,,ghana,24,female,7,"uk, usa",10.5,academic,fanti2.mp3,fanti2.gif,accra.gif,aka,july 2011.  residence: 2.5 years uk; 8 years usa
1512,13,bulgarian,,chirpan,,bulgaria,20,male,9,usa,10,academic,bulgarian13.mp3,bulgarian13.gif,chirpan.gif,bul,2011-07-01
1513,7,nepali,,chitwan,,nepal,19,male,7,usa,6,academic,nepali7.mp3,notyet.gif,chitwan.gif,npi,2011-07-01
1514,8,nepali,,pokhara,,nepal,20,male,5,usa,1.5,academic,nepali8.mp3,notyet.gif,pokhara.gif,npi,2011-07-01
1515,14,amharic,,addis ababa,,ethiopia,31,male,12,usa,11,academic,amharic14.mp3,amharic14.gif,addisababa.gif,amh,2011-07-01
1516,15,amharic,,addis ababa,,ethiopia,23,male,6,usa,1,academic,amharic15.mp3,amharic15.gif,addisababa.gif,amh,2011-08-01
1517,41,dutch,,deventer,,netherlands,41,male,13,usa,3,academic,dutch41.mp3,dutch41.gif,deventer.gif,nld,2011-08-01
1518,36,russian,,moscow,,russia,25,male,20,usa,4,academic,russian36.mp3,notyet.gif,moscow.gif,rus,2011-08-04
1519,31,mandarin,chinese,wenzhou,zhejiang,china,26,female,13,usa,2.5,academic,mandarin31.mp3,notyet.gif,wenzhou.gif,cmn,2011-08-04
1520,9,ukrainian,,zaporizhzhya,,ukraine,30,male,20,,0,academic,ukrainian9.mp3,notyet.gif,zaporizhzhya.gif,ukr,"5 august, 2011"
1521,15,japanese,,osaka,,japan,45,male,12,,0,academic,japanese15.mp3,notyet.gif,osaka.gif,jpn,"6 august, 2011"
1522,3,xiang,chinese,changsha,hunan,china,36,male,13,,0,academic,xiang3.mp3,notyet.gif,changsha.gif,hsn,2011-08-08
1523,37,russian,,st. petersburg,,russia,31,male,10,,0,academic,russian37.mp3,notyet.gif,stpetersburg.gif,rus,2011-08-15
1524,441,english,,oquawka,illinois,usa,19,female,0,usa,19,naturalistic,english441.mp3,notyet.gif,oquawka.gif,eng,2011-08-21
1525,28,german,,vienna,,austria,19,female,10,,0,academic,german28.mp3,german28.gif,vienna.gif,deu,2011-09-02
1526,53,arabic,,rabat,,morocco,36,male,17,usa,12,academic,arabic53.mp3,arabic53.gif,rabat.gif,ary,2011-09-09
1527,32,mandarin,chinese,taipei,,taiwan,23,female,12,usa,2,academic,mandarin32.mp3,notyet.gif,taipei.gif,cmn,2011-09-16
1528,442,english,,salisbury mills,new york,usa,23,male,0,usa,23,naturalistic,english442.mp3,notyet.gif,salisburymills.gif,eng,2011-09-19
1529,12,vietnamese,,can tho,,vietnam,24,female,9,usa,15,academic,vietnamese12.mp3,notyet.gif,cantho.gif,vie,2011-09-21
1530,443,english,,fort collins,colorado,usa,31,male,0,usa,31,naturalistic,english443.mp3,notyet.gif,fort_collins.gif,eng,2011-09-29
1531,444,english,,anniston,alabama,usa,24,male,0,usa,24,naturalistic,english444.mp3,notyet.gif,anniston.gif,eng,2011-09-30
1532,445,english,,san francisco,california,usa,60,male,0,usa,59,naturalistic,english445.mp3,notyet.gif,sanfrancisco.gif,eng,2011-10-13
1533,446,english,,moorhead,minnesota,usa,23,female,0,usa,23,naturalistic,english446.mp3,notyet.gif,moorhead.gif,eng,2011-10-15
1534,447,english,,hartford,connecticut,usa,21,male,0,usa,21,naturalistic,english447.mp3,notyet.gif,hartford.gif,eng,2011-10-16
1535,43,french,,paris,,france,22,male,11,scotland,0.2,academic,french43.mp3,french43.gif,paris.gif,fra,2011-10-19
1536,448,english,,isle of arran,scotland,uk,20,male,0,uk,20,naturalistic,english448.mp3,notyet.gif,isle_of_arran.gif,eng,2011-10-20
1537,16,japanese,,clark field,,philippines,25,female,3,usa,17,naturalistic,japanese16.mp3,notyet.gif,clark_field.gif,jpn,"29 october 2011.  residence:  born in philippines, but move back to okinawa at age 5 days.  lived in okinawa until age 7.  went to american school in okinawa."
1538,449,english,,barton,vermont,usa,27,male,0,usa,27,naturalistic,english449.mp3,notyet.gif,barton_vt.gif,eng,6 november 2011.  residency: moved to NJ at age 5
1539,9,urdu,,alexandria,virginia,usa,20,female,5,usa,20,academic,urdu9.mp3,notyet.gif,alexandria.gif,urd,8 november 2011. residence: spoke only urdu up to age 5.
1540,2,jamaican creole english,patois,kingston,,jamaica,21,male,6,"jamaica, usa, virgin islands",21,academic,jamaican_creole_english2.mp3,notyet.gif,kingston.gif,jam,"8 november 2011. residence: jamaica 16 yrs., usa 4 yrs., st. croix, 1 yr."
1541,33,mandarin,chinese,beijing,,china,25,male,6,"thailand, australia, usa",20,naturalistic,mandarin33.mp3,notyet.gif,beijing.gif,cmn,"8 november 2011.  residence: 5 yrs thailand (english university campus), 13 yrs. australia, 2 yrs. usa."
1542,18,serbian,,belgrade,,serbia,22,male,11,,0,academic,serbian18.mp3,notyet.gif,belgrade.gif,srp,2011-11-15
1543,27,italian,,milan,,italy,33,female,10,uk,0.2,academic,italian27.mp3,italian27.gif,milan.gif,ita,2011-11-15
1544,450,english,,windsor,,uk,26,male,0,uk,26,naturalistic,english450.mp3,notyet.gif,windsor_uk.gif,eng,16 november 2011.  speaker reports no speech impediments
1545,44,french,,la chaux-de-fonds,,switzerland,20,female,12,,0,academic,french44.mp3,french44.gif,la_chaux_de_fonds.gif,fra,2011-11-20
1546,451,english,,hazlehurst,georgia,usa,44,male,0,usa,44,naturalistic,english451.mp3,notyet.gif,hazlehurst.gif,eng,2011-11-26
1547,452,english,,newcastle,,australia,24,male,0,australia,24,naturalistic,english452.mp3,notyet.gif,newcastle.gif,eng,2011-11-27
1548,453,english,,chicago,illinois,usa,21,female,0,usa,21,naturalistic,english453.mp3,notyet.gif,chicago.gif,eng,2011-12-02
1549,19,polish,,belchatow,,poland,24,male,7,uk,0.2,academic,polish19.mp3,polish19.gif,belchatow.gif,pol,2011-12-22
1550,454,english,,raleigh,north carolina,usa,19,female,0,usa,19,naturalistic,english454.mp3,notyet.gif,raleigh.gif,eng,2011-12-23
1551,42,dutch,,schiedam,,netherlands,36,male,8,usa,13.5,academic,dutch42.mp3,dutch42.gif,schiedam.gif,nld,2011-12-30
1552,455,english,,washington,dc,usa,29,female,0,usa,29,naturalistic,english455.mp3,notyet.gif,washington.gif,eng,2011-12-30
1553,39,portuguese,,sao paulo,,brazil,26,female,8,"uk, usa",0.2,academic,portuguese39.mp3,notyet.gif,saopaulo.gif,por,"31 december, 2011"
1554,456,english,,lancashire,leyland,uk,37,female,0,uk,37,naturalistic,english456.mp3,notyet.gif,lancashire.gif,eng,2012-01-01
1555,457,english,,syracuse,new york,usa,43,male,0,usa,40,naturalistic,english457.mp3,notyet.gif,syracuse.gif,eng,2012-01-05
1556,7,croatian,,rijeka,,croatia,21,female,7,uk,0.1,academic,croatian7.mp3,croatian7.gif,rijeka.gif,hrv,2011-12-29
1557,19,romanian,,chisinau,,moldova,19,male,8,,0,academic,romanian19.mp3,notyet.gif,chisinau.gif,ron,2011-01-16
1558,21,cantonese,chinese,hong kong,,china,18,female,4,,0,naturalistic,cantonese21.mp3,cantonese21.gif,hongkong.gif,yue,2012-01-21
1559,458,english,,reno,nevada,usa,22,female,0,usa,22,naturalistic,english458.mp3,notyet.gif,reno.gif,eng,2012-01-27
1560,459,english,,charlotte,north carolina,usa,19,male,0,usa,19,naturalistic,english459.mp3,notyet.gif,charlotte.gif,eng,2012-02-05
1561,460,english,,rutland,england,uk,19,female,0,uk,19,naturalistic,english460.mp3,notyet.gif,rutland.gif,eng,2012-02-14
1562,13,vietnamese,,hanoi,,vietnam,23,male,6,,0,academic,vietnamese13.mp3,notyet.gif,hanoi.gif,vie,2012-02-14
1563,461,english,,poughkeepsie,new york,usa,44,female,0,usa,44,naturalistic,english461.mp3,notyet.gif,poughkeepsie.gif,eng,"24 february 2012. residence:  hudson valley, then moved to southern florida"
1564,462,english,,paducah,kentucky,usa,20,male,0,usa,20,naturalistic,english462.mp3,notyet.gif,paducah.gif,eng,2012-03-02
1565,54,arabic,,baghdad,,iraq,22,male,7,usa,3,academic,arabic54.mp3,notyet.gif,baghdad.gif,acm,2012-03-05
1566,10,urdu,,karachi,,pakistan,20,male,3,usa,0.8,academic,urdu10.mp3,notyet.gif,karachi.gif,urd,2012-03-01
1567,45,french,,montreal,quebec,canada,22,male,8,canada,22,naturalistic,french45.mp3,notyet.gif,montreal.gif,fra,2012-03-06
1568,2,burmese,,yangon,,myanmar,29,male,7,singapore,5,naturalistic,burmese2.mp3,burmese2.gif,yangon.gif,mya,2012-03-10
1569,55,arabic,,beirut,,lebanon,70,male,33,usa,37,academic,arabic55.mp3,notyet.gif,beirut.gif,apc,2012-03-10
1570,25,turkish,,kars,,turkey,32,male,26,usa,6,academic,turkish25.mp3,notyet.gif,kars.gif,tur,2012-03-12
1571,463,english,,brooklyn,new york,usa,53,female,0,usa,53,naturalistic,english463.mp3,notyet.gif,brooklyn.gif,eng,"13 march 2012.  residence:  brooklyn 8 years, long island 9 years, then midwest/california"
1572,14,farsi,persian,bethesda,maryland,usa,52,female,6,usa,14,academic,farsi14.mp3,farsi14.gif,bethesda.gif,pes,"14 march 2012.  residence:  born in bethesda, but moved back to iran very soon after."
1573,5,danish,,egvad,,denmark,49,female,8,usa,24,academic,danish5.mp3,danish5.gif,egvad.gif,dan,2012-03-29
1574,101,spanish,,la union,,el salvador,39,female,19,usa,24,naturalistic,spanish101.mp3,notyet.gif,la_union.gif,spa,2012-04-02
1575,102,spanish,,cochabamba,,bolivia,31,male,26,usa,9,academic,spanish102.mp3,notyet.gif,cochabamba.gif,spa,2012-04-03
1576,11,urdu,,karachi,,pakistan,20,male,6,usa,4,academic,urdu11.mp3,notyet.gif,karachi.gif,urd,2012-04-04
1577,6,danish,,alborg,,denmark,19,male,8,,0,academic,danish6.mp3,danish6.gif,alborg.gif,dan,2012-02-28
1578,34,mandarin,chinese,shi jia zhuang,hebei,china,31,female,13,,0,academic,mandarin34.mp3,notyet.gif,shijiazhuang.gif,cmn,2012-03-29
1579,35,mandarin,chinese,yantai,shandong,china,27,female,12,,0,academic,mandarin35.mp3,notyet.gif,yantai.gif,cmn,2012-03-29
1580,36,mandarin,chinese,beijing,,china,32,female,10,,0,academic,mandarin36.mp3,notyet.gif,beijing.gif,cmn,2012-03-30
1581,37,mandarin,chinese,huhot,nei meng gu,china,32,female,12,,0,academic,mandarin37.mp3,notyet.gif,huhot.gif,cmn,2012-03-30
1582,38,mandarin,chinese,changsha,hunan,china,33,female,12,"australia, usa",0.1,academic,mandarin38.mp3,notyet.gif,changsha.gif,cmn,2012-04-06
1583,39,mandarin,chinese,tie ling,liaoning,china,24,female,12,,0,academic,mandarin39.mp3,notyet.gif,tieling.gif,cmn,2012-04-06
1584,103,spanish,,san miguel,,el salvador,46,male,15,usa,25,naturalistic,spanish103.mp3,notyet.gif,sanmiguel.gif,spa,2012-04-09
1585,5,macedonian,,skopje,,macedonia,19,female,11,,0,naturalistic,macedonian5.mp3,not,skopje.gif,mkd,2008-10-29
1586,6,macedonian,,skopje,,macedonia,19,male,9,,0,academic,macedonian6.mp3,notyet.gif,skopje.gif,mkd,2008-10-29
1587,7,macedonian,,skopje,,macedonia,19,female,10,,0,academic,macedonian7.mp3,notyet.gif,skopje.gif,mkd,2008-10-29
1588,8,macedonian,,skopje,,macedonia,20,male,8,,0,academic,macedonian8.mp3,notyet.gif,skopje.gif,mkd,2008-10-29
1589,9,macedonian,,skopje,,macedonia,19,female,10,,0,academic,macedonian9.mp3,notyet.gif,skopje.gif,mkd,2008-10-29
1590,10,macedonian,,skopje,,macedonia,20,female,10,,0,academic,macedonian10.mp3,notyet.gif,skopje.gif,mkd,2008-10-29
1591,11,macedonian,,skopje,,macedonia,20,female,8,,0,academic,macedonian11.mp3,notyet.gif,skopje.gif,mkd,2008-10-29
1592,12,macedonian,,skopje,,macedonia,20,female,10,,0,academic,macedonian12.mp3,notyet.gif,skopje.gif,mkd,2008-10-29
1593,13,macedonian,,skopje,,macedonia,20,female,8,,0,academic,macedonian13.mp3,notyet.gif,skopje.gif,mkd,2008-10-29
1594,14,macedonian,,skopje,,macedonia,20,female,9,,0,academic,macedonian14.mp3,notyet.gif,skopje.gif,mkd,2008-10-29
1595,15,macedonian,,skopje,,macedonia,20,female,10,,0,academic,macedonian15.mp3,notyet.gif,skopje.gif,mkd,2008-10-29
1596,16,macedonian,,skopje,,macedonia,20,female,5,,0,academic,macedonian16.mp3,notyet.gif,skopje.gif,mkd,2008-10-29
1597,17,macedonian,,skopje,,macedonia,24,male,6,,0,academic,macedonian17.mp3,notyet.gif,skopje.gif,mkd,2008-10-29
1598,15,farsi,persian,tehran,,iran,20,male,4,usa,0.33,naturalistic,farsi15.mp3,farsi15.gif,tehran.gif,pes,2012-04-09
1599,20,romanian,,bucharest,,romania,34,female,19,usa,15,naturalistic,romanian20.mp3,notyet.gif,bucharest.gif,ron,2012-04-11
1600,104,spanish,,san miguel,,el salvador,28,female,20,usa,8,naturalistic,spanish104.mp3,notyet.gif,sanmiguel.gif,spa,2012-04-13
1601,18,macedonian,,skopje,,macedonia,20,female,5,,0,academic,macedonian18.mp3,notyet.gif,skopje.gif,mkd,2008-10-29
1602,19,macedonian,,skopje,,macedonia,22,male,10,,0,naturalistic,macedonian19.mp3,notyet.gif,skopje.gif,mkd,2008-10-29
1603,20,macedonian,,skopje,,macedonia,19,female,10,,0,academic,macedonian20.mp3,notyet.gif,skopje.gif,mkd,2008-10-29
1604,21,macedonian,,skopje,,macedonia,19,female,12,,0,academic,macedonian21.mp3,notyet.gif,skopje.gif,mkd,2008-10-29
1605,22,macedonian,,skopje,,macedonia,21,female,8,,0,academic,macedonian22.mp3,notyet.gif,skopje.gif,mkd,2008-10-29
1606,23,macedonian,,skopje,,macedonia,20,female,11,,0,academic,macedonian23.mp3,notyet.gif,skopje.gif,mkd,2008-10-29
1607,24,macedonian,,skopje,,macedonia,20,female,7,,0,academic,macedonian24.mp3,notyet.gif,skopje.gif,mkd,2008-10-29
1608,25,macedonian,,skopje,,macedonia,20,female,9,,0,academic,macedonian25.mp3,notyet.gif,skopje.gif,mkd,2008-10-29
1609,5,khmer,,kampong speu,,cambodia,47,male,25,usa,20,academic,khmer5.mp3,notyet.gif,kampong_speu.gif,khm,2012-04-11
1610,17,japanese,,nara,,japan,44,female,13,usa,19,academic,japanese17.mp3,notyet.gif,nara.gif,jpn,2012-04-14
1611,14,bulgarian,,sofia,,bulgaria,46,male,30,usa,14,academic,bulgarian14.mp3,notyet.gif,sofia.gif,bul,2012-04-14
1612,5,punjabi,panjabi,ropar,punjab,india,49,male,5,usa,31,academic,punjabi5.mp3,notyet.gif,ropar.gif,pan,2012-04-16
1613,105,spanish,,jerez de la frontera,,spain,41,female,10,usa,12,academic,spanish105.mp3,notyet.gif,jerez_de_la_frontera.gif,spa,2012-04-16
1614,40,mandarin,chinese,chengdu,sichuan,china,28,male,12,"singapore, usa",9,academic,mandarin40.mp3,notyet.gif,chengdu.gif,cmn,"16 april 2012.  residence:  8 years singapore, 1 year usa"
1615,41,mandarin,chinese,songyuan,jilin,china,34,female,13,,0,academic,mandarin41.mp3,notyet.gif,songyuan.gif,cmn,2012-04-17
1616,42,mandarin,chinese,yanbian,jilin,china,47,female,16,,0,academic,mandarin42.mp3,mandarin42.gif,yanbian.gif,cmn,2012-04-17
1617,43,mandarin,chinese,datong,shanxi,china,24,female,15,,0,academic,mandarin43.mp3,notyet.gif,datong.gif,cmn,2012-04-17
1618,464,english,,ottawa,ontario,canada,27,male,0,canada,24,naturalistic,english464.mp3,notyet.gif,ottawa.gif,eng,2012-04-18
1619,29,german,,coburg,,germany,53,female,12,usa,23,academic,german29.mp3,notyet.gif,coburg.gif,deu,2012-04-17
1620,10,greek,,nicosia,,cyprus,58,male,14,usa,29,academic,greek10.mp3,greek10.gif,nicosia.gif,ell,2012-04-17
1621,106,spanish,,lima,,peru,21,male,5,usa,10,academic,spanish106.mp3,notyet.gif,lima.gif,spa,2012-04-17
1622,107,spanish,,san salvador,,el salvador,36,male,14,usa,22,naturalistic,spanish107.mp3,notyet.gif,sansalvador.gif,spa,2012-04-18
1623,16,farsi,persian,abadan,,iran,54,female,38,usa,16,naturalistic,farsi16.mp3,farsi16.gif,abadan.gif,pes,2012-04-18
1624,27,korean,,haenam,,south korea,51,male,14,usa,14,academic,korean27.mp3,notyet.gif,haenam.gif,kor,2012-04-19
1625,20,polish,,gdansk,,poland,53,female,4,"canada, usa",35,academic,polish20.mp3,notyet.gif,gdansk.gif,pol,2012-04-19
1626,18,japanese,,kyoto,,japan,52,female,13,usa,20,academic,japanese18.mp3,japanese18.gif,kyoto.gif,jpn,2012-04-19
1627,8,tagalog,,cabanatuan city,,philippines,62,female,7,usa,27,academic,tagalog8.mp3,notyet.gif,cabanatuan.gif,tgl,2012-04-17
1628,12,urdu,,islamabad,,pakistan,19,female,4,usa,4,academic,urdu12.mp3,notyet.gif,islamabad.gif,urd,2012-04-19
1629,108,spanish,,medellin,,colombia,36,male,24,usa,12,academic,spanish108.mp3,notyet.gif,medellin.gif,spa,2012-04-20
1630,44,mandarin,chinese,hangzhou,zhejiang,china,21,male,16,usa,1.5,academic,mandarin44.mp3,notyet.gif,hangzhou.gif,cmn,2012-04-20
1631,45,mandarin,chinese,beijing,,china,42,female,12,"usa, australia",0.1,academic,mandarin45.mp3,notyet.gif,beijing.gif,cmn,2012-04-23
1632,1,gan,chinese,pingxiang,jiangxi,china,72,male,40,usa,4,naturalistic,gan1.mp3,gan1.gif,pingxiang.gif,gan,23 april 2012.  residence: lived in florida from 1990-94
1633,13,hindi,hindi-urdu,jaipur,,india,43,female,13,usa,0.1,academic,hindi13.mp3,notyet.gif,jaipur.gif,hin,2012-04-20
1634,11,greek,,athens,,greece,21,female,3,usa,20,naturalistic,greek11.mp3,greek11.gif,athens.gif,ell,2012-04-17
1635,465,english,,aylesbury,buckinghamshire,uk,20,male,0,uk,19,naturalistic,english465.mp3,notyet.gif,aylesbury.gif,eng,2012-04-25
1636,46,mandarin,chinese,jilin city,jilin,china,43,female,9,,0,academic,mandarin46.mp3,notyet.gif,jilin.gif,cmn,2012-04-25
1637,466,english,,portland,maine,usa,18,male,0,usa,18,naturalistic,english466.mp3,notyet.gif,portland_maine.gif,eng,2012-04-29
1638,4,vlaams,flemish,ronse,,belgium,50,female,12,,0,academic,vlaams4.mp3,notyet.gif,ronse.gif,vls,2012-05-01
1639,467,english,,pozzuoli,,italy,23,male,1,usa,18,naturalistic,english467.mp3,notyet.gif,pozzuoli.gif,eng,"2 may 2012.  residence:  born in italy, but introduced to english very early.  english is the only fluent language."
1640,468,english,,myrtle beach,south carolina,usa,30,male,0,usa,30,naturalistic,english468.mp3,notyet.gif,myrtlebeach.gif,eng,2 may 2012.  residence:  moved to dallas tx at age 5
1641,469,english,,knoxville,tennessee,usa,22,male,0,usa,21,naturalistic,english469.mp3,notyet.gif,knoxville.gif,eng,2012-05-06
1642,470,english,,leighton buzzard,,uk,21,male,0,uk,20,naturalistic,english470.mp3,notyet.gif,leighton_buzzard.gif,eng,2012-05-06
1643,46,french,,chatenay malabry,,france,22,male,10,,0,academic,french46.mp3,notyet.gif,chatenay_malabry.gif,fra,2012-05-06
1644,47,mandarin,chinese,beijing,,china,28,female,8,,0,academic,mandarin47.mp3,notyet.gif,beijing.gif,cmn,2012-05-08
1645,48,mandarin,chinese,pingdingshan,henan,china,37,male,12,,0,academic,mandarin48.mp3,notyet.gif,pingdingshan.gif,cmn,2012-05-08
1646,1,wu,chinese,taizhou,zhejiang,china,30,female,12,,0,academic,wu1.mp3,notyet.gif,taizhou.gif,wuu,2012-05-08
1647,4,tamil,,colombo,,sri lanka,58,female,3,usa,23.7,academic,tamil4.mp3,notyet.gif,colombo.gif,tam,2012-05-09
1648,471,english,,calgary,alberta,canada,26,female,0,canada,24.5,naturalistic,english471.mp3,notyet.gif,calgary.gif,eng,2012-05-14
1649,472,english,,rota,,spain,26,male,0,usa,23,naturalistic,english472.mp3,notyet.gif,rota.gif,eng,"29 may 2012.  residence:  born in spain on us naval base. raised in VA, USA"
1650,473,english,,nottingham,,uk,20,male,0,uk,20,naturalistic,english473.mp3,notyet.gif,nottingham.gif,eng,2012-05-21
1651,21,polish,,kolobrzeg,,poland,30,male,10,uk,10,academic,polish21.mp3,notyet.gif,kolobrzeg.gif,pol,2012-06-01
1652,22,polish,,koszalin,,poland,19,male,11,,0,academic,polish22.mp3,notyet.gif,koszalin.gif,pol,2012-06-19
1653,23,polish,,lobez,,poland,21,male,8,,0,academic,polish23.mp3,notyet.gif,lobez.gif,pol,2012-06-16
1654,24,polish,,koszalin,,poland,20,female,10,,0,academic,polish24.mp3,notyet.gif,koszalin.gif,pol,2012-06-17
1655,1,hakka,chinese,pei kang,,taiwan,72,female,13,usa,48,academic,hakka1.mp3,notyet.gif,peikang.gif,hak,2012-07-07
1656,474,english,,rochester,minnesota,usa,33,female,0,usa,33,naturalistic,english474.mp3,notyet.gif,rochester_mn.gif,eng,2012-07-07
1657,475,english,,ogden,utah,usa,29,female,0,usa,29,naturalistic,english475.mp3,notyet.gif,ogden.gif,eng,2012-07-07
1658,476,english,,manchester,new hampshire,usa,64,female,0,usa,64,naturalistic,english476.mp3,notyet.gif,manchester_nh.gif,eng,2012-07-07
1659,477,english,,san diego,california,usa,31,female,0,usa,27,naturalistic,english477.mp3,notyet.gif,sandiego.gif,eng,2012-07-10
1660,109,spanish,,maracay,,venezuela,21,male,16,,0,academic,spanish109.mp3,notyet.gif,maracay.gif,spa,2012-07-09
1661,478,english,,sydney,nova scotia,canada,19,male,0,canada,19,naturalistic,english478.mp3,notyet.gif,sydney_ns.gif,eng,14 july 2012--raised in cape breton county
1662,47,french,,landerneau,brittany,france,66,female,12,usa,45,academic,french47.mp3,notyet.gif,landerneau.gif,fra,2012-07-14
1663,28,korean,,seoul,,south korea,62,female,13,usa,17,academic,korean28.mp3,notyet.gif,seoul.gif,kor,2012-07-14
1664,479,english,,new york,new york,usa,64,female,0,usa,64,naturalistic,english479.mp3,notyet.gif,newyork.gif,eng,"20 july 2012.  residence:grew up in prince george's county, md."
1665,480,english,,winston-salem,north carolina,usa,58,male,0,usa,58,naturalistic,english480.mp3,notyet.gif,winstonsalem.gif,eng,20 july 2012.  moved to baltimore at age 10
1666,481,english,,stringtown,oklahoma,usa,88,female,0,usa,82,naturalistic,english481.mp3,notyet.gif,stringtown.gif,eng,30 july 2012.  spent 4 years in germany
1667,482,english,,yeadon,pennsylvania,usa,74,female,0,usa,74,naturalistic,english482.mp3,notyet.gif,yeadon.gif,eng,2012-07-30
1668,483,english,,boston,massachusetts,usa,19,male,0,usa,19,naturalistic,english483.mp3,notyet.gif,boston.gif,eng,2012-08-04
1669,6,khmer,,auburn,,australia,20,female,4,australia,20,naturalistic,khmer6.mp3,notyet.gif,auburn_australia.gif,khm,8 august 2012;  residence:  grew up in australia and only spoke khmer in the house and went to khmer school.
1670,5,malay,,kuala lumpur,,malaysia,19,male,3,"malaysia, india",19,naturalistic,malay5.mp3,notyet.gif,kualalumpur.gif,zlm,"11 august 2012.  residence:  17 years malaysia, 2 years india"
1671,25,polish,,koszalin,,poland,20,male,11,,0,academic,polish25.mp3,notyet.gif,koszalin.gif,pol,2012-08-28
1672,484,english,,dublin,,ireland,24,male,0,ireland,24,naturalistic,english484.mp3,notyet.gif,dublin.gif,eng,2012-09-17
1673,11,thai,,bang na,,thailand,18,male,13,,0,naturalistic,thai11.mp3,notyet.gif,bangna.gif,tha,2012-09-21
1674,485,english,,cromwell,connecticut,usa,20,male,0,usa,20,naturalistic,english485.mp3,notyet.gif,cromwell.gif,eng,2012-09-29
1675,1,hawai'i creole english,hawai'ian pidgin,pepeekeo,hawai'i,usa,73,male,5,usa,64,academic,hawai'i_creole_english1.mp3,notyet.gif,pepeekeo.gif,hwc,2012-10-04
1676,2,hawai'i creole english,hawai'ian pidgin,pa'ia,hawai'i,usa,69,female,4,usa,64,naturalistic,hawai'i_creole_english2.mp3,notyet.gif,pa'ia.gif,hwc,7 october 2012. residency  lived 5 years in germany
1677,56,arabic,,ain defla,,algeria,43,male,12,usa,3,academic,arabic56.mp3,notyet.gif,ain_defla.gif,arq,2012-10-09
1678,8,gujarati,,ahmedabad,,india,27,female,7,usa,20,academic,gujarati8.mp3,notyet.gif,ahmedabad.gif,guj,2012-10-11
1679,28,italian,,rome,,italy,25,male,6,,0,academic,italian28.mp3,notyet.gif,rome.gif,ita,2012-10-18
1680,110,spanish,,caracas,,venezuela,20,male,18,,0,academic,spanish110.mp3,notyet.gif,caracas.gif,spa,2012-10-24
1681,30,german,,radstadt,,austria,32,female,8,"uk, usa",4,academic,german30.mp3,notyet.gif,radstadt.gif,deu,
1682,12,bengali,,sylhet,,bangladesh,25,female,4,usa,3,academic,bengali12.mp3,notyet.gif,sylhet.gif,ben,"25 october, 2012"
1683,486,english,,corentyne,,guyana,53,female,0,"guyana, usa",53,naturalistic,english486.mp3,notyet.gif,corentyne.gif,eng,"25 october, 2012"
1684,19,japanese,,naha,,japan,57,female,13,usa,20,academic,japanese19.mp3,notyet.gif,naha.gif,jpn,"25 october, 2012"
1685,31,german,,datteln,,germany,21,female,10,uk,0.2,academic,german31.mp3,notyet.gif,datteln.gif,deu,26n october 2012
1686,29,italian,,trieste,,italy,21,female,8,usa,0.2,academic,italian29.mp3,notyet.gif,trieste.gif,ita,2012-10-31
1687,29,korean,,masan,,south korea,19,female,8,usa,10,naturalistic,korean29.mp3,notyet.gif,masan.gif,kor,2012-11-05
1688,487,english,,london,,uk,22,female,0,uk,22,naturalistic,english487.mp3,notyet.gif,london.gif,eng,2012-11-09
1689,111,spanish,,santiago,,chile,55,male,33,usa,23.7,naturalistic,spanish111.mp3,notyet.gif,santiago.gif,spa,2012-11-11
1690,30,korean,,seoul,,south korea,49,female,14,usa,26,academic,korean30.mp3,notyet.gif,seoul.gif,kor,2012-11-11
1691,3,ibibio,,lagos,,nigeria,36,male,6,usa,13,academic,ibibio3.mp3,notyet.gif,lagos.gif,ibb,2012-11-12
1692,488,english,,irvine,scotland,uk,35,female,0,"uk, usa",35,naturalistic,english488.mp3,notyet.gif,irvine_uk.gif,eng,15 november 2012.  residence:  1 year in usa.
1693,112,spanish,,la paz,,bolivia,25,male,15,usa,15,academic,spanish112.mp3,notyet.gif,lapaz.gif,spa,2012-11-15
1694,489,english,,kingston,,jamaica,46,female,0,"jamaica, usa",46,naturalistic,english489.mp3,notyet.gif,kingston.gif,eng,2012-11-14
1695,113,spanish,,cochabamba,,bolivia,19,male,8,usa,11,academic,spanish113.mp3,notyet.gif,cochabamba.gif,spa,2012-11-16
1696,31,korean,,seoul,,south korea,18,female,7,usa,2,academic,korean31.mp3,notyet.gif,seoul.gif,kor,2012-11-17
1697,14,hindi,hindi-urdu,new delhi,,india,53,male,12,usa,25,academic,hindi14.mp3,notyet.gif,newdelhi.gif,hin,2012-11-17
1698,14,vietnamese,,ho chi minh city,,vietnam,51,male,20,usa,31,academic,vietnamese14.mp3,notyet.gif,hochiminhcity.gif,vie,2012-11-17
1699,57,arabic,,beirut,,lebanon,28,female,17,usa,11,academic,arabic57.mp3,notyet.gif,beirut.gif,apc,2012-11-18
1700,58,arabic,,baghdad,,iraq,34,male,9,usa,5.5,academic,arabic58.mp3,notyet.gif,baghdad.gif,acm,2012-11-18
1701,48,french,,douala,,cameroon,19,female,3,"cameroon, usa",19,naturalistic,french48.mp3,notyet.gif,douala.gif,fra,"18 november 2012.  residence: 18 years cameroon, 1.5 years usa."
1702,59,arabic,,irbid,,jordan,55,male,9,usa,35,academic,arabic59.mp3,notyet.gif,irbid.gif,ajp,2012-11-18
1703,3,uyghur,,urumqi,xin jiang,china,49,female,29,usa,20,naturalistic,uyghur3.mp3,notyet.gif,urumqi.gif,uig,2012-11-18
1704,26,turkish,,sivas,,turkey,45,male,22,usa,22,naturalistic,turkish26.mp3,notyet.gif,sivas.gif,tur,2012-11-18
1705,43,dutch,,rotterdam,,netherlands,21,male,11,usa,0.5,academic,dutch43.mp3,notyet.gif,rotterdam.gif,nld,2012-11-19
1706,9,albanian,,tirana,,albania,22,female,6,usa,1.4,naturalistic,albanian9.mp3,notyet.gif,tirana.gif,aln,2012-11-19
1707,32,german,,niedersachsen,,germany,29,female,12,usa,17,academic,german32.mp3,notyet.gif,niedersachsen.gif,deu,2012-11-19
1708,38,russian,,gomel,,belarus,84,male,18,usa,61,naturalistic,russian38.mp3,notyet.gif,gomel.gif,rus,2012-11-20
1709,490,english,,auckland,,new zealand,18,male,0,new zealand,18.5,naturalistic,english490.mp3,notyet.gif,auckland.gif,eng,2012-11-23
1710,8,armenian,,yerevan,,armenia,50,female,35,usa,15,naturalistic,armenian8.mp3,notyet.gif,yerevan.gif,hye,2012-11-25
1711,60,arabic,,cairo,,egypt,60,male,14,usa,23,academic,arabic60.mp3,notyet.gif,cairo.gif,arz,2012-11-25
1712,12,greek,,bethlehem,pennsylvania,usa,24,male,4,usa,20,naturalistic,greek12.mp3,notyet.gif,bethlehem_pa.gif,ell,"26 november 2012.  residence:  born in usa, but moved to greece at age 1.  returned to usa at age 4.  greek speaking parents."
1713,491,english,,westmoreland,,jamaica,79,female,0,"jamaica, usa",79,naturalistic,english491.mp3,notyet.gif,westmoreland.gif,eng,"26 november 2012.  residence:  49 years jamaica, 30 years usa."
1714,8,pashto,,paktia,,afghanistan,39,male,17,usa,1,naturalistic,pashto8.mp3,notyet.gif,paktia.gif,pbt,2012-11-25
1715,32,korean,,seoul,,south korea,35,female,28,usa,7,naturalistic,korean32.mp3,notyet.gif,seoul.gif,kor,2012-12-01
1716,492,english,,omaha,nebraska,usa,22,female,0,usa,22,naturalistic,english492.mp3,notyet.gif,omaha.gif,eng,2012-12-08
1717,7,danish,,copenhagen,,denmark,22,male,8,,0,naturalistic,danish7.mp3,notyet.gif,copenhagen.gif,dan,2012-12-28
1718,493,english,,miami,florida,usa,20,male,0,usa,13.5,naturalistic,english493.mp3,notyet.gif,miami.gif,eng,30 december 2012.  residence: lived 6.5 years in puerto rico
1719,494,english,,findlay,ohio,usa,27.5,male,0,usa,27.5,naturalistic,english494.mp3,notyet.gif,findlay.gif,eng,7 january 2013.  residence: charlotte NC
1720,495,english,,kirkland,washington,usa,21,male,0,usa,21,naturalistic,english495.mp3,notyet.gif,kirkland.gif,eng,2013-01-21
1721,12,thai,,bangkok,,thailand,33,male,8,"india, singapore",0.5,academic,thai12.mp3,notyet.gif,bangkok.gif,tha,2013-01-23
1722,33,korean,,seongnam,,south korea,30,female,13,usa,2,academic,korean33.mp3,notyet.gif,seongnam.gif,kor,2013-02-01
1723,5,tamil,,coimbatore,tamil nadu,india,36,female,5,usa,12,academic,tamil5.mp3,notyet.gif,coimbatore.gif,tam,2013-02-03
1724,496,english,,london,england,uk,20,male,0,uk,20,naturalistic,english496.mp3,notyet.gif,london.gif,eng,2013-02-06
1725,9,hebrew,,petah-tiqwa,,israel,23,male,4,usa,22,naturalistic,hebrew9.mp3,notyet.gif,petah-tiqwa.gif,heb,2013-02-14
1726,497,english,,cleveland,ohio,usa,22,male,0,usa,22,naturalistic,english497.mp3,notyet.gif,cleveland_oh.gif,eng,2013-02-14
1727,498,english,,prince george,british columbia,canada,27,male,0,canada,27,naturalistic,english498.mp3,notyet.gif,prince_george.gif,eng,2013-02-16
1728,499,english,,st. paul,minnesota,usa,21,female,0,usa,21,naturalistic,english499.mp3,notyet.gif,stpaul.gif,eng,2013-02-17
1729,49,french,,paris,,france,39,male,12,"uk, usa, new zealand",1,academic,french49.mp3,notyet.gif,paris.gif,fra,2013-02-21
1730,27,turkish,,istanbul,,turkey,18,female,7,,0,academic,turkish27.mp3,notyet.gif,istanbul.gif,tur,2013-02-27
1731,8,kurdish,,sulaymaniyah,,iraq,55,female,39,usa,16,naturalistic,kurdish8.mp3,notyet.gif,sulaymaniyah.gif,kmr,2013-02-28
1732,114,spanish,,seville,,spain,22,female,8,uk,0.25,naturalistic,spanish114.mp3,notyet.gif,seville.gif,spa,2013-03-18
1733,500,english,,albury,new south wales,australia,38,male,0,australia,38,naturalistic,english500.mp3,notyet.gif,albury.gif,eng,2013-03-26
1734,501,english,,pittsburgh,pennsylvania,usa,64,female,0,usa,64,naturalistic,english501.mp3,notyet.gif,pittsburgh.gif,eng,2013-03-30
1735,502,english,,farmington hills,michigan,usa,30,female,0,usa,30,naturalistic,english502.mp3,notyet.gif,farmington_hills.gif,eng,2013-04-03
1736,49,mandarin,chinese,shanghai,,china,21,male,10,australia,2.5,academic,mandarin49.mp3,notyet.gif,shanghai.gif,cmn,2013-04-04
1737,26,polish,,bytow,,poland,19,male,16,uk,0.2,academic,polish26.mp3,notyet.gif,bytow.gif,pol,2013-04-16
1738,27,polish,,koszalin,,poland,19,male,6,,0,academic,polish27.mp3,notyet.gif,koszalin.gif,pol,2013-05-07
1739,503,english,,benin city,,nigeria,29,female,0,"nigeria, usa",25,naturalistic,english503.mp3,notyet.gif,benincity.gif,eng,7 may 2013.  residence: 12 years usa
1740,44,dutch,,antwerp,,belgium,21,female,12,,0,academic,dutch44.mp3,notyet.gif,antwerp.gif,nld,"18 may,2013"
1741,30,italian,,bologna,,italy,23,male,11,,0,academic,italian30.mp3,notyet.gif,bologna.gif,ita,18 may 2013
1742,45,dutch,,sint niklaas,,belgium,22,male,2,,0,naturalistic,dutch45.mp3,notyet.gif,sint-niklaas.gif,nld,2013-05-19
1743,46,dutch,,hulshout,,belgium,22,female,12,,0,academic,dutch46.mp3,notyet.gif,hulshout.gif,nld,2013-05-21
1744,115,spanish,,la paz,,bolivia,58,female,8,usa,15,academic,spanish115.mp3,notyet.gif,lapaz.gif,spa,2013-05-21
1745,28,polish,,koszalin,,poland,20,female,10,,0,academic,polish28.mp3,notyet.gif,koszalin.gif,pol,2013-05-26
1746,8,danish,,sunds,,denmark,28,female,11,usa,3.5,academic,danish8.mp3,notyet.gif,sunds.gif,dan,2013-05-30
1747,116,spanish,,bogota,,colombia,37,male,6,usa,3,academic,spanish116.mp3,notyet.gif,bogota.gif,spa,2013-06-11
1748,29,polish,,sianow,,poland,20,male,11,,0,academic,polish29.mp3,notyet.gif,sianow.gif,pol,2013-06-13
1749,30,polish,,koszalin,,poland,21,female,9,,0,academic,polish30.mp3,notyet.gif,koszalin.gif,pol,2013-06-17
1750,39,russian,,brooklyn,new york,usa,25,female,5,usa,25,naturalistic,russian39.mp3,notyet.gif,brooklyn.gif,rus,2013-06-30
1751,50,french,,paris,,france,67,female,14,usa,39,academic,french50.mp3,notyet.gif,paris.gif,fra,2013-07-04
1752,14,swedish,,vetlanda,,sweden,23,male,9,,0,academic,swedish14.mp3,notyet.gif,vetlanda.gif,swe,2013-07-03
1753,61,arabic,,manama,,bahrain,20,male,7,usa,1.75,academic,arabic61.mp3,notyet.gif,manama.gif,afb,2013-07-07
1754,4,dari,,kabul,,afghanistan,59,male,13,usa,29,academic,dari4.mp3,dari4.gif,kabul.gif,prs,2013-07-07
1755,1,turkmen,,balkanabat,,turkmenistan,24,male,10,usa,0.4,academic,turkmen1.mp3,turkmen1.gif,balkanabat.gif,tuk,2013-07-08
1756,1,garifuna,,dangriga,,belize,69,female,5,,0,academic,garifuna1.mp3,notyet.gif,dangriga.gif,cab,6 july 2013
1757,2,garifuna,,tela atlantida,,honduras,51,male,23,usa,30,naturalistic,garifuna2.mp3,notyet.gif,tela_atlantida.gif,cab,2013-07-06
1758,6,punjabi,panjabi,lahore,,pakistan,25,male,5,usa,2,academic,punjabi6.mp3,notyet.gif,lahore.gif,pnb,2013-07-06
1759,7,punjabi,panjabi,lahore,,pakistan,22,male,5,usa,0.2,academic,punjabi7.mp3,notyet.gif,lahore.gif,pnb,6 july 2013
1760,1,kru,klao,margibi,,liberia,52,female,4,"liberia, usa",52,naturalistic,kru1.mp3,kru1.gif,margibi.gif,klu,"12 july 2013.  residence: 24 years liberia, 28 years usa"
1761,9,nepali,,baglung,,nepal,36,male,10,usa,4,academic,nepali9.mp3,nepali9.gif,baglung.gif,npi,12 july 2013
1762,1,irish,irish gaelic,dublin,,ireland,28,male,3,"ireland, usa",28,naturalistic,irish1.mp3,notyet.gif,dublin.gif,gle,2013-07-03
1763,3,kazakh,,almaty,,kazakhstan,49,female,30,usa,0.5,naturalistic,kazakh3.mp3,kazakh3.gif,almaty.gif,kaz,2013-07-12
1764,9,tagalog,,manila,,philippines,48,male,7,"philippines, usa",48,academic,tagalog9.mp3,notyet.gif,manila.gif,tgl,"15 july 2013.  residence: 42 years philippines, 6 years usa"
1765,51,french,,liege,wallonia,belgium,18,male,5,,0,academic,french51.mp3,notyet.gif,liege.gif,fra,2013-07-19
1766,9,kurdish,,sulaymaniyah,,iraq,57,male,40,usa,17,naturalistic,kurdish9.mp3,notyet.gif,sulaymaniyah.gif,kmr,2013-07-21
1767,10,kurdish,,sulaymaniyah,,iraq,37,male,30,usa,7,naturalistic,kurdish10.mp3,notyet.gif,sulaymaniyah.gif,kmr,2013-07-21
1768,62,arabic,,ad dammam,,saudi arabia,19,male,18,usa,1,academic,arabic62.mp3,notyet.gif,addammam.gif,ars,2013-07-26
1769,63,arabic,,bani walid,,libya,28,female,10,usa,0.3,academic,arabic63.mp3,notyet.gif,bani_walid.gif,ayl,2013-07-29
1770,10,nepali,,kathmandu,,nepal,23,female,3,usa,3,academic,nepali10.mp3,notyet.gif,kathmandu.gif,npi,2013-07-29
1771,1,liberian pidgin english,liberian english,monrovia,,liberia,28,female,14,"liberia, usa",28,naturalistic,liberianpidginenglish1.mp3,notyet.gif,monrovia.gif,lir,2013-07-31
1772,28,turkish,,istanbul,,turkey,24,female,4,usa,5,naturalistic,turkish28.mp3,notyet.gif,istanbul.gif,tur,2013-08-21
1773,40,portuguese,,london,england,uk,23,male,0,uk,4,naturalistic,portuguese40.mp3,notyet.gif,london.gif,por,"24 august 2013.  residence: born in london, mother spoke portuguese at home.  moved back to brazil at an early age."
1774,40,russian,,bishkek,,kyrgyzstan,23,female,8,usa,2,academic,russian40.mp3,notyet.gif,bishkek.gif,rus,2013-09-02
1775,8,indonesian,bahasa indonesia,jakarta,,indonesia,32,male,14,"singapore, usa",9.5,academic,indonesian8.mp3,indonesian8.gif,jakarta.gif,ind,"4 september 2013.  residence: 1.5 years singapore, 8 years usa"
1776,3,estonian,,tallinn,,estonia,22,male,9,usa,2,academic,estonian3.mp3,estonian3.gif,tallinn.gif,ekk,2013-09-15
1777,64,arabic,najdi,riyadh,,saudi arabia,23,male,6,usa,3,naturalistic,arabic64.mp3,notyet.gif,riyadh.gif,ars,2013-09-15
1778,65,arabic,omani arabic,samail,,oman,32,female,10,"canada, usa",6,academic,arabic65.mp3,arabic65.gif,samail.gif,acx,"15 september 2013.  residence: 2 years canada, 4 years usa"
1779,4,twi,akan,tema,,ghana,22,female,6,usa,6,academic,twi4.mp3,notyet.gif,tema.gif,aka,2013-09-17
1780,3,malayalam,,bangalore,,india,19,female,3.5,usa,15,naturalistic,malayalam3.mp3,notyet.gif,bangalore.gif,mal,17 september 2013
1781,1,papiamentu,,willemstad,,curacao,27,female,5,usa,5,naturalistic,papiamentu1.mp3,papiamentu1.gif,willemstad.gif,pap,2013-09-23
1782,8,punjabi,panjabi,jilandhar,punjab,india,44,male,13,usa,20,academic,punjabi8.mp3,punjabi8.gif,jilandhar.gif,pan,2013-09-24
1783,2,papiamentu,,willemstad,,curacao,23,male,10,usa,6.5,naturalistic,papiamentu2.mp3,notyet.gif,willemstad.gif,pap,2013-09-25
1784,66,arabic,,medina,,saudi arabia,50,male,14,usa,1,academic,arabic66.mp3,notyet.gif,medina.gif,ars,2013-09-29
1785,67,arabic,,nasriah,,iraq,43,male,22,usa,20,academic,arabic67.mp3,notyet.gif,nasriah.gif,afb,2013-09-30
1786,504,english,,west palm beach,florida,usa,25,male,0,usa,25,naturalistic,english504.mp3,notyet.gif,westpalmbeach.gif,eng,2013-10-07
1787,6,wolof,,dakar,,senegal,25,male,13,usa,12,academic,wolof6.mp3,wolof6.gif,dakar.gif,wof,2013-10-07
1788,50,mandarin,chinese,hsinchu,,taiwan,25,male,9,usa,0.2,academic,mandarin50.mp3,notyet.gif,hsinchu.gif,cmn,2013-10-12
1789,5,sinhala,sinhalese,colombo,,sri lanka,26,female,13,usa,13,academic,sinhala5.mp3,notyet.gif,colombo.gif,sin,2013-10-17
1790,4,kikuyu,,nairobi,,kenya,23,female,4,"kenya, usa",23,naturalistic,kikuyu4.mp3,notyet.gif,nairobi.gif,kik,"18 october 2013  residence:  11 years, USA"
1791,3,azerbaijani,,baku,,azerbaijan,31,male,16,usa,2,academic,azerbaijani3.mp3,notyet.gif,baku.gif,azj,2013-10-18
1792,51,mandarin,chinese,tianjin,hebei,china,25,male,10,usa,2,academic,mandarin51.mp3,mandarin51.gif,tianjin.gif,cmn,2013-10-31
1793,52,mandarin,chinese,shaoxing,zhejiang,china,26,female,6,usa,1,academic,mandarin52.mp3,mandarin52.gif,shaoxing.gif,cmn,2013-10-31
1794,15,hindi,hindi-urdu,new delhi,,india,23,female,1,usa,1,naturalistic,hindi15.mp3,notyet.gif,newdelhi.gif,hin,2013-10-30
1795,13,urdu,,lahore,,pakistan,22,female,4,usa,21.5,naturalistic,urdu13.mp3,notyet.gif,lahore.gif,urd,2013-10-31
1796,5,ga,,accra,,ghana,36,male,5,"ghana, usa",36,academic,ga5.mp3,notyet.gif,accra.gif,gaa,"31 october 2013.  residence: 24 years ghana, 12 years usa."
1797,117,spanish,,madrid,,spain,46,male,12,usa,13,academic,spanish117.mp3,notyet.gif,madrid.gif,spa,2013-10-31
1798,505,english,,beirut,,lebanon,50,female,0,usa,9,naturalistic,english505.mp3,notyet.gif,beirut.gif,eng,"31 october 2013.  mother was english speaker, father was arabic speaker"
1799,506,english,,new orleans,louisiana,usa,30,female,0,usa,30,naturalistic,english506.mp3,notyet.gif,neworleans.gif,eng,31 october 2013
1800,507,english,,accra,,ghana,21,male,0,"ghana, usa",21,naturalistic,english507.mp3,notyet.gif,accra.gif,eng,"31 october 2013.  residence: 11 years ghana, 10 years usa"
1801,508,english,,winfield,illinois,usa,20,female,0,usa,20,naturalistic,english508.mp3,notyet.gif,winfield.gif,eng,2013-10-31
1802,509,english,,coudersport,pennsylvania,usa,44,female,0,usa,35,naturalistic,english509.mp3,notyet.gif,coudersport.gif,eng,2013-10-31
1803,510,english,,philadelphia,pennsylvania,usa,66,female,0,usa,66,naturalistic,english510.mp3,notyet.gif,philadelphia.gif,eng,"4 november, 2013"
1804,13,greek,,vlore,,albania,23,female,6,usa,13,academic,greek13.mp3,notyet.gif,vlore.gif,ell,2013-11-04
1805,68,arabic,,london,,uk,20,male,6,"uk, usa",9,naturalistic,arabic68.mp3,notyet.gif,london.gif,ars,"4 november 2013.  residence: 6 years uk, then to saudi arabia, then 3 years usa."
1806,118,spanish,,monterrey,,mexico,48,female,13,usa,22,academic,spanish118.mp3,notyet.gif,monterrey.gif,spa,2013-11-08
1807,119,spanish,,madrid,,spain,40,female,11,usa,15,naturalistic,spanish119.mp3,notyet.gif,madrid.gif,spa,2013-11-08
1808,29,turkish,,ankara,,turkey,21,female,11,usa,6.2,academic,turkish29.mp3,notyet.gif,ankara.gif,tur,2013-11-09
1809,15,vietnamese,,ho chi minh city,,vietnam,29,male,15,usa,7,academic,vietnamese15.mp3,notyet.gif,hochiminhcity.gif,vie,2013-11-09
1810,69,arabic,,kerma,,sudan,55,female,15,"uk, usa",21,academic,arabic69.mp3,notyet.gif,kerma.gif,apd,"10 november 2013.  residence: 6 years london, 15 years usa."
1811,7,mongolian,khalkha mongol,darhan,,mongolia,28,female,28,usa,0.5,academic,mongolian7.mp3,notyet.gif,darhan.gif,khk,2013-11-10
1812,10,tagalog,,manila,,philippines,39,female,6,usa,21,academic,tagalog10.mp3,notyet.gif,manila.gif,tgl,2013-11-11
1813,52,french,,lisbon,,portugal,56,female,11,usa,33,academic,french52.mp3,notyet.gif,lisbon.gif,fra,2013-11-09
1814,34,korean,,seoul,,south korea,20,female,11,usa,6,academic,korean34.mp3,notyet.gif,seoul.gif,kor,2013-11-11
1815,35,korean,,gwangju,,south korea,48,male,12,usa,6,academic,korean35.mp3,notyet.gif,kwangju.gif,kor,2013-11-11
1816,14,greek,,lancaster,pennsylvania,usa,22,female,3,usa,22,naturalistic,greek14.mp3,notyet.gif,lancaster_pa.gif,ell,2013-11-11
1817,53,mandarin,chinese,ningbo,zhejiang,china,38,female,13,usa,15,academic,mandarin53.mp3,notyet.gif,ningbo.gif,cmn,2013-11-12
1818,511,english,,montgomery,alabama,usa,31,female,0,usa,31,naturalistic,english511.mp3,notyet.gif,montgomery_al.gif,eng,"10 november 2013.  residence:  2 years in alabama, then around the country."
1819,512,english,,salina,kansas,usa,54,female,0,usa,54,naturalistic,english512.mp3,notyet.gif,salina_ks.gif,eng,10 november 2013.  residence:  2 years in kansas.then all over the country
1820,9,pashto,,kabul,,afghanistan,56,male,18,usa,31,academic,pashto9.mp3,notyet.gif,kabul.gif,pbt,2013-11-14
1821,1,ife,,lome,,togo,30,male,12,usa,13,academic,ife1.mp3,notyet.gif,lome.gif,ife,2013-11-15
1822,8,czech,,pizen,,czech republic,21,female,7,usa,14,naturalistic,czech8.mp3,notyet.gif,pizen.gif,ces,2013-11-15
1823,120,spanish,,bogota,,colombia,25,female,2,usa,16,academic,spanish120.mp3,notyet.gif,bogota.gif,spa,2013-11-15
1824,15,swedish,,stokholm,,sweden,22,male,12,usa,1,academic,swedish15.mp3,notyet.gif,stokholm.gif,swe,2013-11-15
1825,13,bengali,,dhaka,,bangladesh,33,female,10,usa,7,academic,bengali13.mp3,notyet.gif,dhaka.gif,ben,2013-11-14
1826,121,spanish,,pasaquina,,el salvador,34,male,21,usa,10,academic,spanish121.mp3,notyet.gif,pasaquina.gif,spa,2013-11-13
1827,70,arabic,,casablanca,,morocco,47,male,16,usa,25,academic,arabic70.mp3,notyet.gif,casablanca.gif,ary,2013-11-16
1828,71,arabic,,kuwait city,,kuwait,29,female,21,usa,8,naturalistic,arabic71.mp3,notyet.gif,kuwaitcity.gif,afb,2013-11-13
1829,13,thai,,nakhon si thammarat,,thailand,69,female,7,usa,41,academic,thai13.mp3,notyet.gif,nakhonsithammarat.gif,tha,2013-11-15
1830,53,french,,creteil,,france,19,female,10,usa,0.3,academic,french53.mp3,notyet.gif,creteil.gif,fra,2013-11-16
1831,122,spanish,,toluca,,mexico,26,female,10,usa,16,academic,spanish122.mp3,notyet.gif,toluca.gif,spa,2013-11-17
1832,72,arabic,,baghdad,,iraq,20,female,11,usa,4.8,academic,arabic72.mp3,notyet.gif,baghdad.gif,acm,2013-11-17
1833,20,japanese,,yokosuka,,japan,21,male,14,usa,6,academic,japanese20.mp3,notyet.gif,yokosuka.gif,jpn,2013-11-17
1834,123,spanish,,ilbague,,colombia,57,female,14,usa,17,academic,spanish123.mp3,notyet.gif,ilbague.gif,spa,2013-11-17
1835,124,spanish,,santa cruz,,bolivia,22,male,5,usa,14,naturalistic,spanish124.mp3,notyet.gif,santacruz.gif,spa,2013-11-17
1836,16,swedish,,goteborg,,sweden,39,female,11,usa,15,academic,swedish16.mp3,notyet.gif,goteborg.gif,swe,2013-11-17
1837,11,tagalog,,manila,,philippines,59,female,11,usa,1,academic,tagalog11.mp3,notyet.gif,manila.gif,tgl,2013-11-17
1838,36,korean,,taegu,,south korea,51,female,12,usa,28,academic,korean36.mp3,notyet.gif,taegu.gif,kor,2013-11-17
1839,15,greek,,jerusalem,,israel,81,female,8,usa,6,academic,greek15.mp3,notyet.gif,jerusalem.gif,ell,2013-11-17
1840,125,spanish,,lima,,peru,23,male,9,usa,14,naturalistic,spanish125.mp3,notyet.gif,lima.gif,spa,2013-11-17
1841,73,arabic,,nazareth,,israel,47,female,7,usa,28,academic,arabic73.mp3,notyet.gif,nazareth.gif,ajp,2013-11-18
1842,8,mongolian,,jining,inner mongolia,china,25,male,5,usa,1.5,academic,mongolian8.mp3,notyet.gif,jining.gif,mvf,2013-11-14
1843,37,korean,,seoul,,south korea,27,female,14,usa,13,academic,korean37.mp3,notyet.gif,seoul.gif,kor,2013-11-18
1844,41,russian,,nizhni novgorod,,russia,30,female,10,usa,10,academic,russian41.mp3,notyet.gif,nizhninovgorod.gif,rus,3013-11-18
1845,3,latvian,,riga,,latvia,19,female,5,usa,5,academic,latvian3.mp3,notyet.gif,riga.gif,lav,2013-11-13
1846,54,french,,vichy,,france,25,female,8,usa,7.5,academic,french54.mp3,notyet.gif,vichy.gif,fra,2013-11-18
1847,21,japanese,,tokyo,,japan,53,female,13,usa,23,academic,japanese21.mp3,notyet.gif,tokyo.gif,jpn,2013-11-18
1848,38,korean,,inchon,,south korea,25,male,10,usa,10,academic,korean38.mp3,notyet.gif,inchon.gif,kor,2013-11-18
1849,41,portuguese,,mexico city,,mexico,22,male,10,usa,7,naturalistic,portuguese41.mp3,notyet.gif,mexicocity.gif,por,2013-11-18
1850,16,vietnamese,,long xuyen,,vietnam,52,male,17,usa,32,academic,vietnamese16.mp3,notyet.gif,longxuyen.gif,vie,2013-11-18
1851,12,tagalog,,legaspi,,philippines,33,female,5,usa,20,academic,tagalog12.mp3,notyet.gif,legaspi.gif,tgl,19 november
1852,10,ukrainian,,lvivska oblast,,ukraine,25,female,7,usa,3,academic,ukrainian10.mp3,notyet.gif,lvivskaoblast.gif,ukr,2013-11-19
1853,126,spanish,,colon,,panama,54,female,5,usa,35,naturalistic,spanish126.mp3,notyet.gif,colon.gif,spa,2013-11-19
1854,16,amharic,,werder,,ethiopia,36,male,11,usa,10,academic,amharic16.mp3,notyet.gif,werder.gif,amh,2013-11-19
1855,7,tigrigna,,asmara,,eritrea,37,female,7,usa,13,academic,tigrigna7.mp3,notyet.gif,asmara.gif,tir,2013-11-20
1856,513,english,,bocas del toro,,panama,52,female,0,"panama, usa",52,naturalistic,english513.mp3,notyet.gif,bocasdeltoro.gif,eng,20 november 2013.  residence:  17 years in usa
1857,4,malayalam,,dubai,,united arab emirates,18,female,3,,0,academic,malayalam4.mp3,notyet.gif,dubai.gif,mal,2013-11-21
1858,17,farsi,persian,gorgan,,iran,27,female,16,usa,3,academic,farsi17.mp3,notyet.gif,gorgan.gif,pes,3013-11-23
1859,15,bulgarian,,varna,,bulgaria,22,male,10,usa,12,naturalistic,bulgarian15.mp3,notyet.gif,varna.gif,bul,2013-11-13
1860,127,spanish,,san salvador,,el salvador,34,male,19,usa,7,academic,spanish127.mp3,notyet.gif,sansalvador.gif,spa,2013-11-24
1861,17,swedish,,farjestaden,,sweden,20,female,8,usa,0.3,naturalistic,swedish17.mp3,notyet.gif,farjestaden.gif,swe,2013-11-24
1862,39,korean,,pusan,,south korea,55,male,14,usa,41,academic,korean39.mp3,notyet.gif,pusan.gif,kor,2013-11-25
1863,3,fanti,akan,accra,,ghana,46,female,5,usa,21,academic,fanti3.mp3,notyet.gif,accra.gif,aka,2013-11-29
1864,7,taiwanese,chinese,taipei,,taiwan,65,female,35,usa,20,academic,taiwanese7.mp3,notyet.gif,taipei.gif,nan,2013-11-29
1865,11,nepali,,kathmandu,,nepal,24,female,20,usa,1,academic,nepali11.mp3,notyet.gif,kathmandu.gif,npi,2013-11-29
1866,6,haitian creole french,,ouanaminthe,,haiti,18,female,16,usa,1,naturalistic,haitiancreolefrench6.mp3,notyet.gif,ouanaminthe.gif,hat,2013-12-02
1867,4,estonian,,paide,,estonia,28,female,9,"uk, usa",6,academic,estonian4.mp3,notyet.gif,paide.gif,ekk,"2 december 2013.  residence: 1 year uk, 5 years usa."
1868,5,dari,,kabul,,afghanistan,56,female,32,usa,24,naturalistic,dari5.mp3,notyet.gif,kabul.gif,prs,2013-12-02
1869,128,spanish,,lima,,peru,30,female,7,usa,17,academic,spanish128.mp3,notyet.gif,lima.gif,spa,2013-12-02
1870,74,arabic,,alexandria,,egypt,18,male,4,usa,0.4,academic,arabic74.mp3,notyet.gif,alexandria_eg.gif,arz,2013-12-06
1871,2,ngemba,,bamenda,,cameroon,63,female,6,usa,20,academic,ngemba2.mp3,notyet.gif,bamenda.gif,nge,"4 december 2013.  called her own language ""mohamoh"""
1872,514,english,,youngstown,ohio,usa,57,male,0,usa,57,naturalistic,english514.mp3,notyet.gif,youngstown.gif,eng,"7 december 2013.  residence: ohio until age 31, then NC til now."
1873,515,english,,youngstown,ohio,usa,55,female,0,usa,55,naturalistic,english515.mp3,notyet.gif,youngstown.gif,eng,"7 december 2013.  residence: ohio til 29, then NC til now."
1874,129,spanish,,havana,,cuba,47,female,30,usa,17,naturalistic,spanish129.mp3,notyet.gif,havana.gif,spa,2013-12-12
1875,516,english,,dripping springs,texas,usa,32,female,0,usa,32,naturalistic,english516.mp3,notyet.gif,dripping_springs.gif,eng,2013-12-17
1876,517,english,,colorado springs,colorado,usa,33,male,0,usa,33,naturalistic,english517.mp3,notyet.gif,colorado_springs.gif,eng,2013-12-18
1877,33,german,,stuttgart,,germany,39,male,10,,0,academic,german33.mp3,notyet.gif,stuttgart.gif,deu,"10 january, 2014"
1878,518,english,,kells,meath,ireland,24,male,0,ireland,24,naturalistic,english518.mp3,notyet.gif,kells.gif,eng,2014-01-21
1879,34,german,,bochum,,germany,28,male,11,uk,1,academic,german34.mp3,notyet.gif,bochum.gif,deu,2014-01-29
1880,16,bulgarian,,kyustendil,,bulgaria,21,male,6,uk,0.1,academic,bulgarian16.mp3,notyet.gif,kyustendil.gif,bul,21 february 2014
1881,22,japanese,,ashiya,,japan,69,female,12,usa,30,academic,japanese22.mp3,japanese22.gif,ashiya.gif,jpn,22 november 2013.  iamgmu#98035
1882,519,english,,karachi,,pakistan,18,female,1,"canada, usa",16,naturalistic,english519.mp3,notyet.gif,karachi.gif,eng,21 november 2013.  iamgmu#98034
1883,42,portuguese,,luanda,,angola,24,male,21,usa,3,academic,portuguese42.mp3,portuguese42.gif,luanda.gif,por,19 november 2013.  iamgmu#98032
1884,520,english,,st. paul,minnesota,usa,47,female,0,usa,47,naturalistic,english520.mp3,notyet.gif,stpaul.gif,eng,"12 february, 2014.  iamgmu#98047"
1885,75,arabic,najdi,riyadh,,saudi arabia,26,female,2,usa,5.2,naturalistic,arabic75.mp3,arabic75.gif,riyadh.gif,ars,"1 january, 2014"
1886,521,english,,bethesda,maryland,usa,25,female,0,usa,25,naturalistic,english521.mp3,english521.gif,bethesda.gif,eng,19 february 2014.  iamgmu#98048
1887,522,english,,bethpage,new york,usa,22,female,0,usa,22,naturalistic,english522.mp3,english522.gif,bethpage.gif,eng,19 february 2014.  iamgmu#98049
1888,523,english,,madison,wisconsin,usa,18,female,0,usa,18,naturalistic,english523.mp3,notyet.gif,madison.gif,eng,20 february 2014.  iamgmu#98050
1889,55,french,,settat,,morocco,62,female,12,usa,32,academic,french55.mp3,french55.gif,settat.gif,fra,22 november 2013.  iamgmu#98039
1890,524,english,,downers grove,illinois,usa,19,male,0,usa,19,naturalistic,english524.mp3,notyet.gif,downers_grove.gif,eng,24 february 2014.  residence: wisconsin for 18 years.
1891,130,spanish,,guayaquil,,ecuador,27,male,21,usa,1,naturalistic,spanish130.mp3,spanish130.gif,guayaquil.gif,spa,29 january 2014.  iamgmu#98045
1892,76,arabic,hijazi,jiddah,,saudi arabia,25,male,4,usa,0.2,naturalistic,arabic76.mp3,arabic76.gif,jiddah.gif,acw,5 march 2014.  iamgmu#98051
1893,525,english,,albion,new york,usa,18,female,0,usa,18,naturalistic,english525.mp3,notyet.gif,albion.gif,eng,2014-03-07
1894,77,arabic,,ad dammam,,saudi arabia,18,female,4,usa,1,naturalistic,arabic77.mp3,arabic77.gif,addammam.gif,acw,20 march 2014.  iamgmu #90852
1895,526,english,,woodbridge,virginia,usa,20,male,0,usa,20,naturalistic,english526.mp3,english526.gif,woodbridge.gif,eng,20 march 2014.  iamgmu #98054
1896,9,mongolian,khalkha mongol,yekaterinburg,,russia,19,male,5,usa,14,naturalistic,mongolian9.mp3,notyet.gif,yekaterinburg.gif,khk,25 march 2014.  306 submission
1897,78,arabic,,washington,district of columbia,usa,19,female,3,usa,8,naturalistic,arabic78.mp3,arabic78.gif,washington.gif,,"20 march 2014.  iamgmu # 90853.
residence:  lived in usa until age 7.  then came back for college."
1898,56,french,,douala,,cameroon,21,female,5,usa,18,academic,french56.mp3,notyet.gif,douala.gif,fra,26 march 2014. LING306
1899,79,arabic,,medina,,saudi arabia,24,female,13,usa,1,academic,arabic79.mp3,notyet.gif,medina.gif,acw,27 march 2014.  iamgmu #98055
1900,54,mandarin,chinese,chengdu,sichuan,china,25,female,10,usa,5,academic,mandarin54.mp3,notyet.gif,chengdu.gif,cmn,27 march 2014.  iamgmu #98056
1901,80,arabic,najdi,najran,,saudi arabia,25,male,11,usa,2,academic,arabic80.mp3,notyet.gif,najran.gif,ars,28 march 2014. LING 306 assignment
1902,1,hiligaynon,ilonggo,bago city,,philippines,53,female,7,usa,12,academic,hiligaynon1.mp3,notyet.gif,bago_city.gif,hil,29 march 2014.  LING306 assignment
1903,131,spanish,,havana,,cuba,56,male,25,usa,31,naturalistic,spanish131.mp3,notyet.gif,havana.gif,spa,31 march 2104.  LING 306
1904,132,spanish,,rio piedras,,puerto rico,50,female,15,usa,30,academic,spanish132.mp3,notyet.gif,rio_piedras.gif,spa,31 march 2014.  ling 306
1905,1,temne,,kono,,sierra leone,21,male,10,usa,9,academic,temne1.mp3,notyet.gif,kono.gif,tem,31 march 2014. LING306
1906,17,amharic,,addis ababa,,ethiopia,21,male,9,usa,10,academic,amharic17.mp3,notyet.gif,addisababa.gif,amh,31 march 2014.  LING306
1907,527,english,,wynnewood,pennsylvania,usa,25,female,0,usa,25,naturalistic,english527.mp3,english527.gif,wynnewood.gif,eng,31 march 2014.  iamgmu#98057
1908,528,english,,green bay,wisconsin,usa,52,female,0,usa,52,naturalistic,english528.mp3,english528.gif,green_bay.gif,eng,31 march 2014.  iamgmu#98058
1909,55,mandarin,chinese,loudi,hunan,china,25,female,13,usa,1.5,academic,mandarin55.mp3,notyet.gif,loudi.gif,cmn,2 april 2014.  LING306
1910,56,mandarin,chinese,baoding,hebei,china,26,female,11,usa,0.7,academic,mandarin56.mp3,notyet.gif,baoding.gif,cmn,2 april 2014.  LING306
1911,7,khmer,,siem reap,,cambodia,56,male,25,usa,30,naturalistic,khmer7.mp3,notyet.gif,siem_reap.gif,khm,2 april 2014. LING306
1912,6,sinhala,sinhalese,colombo,,sri lanka,55,female,18,usa,22,academic,sinhala6.mp3,notyet.gif,colombo.gif,sin,2 april 2014. LING306
1913,18,farsi,persian,tehran,,iran,19,female,5,usa,5,academic,farsi18.mp3,notyet.gif,tehran.gif,pes,3 april 2014.  LING306
1914,81,arabic,najdi,riyadh,,saudi arabia,22,male,17,usa,3.6,naturalistic,arabic81.mp3,notyet.gif,riyadh.gif,ars,3 april 2014.  LING306
1915,17,bulgarian,,sofia,,bulgaria,31,female,9,usa,16,naturalistic,bulgarian17.mp3,notyet.gif,sofia.gif,bul,3 april 2014.  LING306
1916,133,spanish,,cochabamba,,bolivia,38,male,19,usa,13,academic,spanish133.mp3,notyet.gif,cochabamba.gif,spa,3 april 2014.  LING306
1917,82,arabic,,damascus,,syria,42,male,12,usa,0.3,academic,arabic82.mp3,arabic82.gif,damascus.gif,apc,3 april 2014.  iamgmu#98059
1918,31,polish,,trzebnica,,poland,34,female,16,usa,11,academic,polish31.mp3,polish31.gif,trzebnica.gif,pol,3 april 2014.  iamgmu#98061
1919,10,pashto,,mansehra,,pakistan,26,female,5,usa,14,academic,pashto10.mp3,pashto10.gif,mansehra.gif,pbu,3 april 2014.  iamgmu#98062
1920,83,arabic,najdi,riyadh,,saudi arabia,22,male,21,usa,1,academic,arabic83.mp3,arabic83.gif,riyadh.gif,ars,3 april 2014.  iamgmu#98064
1921,134,spanish,,la union,,el salvador,41,female,13,usa,28.7,academic,spanish134.mp3,notyet.gif,la_union.gif,spa,6 april 2014.  LING306
1922,43,portuguese,,coronel fabriciano,minas gerais,brazil,32,female,8,usa,7,academic,portuguese43.mp3,notyet.gif,coronel_fabriciano.gif,por,6 april 2014.  LING306
1923,135,spanish,,santiago de cuba,,cuba,41,female,22,usa,18,naturalistic,spanish135.mp3,notyet.gif,santiago_de_cuba.gif,spa,7 april 2014.  LING306
1924,42,russian,,moscow,,russia,24,female,4,usa,7,academic,russian42.mp3,notyet.gif,moscow.gif,rus,7 april 2014.  iamgmu#98066
1925,529,english,,burlington,vermont,usa,29,female,0,usa,29,naturalistic,english529.mp3,notyet.gif,burlington.gif,eng,7 april 2014   iamgmu#98068
1926,530,english,,detroit,michigan,usa,50,female,0,usa,35,naturalistic,english530.mp3,notyet.gif,detroit.gif,eng,7 april 2014.  iamgmu#98069
1927,84,arabic,,medina,,saudi arabia,26,female,12,usa,2,academic,arabic84.mp3,notyet.gif,medina.gif,acw,7 april 2014.  iamgmu#98071
1928,531,english,,nokesville,virginia,usa,29,female,0,usa,26,naturalistic,english531.mp3,notyet.gif,nokesville.gif,eng,7 april 2014.  iamgmu#98071
1929,30,turkish,,izmir,,turkey,24,female,11,usa,0.8,academic,turkish30.mp3,notyet.gif,izmir.gif,tur,9 april 2014.  LING306
1930,44,portuguese,,rio de janeiro,,brazil,38,female,24,usa,14,naturalistic,portuguese44.mp3,notyet.gif,riodejaneiro.gif,por,9 april 2014.  LING306
1931,57,french,,dakar,,senegal,23,male,12,usa,4,academic,french57.mp3,notyet.gif,dakar.gif,fra,9 april 2014.  LING306
1932,43,russian,,st. petersburg,,russia,27,female,8,usa,14,academic,russian43.mp3,notyet.gif,stpetersburg.gif,rus,9 april 2014.  LING306
1933,532,english,,bristol,connecticut,usa,23,female,0,usa,23,naturalistic,english532.mp3,notyet.gif,bristol_ct.gif,eng,8 april 2014.  iamgmu#98072
1934,533,english,,fairfax,virginia,usa,38,female,0,usa,38,naturalistic,english533.mp3,notyet.gif,fairfax.gif,eng,8 april 2014.  iamgmu#1934
1935,2,mauritian,morisyen,grand port,,mauritius,48,male,7,usa,34.7,academic,mauritian2.mp3,notyet.gif,grand_port.gif,mfe,9 april 2014.  ling306
1936,19,farsi,persian,tehran,,iran,63,female,27,usa,35,naturalistic,farsi19.mp3,notyet.gif,tehran.gif,pes,9 april 2014.  ling306
1937,58,french,,douala,,cameroon,25,female,18,usa,8,academic,french58.mp3,notyet.gif,douala.gif,fra,9 april 2014.  ling306
1938,59,french,,paris,,france,20,female,5,usa,2,academic,french59.mp3,notyet.gif,paris.gif,fra,9 april 2014  ling306
1939,7,finnish,,kauhava,,finland,46,female,9,usa,13,academic,finnish7.mp3,notyet.gif,kauhava.gif,fin,9 april 2014.  ling306
1940,17,vietnamese,,ho chi minh city,,vietnam,33,female,11,usa,12,academic,vietnamese17.mp3,notyet.gif,hochiminhcity.gif,vie,9 april 2014.  ling306
1941,45,portuguese,,salvador,,brazil,19,female,7,usa,12.5,academic,portuguese45.mp3,notyet.gif,salvador.gif,por,10 april 2014.  ling306
1942,23,japanese,,kawasaki,,japan,24,male,5,usa,15,academic,japanese23.mp3,notyet.gif,kawasaki.gif,jpn,10 april 2014.  ling306
1943,40,korean,,seoul,,south korea,21,female,17,usa,2,academic,korean40.mp3,notyet.gif,seoul.gif,kor,11 april 2014.  ling306
1944,3,jamaican creole english,patois,montego bay,,jamaica,19,female,3,"jamaica, usa",19,naturalistic,jamaican_creole_english3.mp3,notyet.gif,montego_bay.gif,jam,11 april 2014.  ling306
1945,60,french,,paris,,france,20,female,11,usa,0.8,academic,french60.mp3,notyet.gif,paris.gif,fra,11 april 2014.  ling306
1946,41,korean,,seoul,,south korea,50,female,12,usa,9,academic,korean41.mp3,notyet.gif,seoul.gif,kor,12 april 2014.  ling306
1947,44,russian,,penza,,russia,29,female,6,usa,10,academic,russian44.mp3,notyet.gif,penza.gif,rus,12 april 2014.  ling306
1948,24,japanese,,tokyo,,japan,40,female,13,usa,24,academic,japanese24.mp3,notyet.gif,tokyo.gif,jpn,
1949,136,spanish,,santiago,,chile,49,male,8,usa,41,academic,spanish136.mp3,notyet.gif,santiago.gif,spa,12 april 2014.  ling306
1950,42,korean,,bayside,new york,usa,26,male,3,usa,13,naturalistic,korean42.mp3,notyet.gif,bayside_ny.gif,kor,"14 april 2014.  born in bayside, ny.  stayed in usa until age 5.  returned from korea at age 18"
1951,534,english,,mineola,new york,usa,29,female,0,usa,29,naturalistic,english534.mp3,notyet.gif,mineola.gif,eng,15 april 2014.  iamgmu# 98074
1952,43,korean,,taejon,,south korea,20,male,13,usa,6,academic,korean43.mp3,notyet.gif,taejon.gif,kor,17 april 2014.  ling306
1953,1,cameroon creole english,kamtok,buea,,cameroon,18,male,10,usa,8,academic,cameroon_creole_english1.mp3,notyet.gif,buea.gif,wes,16 april 2014.  ling306
1954,13,tagalog,,manila,,philippines,76,female,7,usa,40,academic,tagalog13.mp3,notyet.gif,manila.gif,tgl,28 april 2014.  ling306
1955,535,english,,plymouth,massachusetts,usa,22,female,0,usa,22,naturalistic,english535.mp3,notyet.gif,plymouth_ma.gif,eng,21 april 2014.  iamgmu#98076
1956,536,english,,richmond,virginia,usa,21,female,0,usa,21,naturalistic,english536.mp3,notyet.gif,richmond.gif,eng,21 april 2014. iamgmu#98077
1957,537,english,,woodbridge,virginia,usa,21,female,0,usa,21,naturalistic,english537.mp3,notyet.gif,woodbridge.gif,eng,28 april 2014.  iamgmu#98078
1958,538,english,,lyndhurst,virginia,usa,20,female,0,usa,20,naturalistic,english538.mp3,notyet.gif,lyndhurst_va.gif,eng,28 april 2014.  iamgmu#98079
1959,539,english,,orange county,california,usa,19,female,0,usa,19,naturalistic,english539.mp3,notyet.gif,orange_county.gif,eng,2014-04-29
1960,540,english,,arlington,virginia,usa,18,female,0,usa,18,naturalistic,english540.mp3,notyet.gif,arlington.gif,eng,28 april 2014.  iamgmu#98080
1961,541,english,,fort lauderdale,florida,usa,27,female,0,usa,27,naturalistic,english541.mp3,notyet.gif,fort_lauderdale.gif,eng,2014-05-01
1962,542,english,,toronto,ontario,canada,60,male,0,"canada, usa",55,naturalistic,english542.mp3,notyet.gif,toronto.gif,eng,"1 may 2014.  residence: 46 years canada, 5 years hong kong, 9 years usa"
1963,85,arabic,,ad dammam,,saudi arabia,24,female,14,usa,0.4,academic,arabic85.mp3,notyet.gif,addammam.gif,acw,1 may 2014.  iamgmu#98081
1964,86,arabic,,cairo,,egypt,28,male,3,"usa, canada",2.8,academic,arabic86.mp3,notyet.gif,cairo.gif,arz,2014-06-27
1965,46,portuguese,,cascais,,portugal,65,male,11,canada,2,academic,portuguese46.mp3,notyet.gif,cascais.gif,por,2014-06-30
1966,16,hindi,hindi-urdu,new delhi,,india,25,male,5,usa,4,academic,hindi16.mp3,notyet.gif,newdelhi.gif,hin,2014-07-12
1967,1,shan,,taunggyi,,myanmar,34,female,16,,0,naturalistic,shan1.mp3,notyet.gif,taunggyi.gif,shn,2014-08-31
1968,5,swiss german,,uster,,switzerland,34,male,8,"cayman islands, canada",8,academic,swissgerman5.mp3,notyet.gif,uster.gif,gsw,2014-09-06
1969,543,english,,vancouver,british columbia,canada,39,female,0,"canada, usa, uk, cayman islands",36,naturalistic,english543.mp3,notyet.gif,vancouver.gif,eng,2014-09-06
1970,544,english,,hanover,new hampshire,usa,31,male,0,usa,31,naturalistic,english544.mp3,notyet.gif,hanover_nh.gif,eng,2014-09-06
1971,44,korean,,inchon,,south korea,49,male,14,,0,academic,korean44.mp3,notyet.gif,inchon.gif,kor,"8 september, 2014.  306 class"
1972,35,german,,ingolstadt,,germany,51,female,11,usa,31,academic,german35.mp3,notyet.gif,ingolstadt.gif,deu,2014-09-11
1973,14,bengali,,kolkata,,india,26,male,4,,0,,bengali14.mp3,notyet.gif,kolkata.gif,ben,2014-09-13
1974,22,cantonese,chinese,hong kong,,china,30,female,3,,0,academic,cantonese22.mp3,notyet.gif,hongkong.gif,yue,2014-09-18
1975,23,cantonese,chinese,hong kong,,china,33,male,6,,0,academic,cantonese23.mp3,notyet.gif,hongkong.gif,yue,18 september 2014.  reports no speech impediment.
1976,31,italian,,naples,,italy,59,female,23,usa,36,academic,italian31.mp3,notyet.gif,naples.gif,ita,28 september 2014.  LING306
1977,1,ashanti,akan,accra,,ghana,42,female,1,"ghana, usa",42,naturalistic,ashanti1.mp3,notyet.gif,accra.gif,aka,2014-10-03
1978,12,nepali,,kathmandu,,nepal,26,female,6,usa,3,academic,nepali12.mp3,notyet.gif,kathmandu.gif,npi,2014-10-03
1979,137,spanish,,santa ana,,el salvador,24,female,21,usa,4,academic,spanish137.mp3,notyet.gif,santa_ana.gif,spa,2014-10-03
1980,138,spanish,,san miguel,,el salvador,24,female,16,usa,8,academic,spanish138.mp3,notyet.gif,san_miguel.gif,spa,2014-10-03
1981,139,spanish,,guatemala city,,guatemala,50,male,38,usa,11,academic,spanish139.mp3,notyet.gif,guatemala_city.gif,spa,2014-10-03
1982,45,korean,,inchon,,south korea,28,male,13,usa,11,academic,korean45.mp3,notyet.gif,inchon.gif,kor,9 october 2014.  523 class
1983,8,croatian,,gospic,,croatia,39,male,22,usa,17,naturalistic,croatian8.mp3,notyet.gif,gospic.gif,hrv,13 october 2014.  LING 523
1984,32,italian,,sardinia,,italy,49,male,14,usa,24,academic,italian32.mp3,notyet.gif,sardinia.gif,ita,2014-10-15
1985,140,spanish,,cochabamba,,bolivia,37,female,31,usa,6,academic,spanish140.mp3,notyet.gif,cochabamba.gif,spa,2014-10-16
1986,3,mende,,freetown,,sierra leone,32,male,5,usa,3,academic,mende3.mp3,notyet.gif,freetown.gif,men,2014-10-24
1987,25,japanese,,kyoto,,japan,52,female,13,"canada, usa",23,academic,japanese25.mp3,notyet.gif,kyoto.gif,jpn,"27 october, 2014.  ling306"
1988,17,hindi,hindi-urdu,new delhi,,india,47,female,3,usa,24,academic,hindi17.mp3,notyet.gif,newdelhi.gif,hin,28 october 2014.  LING class
1989,47,portuguese,,rosario do sul,,brazil,22,female,12,usa,4.3,academic,portuguese47.mp3,notyet.gif,rosario_do_sul.gif,por,28 october 2014.  LING 523
1990,57,mandarin,chinese,shanghai,,china,20,male,12,uk,0.2,academic,mandarin57.mp3,notyet.gif,shanghai.gif,cmn,2014-10-31
1991,26,japanese,,yokosuka,,japan,44,female,13,usa,6,academic,japanese26.mp3,notyet.gif,yokosuka.gif,jpn,2014-11-03
1992,18,swedish,,lulea,,sweden,42,male,8,usa,18,academic,swedish18.mp3,notyet.gif,lulea.gif,swe,2014-11-03
1993,20,farsi,dari,mazare sharif,,afghanistan,48,female,19,usa,30,naturalistic,farsi20.mp3,notyet.gif,mazare_sharif.gif,prs,6 november 2014.  LING 306
1994,36,german,,hamburg,,germany,18,female,14,,0,academic,german36.mp3,notyet.gif,hamburg.gif,deu,2014-11-08
1995,545,english,,tangier island,virginia,usa,56,male,0,usa,56,naturalistic,english545.mp3,notyet.gif,tangier_island.gif,eng,2023-11-11
1996,546,english,,tangier island,virginia,usa,43,female,0,usa,43,naturalistic,english546.mp3,notyet.gif,tangier_island.gif,eng,2014-11-11
1997,547,english,,tangier island,virginia,usa,63,male,0,usa,63,naturalistic,english547.mp3,notyet.gif,tangier_island.gif,eng,2014-11-11
1998,61,french,,rawalpindi,,pakistan,41,female,10,usa,3,academic,french61.mp3,notyet.gif,rawalpindi.gif,fra,"11 november 2014. LING 306.
moved to france at age 4."
1999,11,ukrainian,,odessa,,ukraine,23,female,9,usa,3,academic,ukrainian11.mp3,notyet.gif,odessa.gif,ukr,11 november 2014  LING 523
2000,58,mandarin,chinese,superior,colorado,usa,23,male,7,usa,16,naturalistic,mandarin58.mp3,notyet.gif,superior.gif,cmn,"12 november 2014.  residence: born in superior, but went to china at 9 months and stayed for 6 years.  LING 306"
2001,5,twi,akan,woodbridge,virginia,usa,19,male,5,usa,19,naturalistic,twi5.mp3,notyet.gif,woodbridge.gif,aka,12 november 2014.  spoke only twi at home for the first 5 years.  ling 306
2002,14,tagalog,,legaspi,,philippines,47,female,17,usa,25,academic,tagalog14.mp3,notyet.gif,legaspi.gif,tgl,2014-11-13
2003,548,english,,dublin,,ireland,61,male,0,ireland,61,naturalistic,english548.mp3,notyet.gif,dublin.gif,eng,12 november 2014.  LING306
2004,15,bengali,,dhaka,,bangladesh,46,female,8,usa,14,academic,bengali15.mp3,notyet.gif,dhaka.gif,ben,13 november 2014 LING306
2005,87,arabic,,kuwait city,,kuwait,49,female,10,usa,0.5,academic,arabic87.mp3,notyet.gif,kuwaitcity.gif,afb,12 november 2014. LING306
2007,3,lao,,pakxe,,laos,52,male,20,usa,33,naturalistic,lao3.mp3,notyet.gif,pakxe.gif,lao,13 november 2014  ling306
2008,88,arabic,,beirut,,lebanon,19,female,4,usa,3,academic,arabic88.mp3,notyet.gif,beirut.gif,apc,13 november 2014.
2009,141,spanish,,la union,,el salvador,24,male,12,usa,12,academic,spanish141.mp3,notyet.gif,la_union.gif,spa,14 november 2014.  ling 306
2010,18,vietnamese,,saigon,,vietnam,19,female,11,usa,10,naturalistic,vietnamese18.mp3,notyet.gif,saigon.gif,vie,12 november 2014.  LING306
2011,19,swedish,,ekenas,,finland,50,male,12,usa,26,naturalistic,swedish19.mp3,notyet.gif,ekenas.gif,swe,13 november 2014.  LING306
2012,549,english,,exminister,,uk,19,female,0,"uk, usa",17,naturalistic,english549.mp3,notyet.gif,exminister.gif,eng,14 november 2014. LING306
2013,19,vietnamese,,ho chi minh city,,vietnam,18,female,4,usa,1.5,academic,vietnamese19.mp3,notyet.gif,hochiminhcity.gif,vie,14 november.  LING306
2014,26,macedonian,,ohrid,,macedonia,29,male,11,usa,9.5,academic,macedonian26.mp3,notyet.gif,ohrid.gif,mkd,2014-11-15
2015,46,korean,,seoul,,south korea,21,female,21,usa,0.3,academic,korean46.mp3,notyet.gif,seoul.gif,kor,15 november 2014.  LING 306
2016,142,spanish,,san salvador,,el salvador,59,female,8,usa,33,academic,spanish142.mp3,notyet.gif,sansalvador.gif,spa,15 november 2014.  LING 306
2017,18,amharic,,addis ababa,,ethiopia,20,female,2,usa,7,naturalistic,amharic18.mp3,notyet.gif,addisababa.gif,amh,15 november 2014.  LING306
2018,9,hungarian,,budapest,,hungary,73,male,15,usa,58,academic,hungarian9.mp3,notyet.gif,budapest.gif,hun,16 november 2014. LING306
2019,59,mandarin,chinese,kunming,yunnan,china,20,female,6,usa,0.4,academic,mandarin59.mp3,notyet.gif,kunming.gif,cmn,16 november 2014.  LING306
2020,33,italian,,bitonto,,italy,78,female,50,usa,36,academic,italian33.mp3,notyet.gif,bitonto.gif,ita,17 november 2014. LING 306
2021,13,nepali,,kathmandu,,nepal,25,female,5,usa,11,academic,nepali13.mp3,notyet.gif,kathmandu.gif,npi,17 november 2014. LING306
2022,89,arabic,,baghdad,,iraq,35,female,19,usa,16,academic,arabic89.mp3,notyet.gif,baghdad.gif,acm,"17 november, 2014.  LING 306"
2023,5,yoruba,,ibadan,,nigeria,47,female,2,"nigeria, usa",47,naturalistic,yoruba5.mp3,notyet.gif,ibadan.gif,yor,12 november 2014.  LING306
2024,18,bulgarian,,razlog,,bulgaria,20,male,10,usa,1,academic,bulgarian18.mp3,notyet.gif,razlog.gif,bul,16 november 2014.  LING306
2025,21,farsi,dari,kabul,,afghanistan,20,male,5,usa,15,naturalistic,farsi21.mp3,notyet.gif,kabul.gif,prs,17 november 2014.  LING306
2026,143,spanish,,oviedo,,spain,45,male,6,"uk, usa",12.5,academic,spanish143.mp3,notyet.gif,oviedo.gif,spa,19 november 2014. residence: 6 mos. uk; 12 years usa
2027,45,russian,,st. petersburg,,russia,68,female,14,usa,40,academic,russian45.mp3,notyet.gif,stpetersburg.gif,rus,20 november 2014.  LING306
2028,550,english,,fredericksburg,virginia,usa,82,male,0,usa,82,naturalistic,english550.mp3,notyet.gif,fredericksburg.gif,eng,2014-12-20
2029,551,english,,king george,virginia,usa,81,female,0,usa,81,naturalistic,english551.mp3,notyet.gif,kinggeorge.gif,eng,20 december 2014
2030,62,french,,paris,,france,21,female,20,usa,1,naturalistic,french62.mp3,notyet.gif,paris.gif,fra,"20 december 2014.  residence: born in paris, but spent most of life in mali."
2031,6,krio,,freetown,,sierra leone,26,female,3,"sierra leone, usa",26,academic,krio6.mp3,notyet.gif,freetown.gif,kri,"20 december 2014.  residence: 24 yrs. sierra leone, 2 yrs. usa."
2032,31,turkish,,diyarbakir,,turkey,24,male,11,,0,academic,turkish31.mp3,notyet.gif,diyarbakir.gif,tur,2015-01-08
2033,32,turkish,,diyarbakir,,turkey,24,male,11,,0,academic,turkish32.mp3,notyet.gif,diyarbakir.gif,tur,2015-01-08
2034,33,turkish,,diyarbakir,,turkey,24,male,11,,0,academic,turkish33.mp3,notyet.gif,diyarbakir.gif,tur,2015-01-08
2035,34,turkish,,diyarbakir,,turkey,24,male,11,,0,academic,turkish34.mp3,notyet.gif,diyarbakir.gif,tur,8 january 2015
2036,90,arabic,,tripoli,,libya,23,female,12,usa,2.5,academic,arabic90.mp3,notyet.gif,tripoli.gif,ayl,2015-02-02
2037,22,farsi,persian,tehran,,iran,20,female,5,usa,1.5,academic,farsi22.mp3,notyet.gif,tehran.gif,pes,2015-02-02
2038,14,urdu,,islamabad,,pakistan,21,male,10,usa,2.5,academic,urdu14.mp3,notyet.gif,islamabad.gif,urd,2015-02-02
2039,9,punjabi,panjabi,kot kapura,,india,19,male,11,usa,4,academic,punjabi9.mp3,notyet.gif,kot_kapura.gif,pnb,2015-02-02
2040,10,punjabi,panjabi,ludhiana,,india,22,male,11,usa,4,academic,punjabi10.mp3,notyet.gif,ludhiana.gif,pnb,2015-02-02
2041,9,gujarati,,surat,,india,19,male,9,usa,1.5,academic,gujarati9.mp3,notyet.gif,surat.gif,guj,2015-02-02
2042,20,vietnamese,,haiphong,,vietnam,46,female,25,usa,16,academic,vietnamese20.mp3,notyet.gif,haiphong.gif,vie,12 march 2015.  residence:  did not use english in USA until 2010
2043,552,english,,bethesda,maryland,usa,23,female,0,USA,20,naturalistic,english552.mp3,notyet.gif,bethesda.gif,eng,"13 march 2015. residence: born in md.,  but moved and traveled extensively--2 years in italy, currently lives in UK (1.5 years)"
2044,1,hmong,hmong daw,louangphabang,,laos,35,male,7,usa,28,academic,hmong1.mp3,notyet.gif,louangphabang.gif,mww,2015-03-11
2045,2,hmong,hmong daw,long tieng,,laos,47,male,11.5,usa,36,academic,hmong2.mp3,notyet.gif,long_tieng.gif,mww,2015-03-11
2046,553,english,,nashville,tennessee,usa,21,male,0,usa,21,naturalistic,english553.mp3,notyet.gif,nashville.gif,eng,2015-03-18
2047,554,english,,hoffman estates,illinois,usa,22,female,0,usa,22,naturalistic,english554.mp3,notyet.gif,hoffman_estates.gif,eng,19 march 2015.  has lived all over the usa.
2048,35,turkish,,izmir,,turkey,24,female,11,usa,0.7,academic,turkish35.mp3,notyet.gif,izmir.gif,tur,23 march 2015.
2049,555,english,,brooklyn,new york,usa,90,male,0,usa,90,naturalistic,english555.mp3,notyet.gif,brooklyn.gif,eng,2015-04-04
2050,556,english,,brooklyn,new york,usa,84,female,0,usa,84,naturalistic,english556.mp3,notyet.gif,brooklyn.gif,eng,2015-04-04
2051,144,spanish,,florencia,zacatecas,mexico,33,female,23,usa,10,naturalistic,spanish144.mp3,notyet.gif,zacatecas.gif,spa,2015-03-31
2052,145,spanish,,florencia,zacatecas,mexico,37,female,21,usa,16,naturalistic,spanish145.mp3,notyet.gif,zacatecas.gif,spa,2015-03-31
2053,557,english,,sharjah,,united arab emirates,25,female,2,usa,6,naturalistic,english557.mp3,notyet.gif,sharjah.gif,eng,2015-04-06
2054,8,tigrigna,,asmara,,eritrea,35,male,7,usa,17,academic,tigrigna8.mp3,notyet.gif,asmara.gif,tir,"12 april, 2015"
2055,558,english,,queens,new york,usa,23,male,0,usa,23,naturalistic,english558.mp3,notyet.gif,newyork.gif,eng,19 april 2015.
2056,559,english,,reston,virginia,usa,19,female,0,usa,19,naturalistic,english559.mp3,notyet.gif,reston.gif,eng,2015-04-24
2057,146,spanish,,las palmas,oaxaca,mexico,25,male,18,usa,7,naturalistic,spanish146.mp3,notyet.gif,las_palmas.gif,spa,24 april 2015
2058,47,korean,,seoul,,south korea,23,male,10,usa,10,academic,korean47.mp3,notyet.gif,seoul.gif,kor,24 april. 2015
2059,560,english,,hartford,connecticut,usa,22,female,0,usa,22,naturalistic,english560.mp3,notyet.gif,hartford.gif,eng,29 april 2015-LING507
2060,561,english,,yorktown,virginia,usa,20,female,0,usa,20,naturalistic,english561.mp3,notyet.gif,yorktown_va.gif,eng,29 april 2015.  LING499
2061,562,english,,florence,south carolina,usa,30,female,0,usa,30,naturalistic,english562.mp3,notyet.gif,florence_sc.gif,eng,2015-05-19
2062,32,polish,,torun,,poland,42,male,14,usa,2,naturalistic,polish32.mp3,notyet.gif,torun.gif,pol,2015-05-20
2063,23,farsi,persian,shiraz,,iran,24,female,5,,0,naturalistic,farsi23.mp3,notyet.gif,shiraz.gif,pes,2015-06-02
2064,33,polish,,nowa ruda,,poland,21,male,7,,0,academic,polish33.mp3,notyet.gif,nowa_ruda.gif,pol,2015-06-19
2065,20,swedish,,karlstad,,sweden,31,male,7,,0,academic,swedish20.mp3,notyet.gif,karlstad.gif,swe,2015-06-29
2066,14,thai,,bangkok,,thailand,39,female,10,usa,10,academic,thai14.mp3,thai14.gif,bangkok.gif,tha,3 july 2015. LING523
2067,1,miskito,,krinkrin,rio coco,nicaragua,18,male,8,,0,academic,miskito1.mp3,notyet.gif,krinkrin.gif,miq,5 july 2015  ling 507
2068,2,miskito,,bilwi,puerto cabezas,nicaragua,18,female,7,,0,academic,miskito2.mp3,notyet.gif,bilwi.gif,miq,5 july 2015 LING507
2069,3,miskito,,bilwi,puerto cabezas,nicaragua,32,male,14,,0,academic,miskito3.mp3,notyet.gif,bilwi.gif,miq,5 july 2015.  LING507
2070,4,miskito,,bilwi,puerto cabezas,nicaragua,18,male,15,,0,academic,miskito4.mp3,notyet.gif,bilwi.gif,miq,5 july 2015.  LING507
2071,5,miskito,,bilwi,puerto cabezas,nicaragua,18,female,7,,0,academic,miskito5.mp3,notyet.gif,bilwi.gif,miq,5 july 2015.  LING507
2072,1,mizo,"chin, mizo",mandalay,,myanmar,37,male,6,usa,5,academic,mizo1.mp3,mizo1.gif,mandalay.gif,lus,5 july 2015  LING523
2073,16,bengali,bangla,dhaka,,bangladesh,24,female,6,usa,1,academic,bengali16.mp3,notyet.gif,dhaka.gif,ben,6 july 2015.  LING523
2074,563,english,,manassas,virginia,usa,32,male,0,usa,32,naturalistic,english563.mp3,notyet.gif,manassas.gif,eng,8 july 2015 LING523
2075,48,korean,,seoul,,south korea,32,male,27,usa,6,academic,korean48.mp3,korean48.gif,seoul.gif,kor,8 july 2015.  LING523
2076,6,tamil,,bangalore,karnataka,india,47,female,6,usa,19,academic,tamil6.mp3,tamil6.gif,bangalore.gif,tam,10 july 2015.  LING523
2077,564,english,,casper,wyoming,usa,52,male,0,usa,52,naturalistic,english564.mp3,notyet.gif,casper.gif,eng,12 july 2015 LING523
2078,147,spanish,,puerto_cabezas,,nicaragua,26,male,15,,0,academic,spanish147.mp3,notyet.gif,puerto_cabezas.gif,spa,14 july 2015.  LING507
2079,148,spanish,,la ceiba,,honduras,19,male,11,,0,academic,spanish148.mp3,notyet.gif,la_ceiba.gif,spa,14 july 2015.  LING507
2080,565,english,,portland,oregon,usa,27,female,0,usa,27,naturalistic,english565.mp3,notyet.gif,portland_or.gif,eng,"16 july 2015.  residence: moved during childhood: OR, AK, AZ WA."
2081,566,english,,derby,england,uk,22,male,0,uk,22,naturalistic,english566.mp3,notyet.gif,derby.gif,eng,16 july 2015.
2082,6,miskito,,bilwi,puerto cabezas,nicaragua,19,male,12,,0,academic,miskito6.mp3,notyet.gif,bilwi.gif,miq,18 july 2015. LING507
2083,7,miskito,,bilwi,puerto cabezas,nicaragua,20,male,15,,0,academic,miskito7.mp3,notyet.gif,bilwi.gif,miq,18 july 2015. LING507
2084,1,nicaragua creole english,,bilwi,puerto cabezas,nicaragua,41,male,15,,0,naturalistic,nicaragua_creole_english1.mp3,notyet.gif,bilwi.gif,bzk,18 july 2015. LING507
2085,34,polish,,wroclaw,,poland,48,female,12,usa,23,academic,polish34.mp3,notyet.gif,wroclaw.gif,pol,19 july 2015. LING523
2086,91,arabic,najdi,riyadh,,saudi arabia,57,female,12,usa,8,academic,arabic91.mp3,notyet.gif,riyadh.gif,ars,19 july 2015. LING523
2087,92,arabic,,baghdad,,iraq,36,male,10,usa,2,academic,arabic92.mp3,notyet.gif,baghdad.gif,acm,22 july 2015. LING523
2088,8,miskito,,walakitang,rio coco,nicaragua,18,male,12,,0,academic,miskito8.mp3,notyet.gif,walakitang.gif,miq,23 july 2015.  LING507
2089,9,miskito,,bilwi,puerto cabezas,nicaragua,40,male,38,usa,0.2,naturalistic,miskito9.mp3,notyet.gif,bilwi.gif,miq,23 july 2015.  LING507
2090,10,miskito,,kum,rio coco,nicaragua,18,male,13,,0,academic,miskito10.mp3,notyet.gif,kum.gif,miq,23 july 2015.  LING507
2091,149,spanish,,bilwi,puerto cabezas,nicaragua,23,male,22,,0,naturalistic,spanish149.mp3,notyet.gif,bilwi.gif,spa,23 july 2015. LING507
2092,2,nicaragua creole english,,waspam,rio coco,nicaragua,50,male,16,,0,naturalistic,nicaragua_creole_english2.mp3,notyet.gif,waspam.gif,bzk,23 july 2015. LING507
2093,11,miskito,,bilwi,puerto cabezas,nicaragua,18,female,11,,0,academic,miskito11.mp3,notyet.gif,bilwi.gif,miq,26 july 2015.  LING507
2094,150,spanish,,bilwi,puerto cabezas,nicaragua,18,male,13,,0,academic,spanish150.mp3,notyet.gif,bilwi.gif,spa,26 july 2015. LING507
2095,3,nicaragua creole english,,bilwi,puerto cabezas,nicaragua,20,male,8,,0,naturalistic,nicaragua_creole_english3.mp3,notyet.gif,bilwi.gif,bzk,26 july 2015.  LING507
2096,151,spanish,,bilwas karma,rio coco,nicaragua,58,female,50,,0,naturalistic,spanish151.mp3,notyet.gif,bilwas_karma.gif,spa,27 july 2015.  LING507
2097,4,nicaragua creole english,,bilwi,puerto cabezas,nicaragua,37,male,24,,0,naturalistic,nicaragua_creole_english4.mp3,notyet.gif,bilwi.gif,bzk,27 july 2015. LING507
2098,49,korean,,an yang,,south korea,22,female,7,"usa, canada",1,academic,korean49.mp3,notyet.gif,an_yang.gif,kor,28 july 2015. LING523
2099,21,vietnamese,,hanoi,,vietnam,21,male,16,usa,7,academic,vietnamese21.mp3,notyet.gif,hanoi.gif,vie,28 july 2015. LING523
2100,152,spanish,,barcelona,,spain,51,male,25,usa,26,naturalistic,spanish152.mp3,notyet.gif,barcelona.gif,spa,30 july 2015.  LING523
2101,567,english,,new york,new york,usa,24,male,0,usa,24,naturalistic,english567.mp3,notyet.gif,newyork.gif,eng,"7 august, 2015."
2102,15,urdu,,mandi bahauddin,punjab,pakistan,28,male,8,uk,1.5,academic,urdu15.mp3,notyet.gif,mandi_bahauddin.gif,urd,"9 august, 2015"
2103,568,english,,quincy,florida,usa,86,female,0,usa,86,naturalistic,english568.mp3,notyet.gif,quincy.gif,eng,2015-08-20
2104,569,english,,sydney,,australia,24,male,0,australia,24,naturalistic,english569.mp3,notyet.gif,sydney.gif,eng,"23 august, 2015"
2105,46,russian,,perm,,russia,24,female,7,australia,1,academic,russian46.mp3,notyet.gif,perm.gif,rus,"23 august, 2015"
2106,570,english,,parma,ohio,usa,42,female,0,usa,42,naturalistic,english570.mp3,notyet.gif,parma_oh.gif,eng,9 sept. 2015.  LING523
2107,47,russian,,saransk,,russia,26,female,6,usa,0.4,academic,russian47.mp3,notyet.gif,saransk.gif,rus,2015-09-16
2108,15,tagalog,,manila,,philippines,35,female,1,usa,25,naturalistic,tagalog15.mp3,notyet.gif,manila.gif,tgl,15 september 2015 (ling523)
2109,60,mandarin,chinese,guiyang,guizhou,china,41,female,13,usa,15,academic,mandarin60.mp3,notyet.gif,guiyang.gif,cmn,17 september 2015.  LING523DE
2110,1,tajiki,,khujand,,tajikistan,19,male,7,usa,0.1,academic,tajiki1.mp3,tajiki1.gif,khujand.gif,tgk,17 september 2015.  LING523 DE
2111,63,french,,ouagadougou,,burkina faso,37,male,11,usa,16,academic,french63.mp3,notyet.gif,ouagadougou.gif,fra,18 september 2015.  LING523 DE
2112,93,arabic,,baghdad,,iraq,27,female,10,usa,4.8,academic,arabic93.mp3,arabic93.gif,baghdad.gif,acm,20 september 2015.  LING 523 DE
2113,571,english,,washington,dc,usa,39,male,0,usa,39,naturalistic,english571.mp3,notyet.gif,washington.gif,eng,"2 october, 2015"
2114,94,arabic,,abu dhabi,,united arab emirates,24,female,9,usa,9,academic,arabic94.mp3,notyet.gif,abudhabi.gif,afb,"13 october, 2015."
2115,47,dutch,,gouda,,netherlands,37,female,11,"usa, uk, australia, south africa",2.5,academic,dutch47.mp3,notyet.gif,gouda.gif,nld,2023-10-27
2116,61,mandarin,chinese,shangrao,jiangxi,china,33,female,16,northern mariana islands,17,academic,mandarin61.mp3,notyet.gif,shangrao.gif,cmn,2015-11-08
2117,62,mandarin,chinese,shanghai,,china,24,male,7,usa,5.5,academic,mandarin62.mp3,notyet.gif,shanghai.gif,cmn,5 november 2015.  learned english as a young child in school in china
2118,153,spanish,,bogota,,colombia,21,male,10,usa,6,naturalistic,spanish153.mp3,notyet.gif,bogota.gif,spa,2015-11-09
2119,63,mandarin,chinese,jiaozuo,henan,china,27,male,12,usa,4.3,academic,mandarin63.mp3,notyet.gif,jiaozuo.gif,cmn,2015-11-10
2120,48,portuguese,,sao paulo,,brazil,31,male,26,usa,3,naturalistic,portuguese48.mp3,notyet.gif,saopaulo.gif,por,11 november 2015  LING306
2121,572,english,,fort worth,texas,usa,51,male,0,"usa, uk",48,naturalistic,english572.mp3,notyet.gif,fortworth.gif,eng,2015-11-12
2122,6,ga,,accra,,ghana,20,female,8,usa,12,academic,ga6.mp3,notyet.gif,accra.gif,gaa,13 november 2015.  ling306
2123,27,japanese,,tokyo,,japan,21,female,13,usa,0.2,academic,japanese27.mp3,notyet.gif,tokyo.gif,jpn,"15 november, 2015  LING306"
2124,573,english,,painesville,ohio,usa,46,male,0,usa,46,naturalistic,english573.mp3,notyet.gif,painesville.gif,eng,2015-11-16
2125,18,hindi,hindi-urdu,new delhi,,india,21,female,5,usa,0.4,academic,hindi18.mp3,notyet.gif,newdelhi.gif,hin,18 november 2015.  ling306
2126,4,uzbek,,tashkent,,uzbekistan,35,female,12,usa,9,academic,uzbek4.mp3,notyet.gif,tashkent.gif,uzn,18 november 2015.  ling306
2127,154,spanish,,montevideo,,uruguay,30,male,4,usa,1.5,academic,spanish154.mp3,notyet.gif,montevideo.gif,spa,18 november 2015  ling306
2128,16,tagalog,,san pedro laguna,,philippines,20,male,4.5,usa,7.5,naturalistic,tagalog16.mp3,notyet.gif,san_pedro_laguna.gif,tgl,19 november 2015.  ling306
2129,64,mandarin,chinese,fuzhou,fujian,china,24,female,10,usa,5,academic,mandarin64.mp3,notyet.gif,fuzhou.gif,cmn,19 november 2015. ling306
2130,155,spanish,,lima,,peru,27,male,9,usa,15,naturalistic,spanish155.mp3,notyet.gif,lima.gif,spa,19 november 2015. ling306
2131,15,thai,,bangkok,,thailand,19,female,7,usa,1.5,academic,thai15.mp3,notyet.gif,bangkok.gif,tha,19 november 2015 ling306
2132,19,amharic,,tefki,,ethiopia,19,female,10,usa,9,academic,amharic19.mp3,notyet.gif,tefki.gif,amh,20 november 2015. LING306
2133,50,korean,,taejon,,south korea,57,female,13,usa,30,academic,korean50.mp3,notyet.gif,taejon.gif,kor,20 november 2015.  ling306
2134,51,korean,,seoul,,south korea,25,male,16,usa,10,academic,korean51.mp3,notyet.gif,seoul.gif,kor,20 nov. 2015. LING306
2135,20,amharic,,addis ababa,,ethiopia,52,female,24,usa,1,academic,amharic20.mp3,notyet.gif,addisababa.gif,amh,20 november 2015.  ling306
2136,8,taiwanese,chinese,tainan,,taiwan,54,female,13,usa,29,academic,taiwanese8.mp3,notyet.gif,tainan.gif,nan,21 november 2015.  LING306
2137,48,russian,,fergana,,uzbekistan,29,female,6,usa,21,academic,russian48.mp3,notyet.gif,fergana.gif,rus,22 november 2015. LING306
2138,6,twi,akan,kumasi,,ghana,20,male,4,usa,3.4,academic,twi6.mp3,notyet.gif,kumasi.gif,aka,22 november 2015.  LING306
2139,17,bengali,,sylhet,,bangladesh,19,female,6,usa,13,academic,bengali17.mp3,notyet.gif,sylhet.gif,ben,22 november 2015. LING306
2140,9,czech,,prague,,czech republic,38,male,23,usa,4,academic,czech9.mp3,notyet.gif,prague.gif,ces,22 november 2015.  LING306
2141,2,liberian pidgin english,liberian english,monrovia,,liberia,38,female,5,usa,23,academic,liberian_pidgin_english2.mp3,notyet.gif,monrovia.gif,lir,22 nov 2015.  LING306
2142,156,spanish,,montevideo,,uruguay,65,female,8,usa,54,academic,spanish156.mp3,notyet.gif,montevideo.gif,spa,22 november 2015. LING306
2143,95,arabic,,kuwait city,,kuwait,31,female,10,usa,1,academic,arabic95.mp3,notyet.gif,kuwaitcity.gif,afb,23 november 2015.  LING306
2144,157,spanish,,mexico city,,mexico,19,female,3,usa,16,naturalistic,spanish157.mp3,notyet.gif,mexicocity.gif,spa,23 november 2015.  LING306
2145,8,finnish,,tampere,,finland,18,female,9,usa,0.3,academic,finnish8.mp3,notyet.gif,tampere.gif,fin,23 november 2015.  LING305
2146,17,tagalog,,alexandria,virginia,usa,21,male,6,usa,20,naturalistic,tagalog17.mp3,notyet.gif,alexandria.gif,tgl,"23 november 2015.  lING306.  residence: born in usa, spoke only tagalog at home."
2147,18,tagalog,,manila,,philippines,77,female,8,usa,69,academic,tagalog18.mp3,notyet.gif,manila.gif,tgl,23 november 2015.  LING306
2148,158,spanish,,santurce,,puerto rico,54,female,37,usa,16,academic,spanish158.mp3,notyet.gif,santurce.gif,spa,23 november 2015. LING306
2149,159,spanish,,san salvador,,el salvador,29,male,21,usa,11,naturalistic,spanish159.mp3,notyet.gif,sansalvador.gif,spa,23 november 2015.  LING306
2150,160,spanish,,bogota,,colombia,20,male,7,usa,9,academic,spanish160.mp3,notyet.gif,bogota.gif,spa,23 november 2013.LING306
2151,22,vietnamese,,bien hoa,,vietnam,23,male,8,usa,8.5,academic,vietnamese22.mp3,notyet.gif,bien_hoa.gif,vie,23 november 2015. LING523
2152,16,urdu,,karachi,,pakistan,22,male,5,usa,5,academic,urdu16.mp3,notyet.gif,karachi.gif,urd,23 november 2015. LING306
2153,96,arabic,najdi,riyadh,,saudi arabia,21,male,7,usa,2,academic,arabic96.mp3,notyet.gif,riyadh.gif,ars,23 november 2015.  LING523
2154,97,arabic,,sharjah,,united arab emirates,19,female,4,,0,academic,arabic97.mp3,notyet.gif,sharjah.gif,afb,2015-11-26
2155,98,arabic,,ras al khaimah,,united arab emirates,19,female,4,,0,academic,arabic98.mp3,notyet.gif,ras_al_khaimah.gif,afb,2015-11-26
2156,161,spanish,,leon,,nicaragua,56,female,32,usa,19,academic,spanish161.mp3,notyet.gif,leon.gif,spa,29 november 2015.  LING523
2157,99,arabic,,ad dammam,,saudi arabia,25,female,16,usa,2,academic,arabic99.mp3,notyet.gif,addammam.gif,acw,29 november 2015.  LING 2015
2158,52,korean,,seoul,,south korea,40,male,12,usa,2,academic,korean52.mp3,notyet.gif,seoul.gif,kor,4 december 2015. LING523
2159,100,arabic,,beirut,,lebanon,40,female,10,usa,20,academic,arabic100.mp3,notyet.gif,beirut.gif,apc,5 december 2015.  LING523
2160,101,arabic,,doha,,qatar,21,male,10,usa,2,academic,arabic101.mp3,notyet.gif,doha.gif,afb,5 december 2015.  LING523
2161,102,arabic,,jiddah,,saudi arabia,22,male,3,usa,5,academic,arabic102.mp3,notyet.gif,jiddah.gif,ajp,"7 december 2015. LING306
reports speaking south levantine arabic"
2162,574,english,,toronto,ontario,canada,26,female,0,canada,23,naturalistic,english574.mp3,notyet.gif,toronto.gif,eng,2015-12-08
2163,4,xiang,chinese,zhuzhou,hunan,china,23,female,10,usa,1,academic,xiang4.mp3,notyet.gif,zhuzhou.gif,hsn,2015-12-10
2164,1,naxi,chinese,shangri-la,yunnan,china,24,female,12,usa,1,academic,naxi1.mp3,notyet.gif,shangri-la.gif,nxq,2015-12-10
2165,575,english,,great falls,virginia,usa,24,male,0,usa,24,naturalistic,english575.mp3,notyet.gif,greatfalls_va.gif,eng,13 december 2015.
2166,3,belarusan,,gomel,,belarus,18,male,6,,0,academic,belarusan3.mp3,notyet.gif,gomel.gif,bel,2015-12-14
2167,576,english,,washington,dc,usa,63,female,0,usa,63,naturalistic,english576.mp3,notyet.gif,washington.gif,eng,2015-12-24
2168,36,turkish,,istanbul,,turkey,26,female,12,,0,academic,turkish36.mp3,notyet.gif,istanbul.gif,tur,"11 february, 2016"
2169,162,spanish,,mexico city,,mexico,28,male,5,"usa, uk",5,naturalistic,spanish162.mp3,notyet.gif,mexicocity.gif,spa,"11 february, 2016"
2170,577,english,,san leandro,california,usa,38,female,0,usa,38,naturalistic,english577.mp3,notyet.gif,san_leandro.gif,eng,2016-02-11
2171,578,english,,salford,lancashire,uk,60,male,0,"uk, canada, usa",60,naturalistic,english578.mp3,notyet.gif,salford.gif,eng,19 february 2016.  residence: uk 37; canada 7; usa 16.
2172,579,english,,adelaide,,australia,22,male,0,australia,22,naturalistic,english579.mp3,notyet.gif,adelaide.gif,eng,2016-03-01
2173,65,mandarin,chinese,tianjin,hebei,china,20,female,5,usa,1.7,academic,mandarin65.mp3,notyet.gif,tianjin.gif,cmn,2016-03-08
2174,37,turkish,,panjakent,,tajikistan,19,male,17,,0,academic,turkish37.mp3,notyet.gif,panjakent.gif,tur,2016-03-10
2175,2,tajiki,,khujand,,tajikistan,19,female,12,,0,academic,tajiki2.mp3,notyet.gif,khujand.gif,tgk,2016-03-10
2176,3,tajiki,,khujand,,tajikistan,19,female,10,,0,academic,tajiki3.mp3,notyet.gif,khujand.gif,tgk,2016-04-01
2177,4,tajiki,,khujand,,tajikistan,19,female,15,,0,academic,tajiki4.mp3,notyet.gif,khujand.gif,tgk,2016-04-01
2178,5,tajiki,,dushanbe,,tajikistan,19,male,4,,0,academic,tajiki5.mp3,notyet.gif,dushanbe.gif,tgk,9 april 206
2179,6,tajiki,,shaidon,,tajikistan,19,male,16,,0,academic,tajiki6.mp3,notyet.gif,shaidon.gif,tgk,"16 april, 2016"
2180,7,tajiki,,buston,,tajikistan,22,male,12,,0,academic,tajiki7.mp3,notyet.gif,buston.gif,tgk,2016-04-16
2181,5,uzbek,,panjakent,,tajikistan,19,male,16,,0,academic,uzbek5.mp3,notyet.gif,panjakent.gif,uzn,"22 april, 2016"
2182,8,tajiki,,khistevarz,,tajikistan,18,female,5,,0,academic,tajiki8.mp3,notyet.gif,khistevarz.gif,tgk,2016-04-22
2183,9,tajiki,,khujand,,tajikistan,19,male,17,,0,academic,tajiki9.mp3,notyet.gif,khujand.gif,tgk,"22 april, 2016"
2184,10,tajiki,,konibodom,,tajikistan,19,male,9,,0,academic,tajiki10.mp3,notyet.gif,konibodom.gif,tgk,22 apri 2016
2185,580,english,,rochester,new york,usa,21,male,0,usa,21,naturalistic,english580.mp3,notyet.gif,rochester.gif,eng,2016-05-09
2186,581,english,,guelph,ontario,canada,62,female,0,"canada, uk",62,naturalistic,english581.mp3,notyet.gif,guelph.gif,eng,"18 may 2016.  residence: canada 19 years,  uk, 43 years."
2187,582,english,,dundee,scotland,uk,60,male,0,uk,60,naturalistic,english582.mp3,notyet.gif,dundee.gif,eng,18 may 2016.
2188,23,vietnamese,,hanoi,,vietnam,21,female,6,uk,3,naturalistic,vietnamese23.mp3,notyet.gif,hanoi.gif,vie,16 may 2016
2189,35,polish,,warsaw,,poland,21,male,6,,0,academic,polish35.mp3,notyet.gif,warsaw.gif,pol,2016-05-25
2190,11,tajiki,,khujand,,tajikistan,33,female,7,,0,academic,tajiki11.mp3,notyet.gif,khujand.gif,tgk,2016-05-31
2191,12,tajiki,,khujand,,tajikistan,40,female,18,,0,academic,tajiki12.mp3,notyet.gif,khujand.gif,tgk,2016-05-31
2192,13,tajiki,,khujand,,tajikistan,59,female,10,,0,academic,tajiki13.mp3,notyet.gif,khujand.gif,tgk,2016-05-31
2193,14,tajiki,,khujand,,tajikistan,30,female,15,,0,academic,tajiki14.mp3,notyet.gif,khujand.gif,tgk,2016-05-31
2194,36,polish,,bialogard,,poland,19,female,14,,0,academic,polish36.mp3,notyet.gif,bialogard.gif,pol,2016-06-04
2195,583,english,,london,england,uk,72,male,0,uk,72,naturalistic,english583.mp3,notyet.gif,london.gif,eng,2016-06-20
2196,103,arabic,,baghdad,,iraq,29,male,10,usa,3,academic,arabic103.mp3,notyet.gif,baghdad.gif,acm,2016-06-25
2197,584,english,,monterey,california,usa,27,male,0,usa,27,naturalistic,english584.mp3,notyet.gif,monterey.gif,eng,2016-07-20
2198,9,danish,,aarhus,,denmark,44,male,10,,0,academic,danish9.mp3,notyet.gif,aarhus.gif,dan,"2 august, 2016"
2199,21,romanian,,cluj-napoca,,romania,28,male,7,usa,9,academic,romanian21.mp3,notyet.gif,clug.gif,ron,"17 august, 2016"
2200,104,arabic,najdi,riyadh,,saudi arabia,31,female,6,usa,4,academic,arabic104.mp3,notyet.gif,riyadh.gif,ars,2016-08-24
2201,105,arabic,najdi,riyadh,,saudi arabia,23,female,12,,0,academic,arabic105.mp3,notyet.gif,riyadh.gif,ars,2016-08-24
2202,106,arabic,najdi,riyadh,,saudi arabia,28,male,12,uk,2,academic,arabic106.mp3,notyet.gif,riyadh.gif,ars,2016-08-24
2203,107,arabic,najdi,riyadh,,saudi arabia,28,male,12,australia,2,academic,arabic107.mp3,notyet.gif,riyadh.gif,ars,2016-08-24
2204,108,arabic,najdi,riyadh,,saudi arabia,30,female,10,,0,academic,arabic108.mp3,notyet.gif,riyadh.gif,ars,2016-08-24
2205,109,arabic,najdi,riyadh,,saudi arabia,19,female,10,,0,academic,arabic109.mp3,notyet.gif,riyadh.gif,ars,2016-08-24
2206,19,hindi,hindi-urdu,irving,texas,usa,19,male,0,usa,19,naturalistic,hindi19.mp3,notyet.gif,irving_tx.gif,hin,23 august 2016.   speaker reports that he was exposed mainly to hindi as a child.
2207,585,english,,dumfries,virginia,usa,26,female,0,usa,26,naturalistic,english585.mp3,notyet.gif,dumfries.gif,eng,2016-09-04
2208,49,portuguese,,santa maria,rio grande do sul,brazil,25,female,13,uk,0.1,academic,portuguese49.mp3,notyet.gif,santamaria.gif,por,2016-09-03
2209,20,hindi,hindi-urdu,hazaribagh,jharkhand,india,27,male,4,usa,0.1,academic,hindi20.mp3,notyet.gif,hazaribagh.gif,hin,2016-09-06
2210,2,konkani,,manipal,karnataka,india,27,male,5,usa,0.1,academic,konkani2.mp3,konkani2.gif,manipal.gif,knn,2016-09-06
2211,3,telugu,,bellary,karnataka,india,25,male,5,usa,0.1,academic,telugu3.mp3,notyet.gif,bellary.gif,tel,2016-09-07
2212,163,spanish,,asuncion,,paraguay,25,male,15,usa,5,academic,spanish163.mp3,notyet.gif,asuncion.gif,spa,2016-09-07
2213,4,telugu,,hyderabad,,india,22,male,5,usa,0.1,academic,telugu4.mp3,notyet.gif,hyderabad.gif,tel,2016-09-08
2214,3,twi,akan,dormaa,,ghana,23,female,6,usa,0.2,academic,twi3.mp3,notyet.gif,dormaa.gif,aka,9 september 2016.  LING 507
2215,7,twi,akan,abidjan,,ivory coast,19,female,3,usa,0.2,naturalistic,twi7.mp3,notyet.gif,abidjan.gif,aka,9 september 2016.  LING 507. residence:  moved to ghana as a child.  spoke english with grandparents.
2216,110,arabic,najdi,riyadh,,saudi arabia,27,male,7,uk,7,academic,arabic110.mp3,notyet.gif,riyadh.gif,ars,9 september 2016.  LING 507
2217,111,arabic,najdi,riyadh,,saudi arabia,20,female,5,usa,3,academic,arabic111.mp3,notyet.gif,riyadh.gif,ars,9 september 2016.  LING507
2218,112,arabic,najdi,riyadh,,saudi arabia,19,female,3,usa,2.5,academic,arabic112.mp3,notyet.gif,riyadh.gif,ars,9 september 2016.  LING 507
2219,113,arabic,najdi,riyadh,,saudi arabia,20,female,1,usa,4,naturalistic,arabic113.mp3,notyet.gif,riyadh.gif,ars,9 september 2016.  LING 507
2220,114,arabic,,amman,,jordan,23,female,4,"uk, usa",5.5,academic,arabic114.mp3,notyet.gif,amman.gif,acm,"9 september 2016.  residence:  5 most UK, 5 years usa;  parents spoke iraqi arabic to informant.  LING507"
2221,586,english,,chesterfield,virginia,usa,21,female,0,usa,21,naturalistic,english586.mp3,notyet.gif,chesterfield_va.gif,eng,11 september 2016.  LING582
2222,115,arabic,,damascus,,syria,41,female,19,usa,22,academic,arabic115.mp3,notyet.gif,damascus.gif,apc,11 september 2016.  LING523
2223,24,cantonese,chinese,hong kong,,china,23,female,3,usa,4,academic,cantonese24.mp3,notyet.gif,hongkong.gif,yue,12 september 2016.  LING 523
2224,49,russian,,novosibirsk,,russia,30,female,5,usa,10,academic,russian49.mp3,notyet.gif,novosibirsk.gif,rus,12 sept. 2016
2225,587,english,,philadelphia,pennsylvania,usa,27,female,0,usa,27,naturalistic,english587.mp3,notyet.gif,philadelphia.gif,eng,12 september 2016.  LING523
2226,4,uyghur,,urumqi,xinjiang,china,22,male,12,"malaysia, usa",3,academic,uyghur4.mp3,uyghur4.gif,urumqi.gif,uig,13 september 2016.  LING523
2227,4,tibetan,,lhasa,,tibet,65,male,13,usa,25,academic,tibetan4.mp3,tibetan4.gif,lhasa.gif,bod,13 september 2016.  LING523
2228,5,telugu,,khammam,telangana,india,21,male,4,usa,0.1,academic,telugu5.mp3,notyet.gif,khammam.gif,tel,14 september 2016. LING507
2229,7,sinhala,sinhalese,nuwara eliya,,sri lanka,35,female,11,usa,5,academic,sinhala7.mp3,sinhala7.gif,nuwara_eliya.gif,sin,12 september 2016.  LING523
2230,164,spanish,,zacatecas,,mexico,35,female,27,usa,19,naturalistic,spanish164.mp3,notyet.gif,zacatecas.gif,spa,14 sept. 2016. LING523
2231,50,russian,,st. petersburg,,russia,57,female,42,usa,15,academic,russian50.mp3,notyet.gif,stpetersburg.gif,rus,15 september 2016.  LING523
2232,17,urdu,,islamabad,,pakistan,20,male,1,usa,1.5,academic,urdu17.mp3,notyet.gif,islamabad.gif,urd,15 september 2016. LING523
2233,1,luba-kasai,tshiluba,mbuji-mayi,,democratic republic of the congo,19,male,18,usa,0.8,academic,luba-kasai1.mp3,luba-kasai1.gif,mbuji-mayi.gif,lua,18 september 2016.  LING523
2234,25,cantonese,chinese,hong kong,,china,23,male,3,,0,academic,cantonese25.mp3,notyet.gif,hongkong.gif,yue,18 september 2016. LING523
2235,165,spanish,,mayaguez,,puerto rico,62,male,4,usa,11,academic,spanish165.mp3,notyet.gif,mayaguez.gif,spa,19 september 2016.  LING523
2236,21,hindi,hindi-urdu,faridabad,haryana,india,26,male,4,usa,1,academic,hindi21.mp3,notyet.gif,faridabad.gif,hin,19 september 2016.  LING507
2237,2,kannada,,bangalore,,india,22,male,10,usa,0.1,academic,kannada2.mp3,notyet.gif,bangalore.gif,kan,19 september 2016. LING507
2238,166,spanish,,santo domingo,,dominican republic,26,female,11,usa,5,academic,spanish166.mp3,notyet.gif,santodomingo.gif,spa,19 september 2016. LING507
2239,167,spanish,,lima,,peru,29,female,15,usa,15,academic,spanish167.mp3,notyet.gif,lima.gif,spa,19 september 2016. LING507
2240,168,spanish,,pasto,,colombia,28,male,4,usa,0.4,academic,spanish168.mp3,notyet.gif,pasto.gif,spa,19 september 2016. LING507
2241,2,hakka,chinese,ganzhou,jiangxi,china,19,female,11,usa,1,academic,hakka2.mp3,notyet.gif,ganzhou.gif,hak,20 september 2016. LING523
2242,22,hindi,hindi-urdu,meerut,uttar pradesh,india,28,male,5,usa,1,academic,hindi22.mp3,notyet.gif,meerut.gif,hin,21 september 2016. LING507
2243,116,arabic,,al ras,,saudi arabia,30,female,13,usa,4,academic,arabic116.mp3,notyet.gif,alras.gif,ars,11 september 2016.  LING306
2244,53,korean,,seoul,,south korea,25,female,9,usa,16,academic,korean53.mp3,notyet.gif,seoul.gif,kor,22 september 2016.  LING523
2245,18,urdu,,hyderabad,,india,24,male,9,usa,0.8,academic,urdu18.mp3,notyet.gif,hyderabad.gif,urd,22 september 2016.  LING507
2246,1,tigre,,bati,amhara,ethiopia,21,female,3,usa,17,naturalistic,tigre1.mp3,notyet.gif,bati.gif,tig,21 september 2016.  LING507
2247,2,pahari,,numb,kashmir,pakistan,22,male,5,usa,3,academic,pahari2.mp3,notyet.gif,numb.gif,kfx,22 september 2016.  LING507
2248,48,dutch,,zwolle,,netherlands,50,male,12,usa,6,academic,dutch48.mp3,notyet.gif,zwolle.gif,nld,24 september 2016.  LING523
2249,49,dutch,,velsen,,netherlands,42,female,12,usa,6,academic,dutch49.mp3,notyet.gif,velsen.gif,nld,24 september 2016. LING523
2250,169,spanish,,ponce,,puerto rico,36,female,10,usa,16,academic,spanish169.mp3,notyet.gif,ponce.gif,spa,27 september 2016.  LING507
2251,1,wali,,wa,,ghana,29,male,9,usa,5,academic,wali1.mp3,notyet.gif,wa.gif,wlx,2 october 2016.  LING523
2252,66,mandarin,chinese,shanghai,,china,22,female,19,usa,3,academic,mandarin66.mp3,notyet.gif,shanghai.gif,cmn,4 october 2016.  LING306
2253,117,arabic,,al ras,,saudi arabia,40,male,37,usa,3,academic,arabic117.mp3,notyet.gif,alras.gif,ars,5 october 2016.  LING523
2254,118,arabic,najdi,riyadh,,saudi arabia,40,male,13,"australia, usa",3,academic,arabic118.mp3,notyet.gif,riyadh.gif,ars,"4 october 2016.  LING523.
residence: 1 year australia, 2 years usa"
2255,21,amharic,,addis ababa,,ethiopia,24,male,15,usa,6,academic,amharic21.mp3,notyet.gif,addisababa.gif,amh,7 october 2016.  LING507
2256,119,arabic,hijazi,jiddah,,saudi arabia,29,male,13,"uk, usa",17,academic,arabic119.mp3,notyet.gif,jiddah.gif,acw,"7 october, 2016.  LING507.
residence: 5 years uk, 12 years usa"
2257,120,arabic,najdi,riyadh,,saudi arabia,31,male,13,usa,3,academic,arabic120.mp3,notyet.gif,riyadh.gif,ars,7 october 2016. LING507
2258,121,arabic,,riyadh,,saudi arabia,28,male,5,usa,3,academic,arabic121.mp3,notyet.gif,riyadh.gif,ajp,"7 october 2016. LING507. born in riyadh, but parents were jordanian"
2259,170,spanish,,cochabamba,,bolivia,25,male,2,usa,23,naturalistic,spanish170.mp3,notyet.gif,cochabamba.gif,spa,7 october 2016. LING507
2260,171,spanish,,guayaquil,,ecuador,23,female,8,usa,10,academic,spanish171.mp3,notyet.gif,guayaquil.gif,spa,7 october 2016.  LING507
2261,50,dutch,,tilburg,,netherlands,35,male,9.5,,0,academic,dutch50.mp3,notyet.gif,tilburg.gif,nld,6 october 2016.
2262,54,korean,,pohang,,south korea,34,male,16,usa,1,academic,korean54.mp3,notyet.gif,pohang.gif,kor,10 october 2016.
2263,55,korean,,kimpo,,south korea,19,female,10,usa,9,academic,korean55.mp3,notyet.gif,kimpo.gif,kor,10 october 2016.
2264,56,korean,,seoul,,south korea,20,female,7,usa,3,naturalistic,korean56.mp3,notyet.gif,seoul.gif,kor,2016-10-10
2265,57,korean,,suwon,,south korea,29,female,9,usa,5,academic,korean57.mp3,notyet.gif,suwon.gif,kor,10 october 2016.
2266,58,korean,,seoul,,south korea,22,female,11,usa,6,academic,korean58.mp3,notyet.gif,seoul.gif,kor,2016-10-10
2267,59,korean,,seoul,,south korea,37,female,12,usa,0.2,academic,korean59.mp3,notyet.gif,seoul.gif,kor,2016-10-10
2268,122,arabic,,sabt alalaya,,saudi arabia,31,male,28,usa,6,academic,arabic122.mp3,notyet.gif,sabt_alalaya.gif,acw,11 october 2016.  LING523
2269,60,korean,,seoul,,south korea,29,male,7,usa,6,academic,korean60.mp3,notyet.gif,seoul.gif,kor,11 october 2016.
2270,61,korean,,taegu,,south korea,22,female,9,usa,6,academic,korean61.mp3,notyet.gif,taegu.gif,kor,11 october 2016.
2271,62,korean,,seoul,,south korea,25,male,12,usa,7,academic,korean62.mp3,notyet.gif,seoul.gif,kor,2016-10-11
2272,63,korean,,taejon,,south korea,25,male,9,usa,1.5,academic,korean63.mp3,notyet.gif,taejon.gif,kor,11 october 2016
2273,51,russian,,baku,,azerbaijan,49,female,7,usa,6.5,academic,russian51.mp3,notyet.gif,baku.gif,rus,12 october 2016. LING 523
2274,67,mandarin,chinese,nanjing,,china,23,male,13,,0,academic,mandarin67.mp3,notyet.gif,nanjing.gif,cmn,2016-10-12
2275,19,tagalog,,cabusao,,philippines,63,female,5,usa,36,academic,tagalog19.mp3,notyet.gif,cabusao.gif,tgl,13 october 2016.  LING523
2276,64,korean,,gwangju,,south korea,21,female,13,usa,1,academic,korean64.mp3,notyet.gif,kwangju.gif,kor,13 october 2016.  LING507
2277,65,korean,,gwangju,,south korea,23,female,6,usa,0.1,academic,korean65.mp3,notyet.gif,kwangju.gif,kor,13 october 2016. LING507
2278,66,korean,,seoul,,south korea,21,female,5,usa,0.1,academic,korean66.mp3,notyet.gif,seoul.gif,kor,14 october 2016.  LING507
2279,172,spanish,,la union,,el salvador,28,male,11,usa,17,academic,spanish172.mp3,notyet.gif,la_union.gif,spa,15 october 2016.  LING507
2280,6,telugu,,hyderabad,,india,23,male,4,usa,0.8,academic,telugu6.mp3,notyet.gif,hyderabad.gif,tel,17 october 2016.  LING523
2281,68,mandarin,chinese,dongyang,zhejiang,china,23,male,10,,0,academic,mandarin68.mp3,notyet.gif,dongyang.gif,cmn,17 october 2016.
2282,69,mandarin,chinese,taizhou,jiangsu,china,22,male,12,,0,academic,mandarin69.mp3,notyet.gif,taizhou_jiangsu.gif,cmn,2016-10-13
2283,67,korean,,seoul,,south korea,21,female,5,usa,0.1,academic,korean67.mp3,notyet.gif,seoul.gif,kor,18 october 2016.  LING507
2284,20,tagalog,,san fernando,pampanga,philippines,58,female,6,usa,45,academic,tagalog20.mp3,notyet.gif,sanfernando.gif,tgl,20 october 2016.  LING690
2285,19,urdu,,lahore,,pakistan,20,male,5,usa,6,academic,urdu19.mp3,notyet.gif,lahore.gif,urd,20 october 2016.  LING306
2286,3,kannada,,hassan,karnataka,india,24,male,4,usa,2,academic,kannada3.mp3,notyet.gif,hassan.gif,kan,21 october 2016.  LING507
2287,4,kannada,,detroit,michigan,usa,23,female,4,usa,2,academic,kannada4.mp3,notyet.gif,detroit.gif,kan,21 october 2016.  LING507
2288,173,spanish,,ambato,,ecuador,31,female,24,usa,1,academic,spanish173.mp3,notyet.gif,ambato.gif,spa,23 october 2016.  LING507
2289,10,albanian,,elbasan,,albania,30,male,11,usa,19,naturalistic,albanian10.mp3,notyet.gif,elbasan.gif,als,23 october 2016. LING306
2290,68,korean,,seoul,,south korea,62,female,25,usa,34,academic,korean68.mp3,notyet.gif,seoul.gif,kor,23 october 2016.  LING523
2291,70,mandarin,chinese,shanghai,,china,21,female,8,usa,2,academic,mandarin70.mp3,notyet.gif,shanghai.gif,cmn,27 october 2016.  LING523
2292,10,gujarati,,bombay,,india,24,male,7,usa,5.5,naturalistic,gujarati10.mp3,notyet.gif,bombay.gif,guj,27 october 2016.  LING507
2293,4,marathi,,bombay,,india,24,male,7,usa,0.3,academic,marathi4.mp3,notyet.gif,bombay.gif,mar,27 october 2016.  LING507
2294,71,mandarin,chinese,chengdu,sichuan,china,20,female,6,usa,0.2,academic,mandarin71.mp3,notyet.gif,chengdu.gif,cmn,26 october 2016.  ling306
2295,24,farsi,persian,ahvaz,,iran,34,male,12,usa,1.5,academic,farsi24.mp3,notyet.gif,ahvaz.gif,pes,31 october 2016.  LING523
2296,69,korean,,inchon,,south korea,23,female,10,usa,12,academic,korean69.mp3,notyet.gif,inchon.gif,kor,29 october 2016. LING523
2297,3,mauritian,,rose hill,,mauritius,26,male,5,usa,0.4,academic,mauritian3.mp3,notyet.gif,rose_hill.gif,mfe,2 november 2016.  LING523
2298,174,spanish,,falcon,,venezuela,26,female,7,usa,5,academic,spanish174.mp3,notyet.gif,falcon.gif,spa,2 november 2016.  LING523
2299,25,farsi,persian,yazd,,iran,57,male,15,usa,38,academic,farsi25.mp3,notyet.gif,yazd.gif,pes,2 november 2016.  LING523
2300,175,spanish,,rio piedras,,puerto rico,20,female,12,usa,2,academic,spanish175.mp3,notyet.gif,rio_piedras.gif,spa,4 november 2016.  LING306
2301,11,gujarati,,jamnagar,gujarat,india,25,male,7,usa,0.2,academic,gujarati11.mp3,notyet.gif,jamnagar.gif,guj,4 november 2016.  LING507
2302,3,konkani,,bombay,,india,23,male,4,usa,0.2,academic,konkani3.mp3,notyet.gif,bombay.gif,knn,4 november 2016.  LING507
2303,23,hindi,hindi-urdu,raj nagar,rajasthan,india,25,male,3,usa,0.3,academic,hindi23.mp3,notyet.gif,raj_nagar.gif,hin,4 november 2016. LING507
2304,123,arabic,,riyadh,,saudi arabia,26,male,12,usa,0.3,academic,arabic123.mp3,notyet.gif,riyadh.gif,ars,5 november 2016.  lING523
2305,3,hakka,chinese,pingxiang,jiangxi,china,20,female,12,,0,academic,hakka3.mp3,notyet.gif,pingxiang.gif,hak,5 november 2016.
2306,72,mandarin,chinese,taichung,,taiwan,22,female,10,usa,10,academic,mandarin72.mp3,notyet.gif,taichung.gif,cmn,6 november 2016. LING306
2307,70,korean,,seoul,,south korea,53,female,3,usa,15,academic,korean70.mp3,notyet.gif,seoul.gif,kor,6 november 2016.  LING 690
2308,11,punjabi,panjabi,ahmedabad,gujarat,india,24,male,3,usa,0.3,academic,punjabi11.mp3,notyet.gif,ahmedabad.gif,pan,8 movember 2016.  LING507
2309,5,marathi,,bombay,,india,24,male,6,usa,0.2,academic,marathi5.mp3,notyet.gif,bombay.gif,mar,8 november 2016. LING507
2310,124,arabic,,geulmim,,morocco,42,male,17,usa,18,academic,arabic124.mp3,notyet.gif,geulmim.gif,ary,10 november 2016.  LING306
2311,125,arabic,,beersheba,,israel,69,male,12,usa,12,academic,arabic125.mp3,notyet.gif,beersheba.gif,ajp,10 november 2016.  LING306/490
2312,126,arabic,,beersheba,,israel,51,male,10,usa,24,academic,arabic126.mp3,notyet.gif,beersheba.gif,ajp,10 november 2016.  LING306/490
2313,127,arabic,,tarshiha-maalot,,israel,51,female,14,usa,24,academic,arabic127.mp3,notyet.gif,tarshiha_maalot.gif,ajp,10 november 2016.  LING306/490
2314,50,portuguese,,votuporanga,,brazil,20,female,6,usa,5.7,academic,portuguese50.mp3,notyet.gif,votuporanga.gif,por,11 november 2016.  LING306
2315,51,portuguese,,curitiba,,brazil,22,male,11,,0,academic,portuguese51.mp3,notyet.gif,curitiba.gif,por,11 november 2016.
2316,11,albanian,,gjilan,,kosovo,24,female,13,usa,8,academic,albanian11.mp3,notyet.gif,gjilan.gif,als,13 november 2016. LING306
2317,176,spanish,,panama city,,panama,55,male,6,usa,26,academic,spanish176.mp3,notyet.gif,panamacity.gif,spa,14 november 2016. LING306
2318,18,bengali,,dhaka,,bangladesh,20,female,17,usa,5,academic,bengali18.mp3,notyet.gif,dhaka.gif,ben,14 november 2016.  LING306
2319,73,mandarin,chinese,chengdu,sichuan,china,27,female,10,usa,10,academic,mandarin73.mp3,notyet.gif,chengdu.gif,cmn,15 november 2016. LING306
2320,26,cantonese,chinese,hong kong,,china,26,female,6,usa,10,academic,cantonese26.mp3,notyet.gif,hongkong.gif,yue,"16 november, 2016.  LING306"
2321,128,arabic,,riyadh,,saudi arabia,40,male,13,usa,1.3,academic,arabic128.mp3,notyet.gif,riyadh.gif,ars,5 november 2016.
2322,71,korean,,pusan,,south korea,22,male,12,usa,9.5,academic,korean71.mp3,notyet.gif,pusan.gif,kor,17 november 2016.  LING306
2323,74,mandarin,chinese,shenzhen,,china,19,male,13,usa,4,naturalistic,mandarin74.mp3,notyet.gif,shenzhen.gif,cmn,18 november 2016. LING306
2324,72,korean,,inchon,,south korea,55,male,13,usa,35,academic,korean72.mp3,notyet.gif,inchon.gif,kor,"18 november, 2016. LING306"
2325,24,vietnamese,,hanoi,,vietnam,21,female,10,usa,7,academic,vietnamese24.mp3,notyet.gif,hanoi.gif,vie,19 november 2016. LING306
2326,14,nepali,,kathmandu,,nepal,40,male,10,usa,8,academic,nepali14.mp3,notyet.gif,kathmandu.gif,npi,19 november 2016.  LING306
2327,6,slovak,,trencin,,slovakia,36,female,22,"uk, usa",14,naturalistic,slovak6.mp3,notyet.gif,trencin.gif,slk,19 november 2016.  LING306
2328,177,spanish,,sonsonate,,el salvador,48,female,17,usa,26,naturalistic,spanish177.mp3,notyet.gif,sonsonate.gif,spa,19 november 2016. LING306
2329,73,korean,,changwon,,south korea,19,female,10,usa,0.2,academic,korean73.mp3,notyet.gif,changwon.gif,kor,"20 november, 2016.  LING306"
2330,27,cantonese,chinese,ho chi minh city,,vietnam,20,male,15,usa,5,academic,cantonese27.mp3,notyet.gif,hochiminhcity.gif,yue,20 november 2016.  LING306
2331,129,arabic,,ramallah,,palestine,48,male,11,usa,20,academic,arabic129.mp3,notyet.gif,ramallah.gif,ajp,20 november 2016.  LING306
2332,75,mandarin,chinese,taipei,,taiwan,20,male,13,usa,6.5,naturalistic,mandarin75.mp3,notyet.gif,taipei.gif,cmn,20 november 2016. LING306
2333,16,thai,,bangkok,,thailand,21,male,11,usa,5,academic,thai16.mp3,notyet.gif,bangkok.gif,tha,20 november 2016. LING306
2334,20,urdu,,islamabad,,pakistan,32,male,4.5,usa,27,naturalistic,urdu20.mp3,notyet.gif,islamabad.gif,urd,20 november 2016. LING306
2335,178,spanish,,chalatenango,,el salvador,41,female,30,usa,11,naturalistic,spanish178.mp3,notyet.gif,chalatenango.gif,spa,21 november 2016. LING306
2336,179,spanish,,san miguel,,el salvador,55,female,38,usa,17,naturalistic,spanish179.mp3,notyet.gif,sanmiguel.gif,spa,20 november 2016. LING306
2337,5,malayalam,,bangalore,,india,18,female,6,"india, usa",18,academic,malayalam5.mp3,notyet.gif,bangalore.gif,mal,"27 november 2016.  LING306. residence: 18 years india, 3 months usa"
2338,180,spanish,,cochabamba,,bolivia,50,male,35,usa,16,naturalistic,spanish180.mp3,notyet.gif,cochabamba.gif,spa,28 november 2016.  LING 306
2339,7,telugu,,hyderabad,,india,23,male,3,usa,1.3,academic,telugu7.mp3,notyet.gif,hyderabad.gif,tel,2 december 2016.  LING523
2340,52,portuguese,,recife,,brazil,51,female,14,usa,25,academic,portuguese52.mp3,notyet.gif,recife.gif,por,4 december 2016.  LING523
2341,4,azerbaijani,"azerbaijani, south",urmia,,iran,32,female,9,usa,3,academic,azerbaijani4.mp3,notyet.gif,urmia.gif,azb,5 december 2016.  LING523
2342,5,azerbaijani,"azerbaijani, south",urmia,,iran,37,male,14,usa,3,academic,azerbaijani5.mp3,notyet.gif,urmia.gif,azb,5 december 2016.  LING523
2343,26,farsi,persian,hamm,,germany,49,female,6,usa,37,academic,farsi26.mp3,notyet.gif,hamm.gif,pes,10 december 2016.  LING306
2344,130,arabic,najdi,unizah,,saudi arabia,31,male,12,usa,4.5,academic,arabic130.mp3,notyet.gif,unizah.gif,ars,13 december 2016.  LING507
2345,131,arabic,najdi,riyadh,,saudi arabia,20,male,17,usa,4,academic,arabic131.mp3,notyet.gif,riyadh.gif,ars,13 december 2016.  LING507
2346,74,korean,,seoul,,south korea,20,female,10,usa,11,academic,korean74.mp3,notyet.gif,seoul.gif,kor,13 december 2016.  LING507
2347,9,taiwanese,chinese,tai chung,,taiwan,45,male,25,usa,18,academic,taiwanese9.mp3,notyet.gif,taichung.gif,nan,13 december 2016.  LING507
2348,76,mandarin,chinese,zhengzhou,henan,china,29,male,12,usa,5,academic,mandarin76.mp3,notyet.gif,zhengzhou.gif,cmn,15 deember 2016.  LING507
2349,19,bengali,,hyderabad,telangana,india,25,female,3,usa,0.5,academic,bengali19.mp3,notyet.gif,hyderabad.gif,ben,15 december 2016.  LING507
2350,5,kannada,,hubballi,karnataka,india,26,male,5,usa,0.4,academic,kannada5.mp3,notyet.gif,hubballi.gif,kan,15 december 2016.  LING507
2351,6,kannada,,karwar,karnataka,india,25,male,5,usa,0.4,academic,kannada6.mp3,notyet.gif,karwar.gif,kan,15 december 2016.  LING507
2352,24,hindi,hindi-urdu,jamshedpur,jharkhand,india,23,female,2,usa,0.5,naturalistic,hindi24.mp3,notyet.gif,jamshedpur.gif,hin,15 december 2016.  LING507
2353,25,hindi,hindi-urdu,pune,maharashtra,india,24,male,6,usa,1,academic,hindi25.mp3,notyet.gif,pune.gif,hin,15 december 2016.  LING507
2354,26,hindi,hindi-urdu,kolkata,west bengal,india,25,male,6,usa,0.6,academic,hindi26.mp3,notyet.gif,kolkata.gif,hin,15 december 2016.  LING507
2355,77,mandarin,chinese,jingjiang,jiangsu,china,20,female,8,,0,academic,mandarin77.mp3,notyet.gif,jingjiang.gif,cmn,21 december 2016.
2356,27,hindi,hindi-urdu,surat,gujarat,india,22,male,5,usa,0.3,academic,hindi27.mp3,notyet.gif,surat.gif,hin,"10 february, 2017.  ling897"
2357,12,gujarati,,rajkot,gujarat,india,23,female,5,usa,0.2,academic,gujarati12.mp3,notyet.gif,rajkot.gif,guj,10 february 2017.  LING897
2358,7,kannada,,bangalore,karnataka,india,24,female,5,usa,0.3,academic,kannada7.mp3,notyet.gif,bangalore.gif,kan,"19 february, 2017.  LING897"
2359,7,tamil,,dombivli,maharashtra,india,26,female,3,usa,2.3,academic,tamil7.mp3,notyet.gif,dombivli.gif,tam,"19 february, 2017. LING897"
2360,78,mandarin,chinese,ganzhou,jiangxi,china,20,female,6,,0,academic,mandarin78.mp3,notyet.gif,ganzhou.gif,cmn,26 february 2017.
2361,588,english,,fairfax,virginia,usa,21,female,0,usa,21,naturalistic,english588.mp3,notyet.gif,fairfax.gif,eng,2 march 2017.  work/study
2362,589,english,,gloucester,,uk,48,male,0,uk,21,naturalistic,english589.mp3,notyet.gif,gloucester.gif,eng,2017-03-03
2363,8,kannada,,bangalore,karnataka,india,25,male,6,usa,0.3,academic,kannada8.mp3,notyet.gif,bangalore.gif,kan,2017-03-05
2364,181,spanish,,lima,,peru,55,female,30,usa,24,naturalistic,spanish181.mp3,notyet.gif,lima.gif,spa,2017-03-05
2365,79,mandarin,chine0.1se,johor bahru,,malaysia,19,female,2,australia,0.1,academic,mandarin79.mp3,notyet.gif,johor_bahru.gif,cmn,2017-03-10
2366,28,hindi,hindi-urdu,patna,,india,21,male,5,,0,academic,hindi28.mp3,notyet.gif,patna.gif,hin,2017-03-11
2367,182,spanish,,trujillo,,peru,44,male,20,usa,20,academic,spanish182.mp3,notyet.gif,trujillo.gif,spa,2017-03-18
2368,21,urdu,,islamabad,,pakistan,24,male,11,usa,14,academic,urdu21.mp3,notyet.gif,islamabad.gif,urd,2017-03-26
2369,52,russian,,saky,,ukraine,23,male,8,usa,1.5,academic,russian52.mp3,notyet.gif,saky.gif,rus,2017-03-27
2370,183,spanish,,bogota,,colombia,27,female,16,usa,11,academic,spanish183.mp3,notyet.gif,bogota.gif,spa,2017-04-02
2371,184,spanish,,lima,,peru,26,male,13,usa,11,academic,spanish184.mp3,notyet.gif,lima.gif,spa,2017-04-08
2372,185,spanish,,san salvador,,el salvadore,30,female,12,usa,18,academic,spanish185.mp3,notyet.gif,sansalvador.gif,spa,2017-04-09
2373,186,spanish,,tegucigalpa,,honduras,33,male,14,usa,19,academic,spanish186.mp3,notyet.gif,tegucigalpa.gif,spa,9 april 2017
2374,590,english,,lakeland,florida,usa,19,female,0,usa,19,naturalistic,english590.mp3,notyet.gif,lakeland.gif,eng,2017-04-14
2375,591,english,,colorado springs,colorado,usa,20,female,0,usa,20,naturalistic,english591.mp3,notyet.gif,colorado_springs.gif,eng,2017-04-14
2376,592,english,,miami,florida,usa,29,female,0,usa,29,naturalistic,english592.mp3,notyet.gif,miami.gif,eng,2017-04-14
2377,593,english,,boston,massachusetts,usa,24,female,0,usa,24,naturalistic,english593.mp3,notyet.gif,boston.gif,eng,2017-04-14
2378,594,english,,richmond,virginia,usa,20,female,0,usa,20,naturalistic,english594.mp3,notyet.gif,richmond.gif,eng,2017-04-14
2379,595,english,,leesburg,virginia,usa,21,female,0,usa,21,naturalistic,english595.mp3,notyet.gif,leesburg.gif,eng,2017-04-14
2380,596,english,,baltimore,maryland,usa,22,female,0,usa,22,naturalistic,english596.mp3,notyet.gif,baltimore.gif,eng,2017-04-14
2381,597,english,,fairfax,virginia,usa,26,male,0,usa,26,naturalistic,english597.mp3,notyet.gif,fairfax.gif,eng,2017-04-14
2382,598,english,,mitchell,south dakota,usa,29,male,0,usa,29,naturalistic,english598.mp3,notyet.gif,mitchell_sd.gif,eng,2017-04-17
2383,599,english,,alexandria,virginia,usa,20,female,1,usa,20,naturalistic,english599.mp3,notyet.gif,alexandria.gif,eng,27 april 2017.  may be bilingual (with urdu).
2384,22,urdu,,islmamabad,,pakistan,22,female,5,usa,17,academic,urdu22.mp3,notyet.gif,islamabad.gif,urd,27 april 2017.
2385,600,english,,portland,oregon,usa,32,female,0,usa,28,naturalistic,english600.mp3,notyet.gif,portland_or.gif,eng,31 may 2017.  spent 4 years in china.
2386,7,norwegian,,porsgrunn,,norway,23,male,5,,0,academic,norwegian7.mp3,norwegian7.gif,porsgrunn.gif,nor,12 june 2017.  LING 523
2387,132,arabic,,cairo,,egypt,29,female,19,usa,11,naturalistic,arabic132.mp3,arabic132.gif,cairo.gif,arz,14 june 2017.  LING523
2388,1,american sign language,asl,philadelphia,pennsylvania,usa,19,female,4,usa,19,academic,asl1.mp3,notyet.gif,philadelphia.gif,ase,14 june 2017.  LING523
2389,1,home sign,manual communication,bombay,maharashtra,india,40,male,5,usa,20,academic,homesign1.mp3,notyet.gif,bombay.gif,,"14 june 2017  LING523.
homesign is not a full language.  just a series of manual signs used around the house."
2390,28,japanese,,tokyo,,japan,35,female,12,usa,10,academic,japanese28.mp3,notyet.gif,tokyo.gif,jpn,15 june 2017. LING523
2391,3,ganda,luganda,kampala,,uganda,28,female,5,usa,14,academic,ganda3.mp3,ganda3.gif,kampala.gif,lug,16 june 2017.  LING523
2392,22,amharic,,addis ababa,,ethiopia,35,female,12,usa,5,academic,amharic22.mp3,notyet.gif,addisababa.gif,amh,16 june 2017.  LING523
2393,187,spanish,,santurce,,puerto rico,32,female,6,usa,8,academic,spanish187.mp3,notyet.gif,santurce.gif,spa,16 june 2017.  LING523
2394,64,french,,abidjan,,ivory coast,31,female,18,usa,2,naturalistic,french64.mp3,notyet.gif,abidjan.gif,fra,16 june 2017.  LING523.
2395,53,portuguese,,catanduva,sao paulo,brazil,26,female,14,usa,4.5,academic,portuguese53.mp3,notyet.gif,catanduva.gif,por,17 june 2017.  LING523
2396,188,spanish,,panama city,,panama,54,female,28,usa,26,naturalistic,spanish188.mp3,notyet.gif,panamacity.gif,spa,15 june 2017.  LING523
2397,189,spanish,,santa clara,san vicente,el salvador,42,male,18,usa,27,academic,spanish189.mp3,spanish189.gif,santaclara_elsalvador.gif,spa,20 june 2017.  LING523
2398,9,indonesian,bahasa indonesia,sumatera,,indonesia,35,male,9,usa,23,academic,indonesian9.mp3,notyet.gif,sumatera.gif,ind,21 june 2017.  LING523
2399,133,arabic,,abha,,saudi arabia,24,female,12,,0,academic,arabic133.mp3,notyet.gif,abha.gif,acw,2017-07-07
2400,2,american sign language,asl,new york,new york,usa,36,male,2,usa,36,academic,asl2.mp3,notyet.gif,newyork.gif,ase,11 july 2017. LING523
2401,190,spanish,,bogota,,colombia,41,male,6,usa,7,academic,spanish190.mp3,notyet.gif,bogota.gif,spa,2017-07-23
2402,17,thai,,nonthaburi,,thailand,39,female,10,,0,academic,thai17.mp3,notyet.gif,nonthaburi.gif,tha,2017-07-24
2403,10,kiswahili,swahili,hola,,kenya,27,female,8,usa,1,academic,kiswahili10.mp3,notyet.gif,hola.gif,swh,2017-07-24
2404,601,english,,fairfax,virginia,usa,49,male,0,usa,49,naturalistic,english601.mp3,notyet.gif,fairfax.gif,eng,26 july 2017.   LING523
2405,602,english,,new york,new york,usa,41,female,0,usa,41,naturalistic,english602.mp3,notyet.gif,newyork.gif,eng,2017-07-25
2406,9,tigrigna,,asmara,,eritrea,50,female,19,usa,28,naturalistic,tigrigna9.mp3,notyet.gif,asmara.gif,tir,"22 august, 2017"
2407,134,arabic,,abha,,saudi arabia,29,female,13,usa,0.1,academic,arabic134.mp3,notyet.gif,abha.gif,acw,"25 august, 2017"
2408,28,cantonese,chinese,guangzhou,,china,25,female,7,usa,4,academic,cantonese28.mp3,notyet.gif,guangzhou.gif,yue,2017-09-08
2409,13,gujarati,,bombay,maharashtra,india,25,female,5,usa,2,academic,gujarati13.mp3,notyet.gif,bombay.gif,guj,2017-09-08
2410,135,arabic,,riyadh,,saudi arabia,34,female,12,usa,1,academic,arabic135.mp3,notyet.gif,riyadh.gif,ars,12 september 2017. LING507
2411,136,arabic,,cardiff,wales,uk,19,female,14,usa,5,naturalistic,arabic136.mp3,notyet.gif,cardiff.gif,ars,12 september 2017.  LING 507.  subject did not live in cardiff.
2412,75,korean,,bucheon,,south korea,22,male,10,usa,0.1,academic,korean75.mp3,notyet.gif,bucheon.gif,kor,12 september 2017.  LING507
2413,80,mandarin,chinese,xi'an,shanxi,china,21,male,10,usa,1,academic,mandarin80.mp3,notyet.gif,xi'an.gif,cmn,12 september 2017. LING507
2414,81,mandarin,chinese,suzhou,jiangsu,china,22,female,10,usa,0.1,academic,mandarin81.mp3,notyet.gif,suzhou.gif,cmn,12 september 2017.  LING507
2415,35,italian,,alessandria,,italy,22,male,5,usa,0.1,academic,italian35.mp3,notyet.gif,alessandria.gif,ita,12 september 2017.
2416,14,gujarati,,bombay,,india,23,male,3,usa,1,naturalistic,gujarati14.mp3,notyet.gif,bombay.gif,guj,13 september 2017. LING507
2417,6,marathi,,nagpur,maharashtra,india,25,male,5,usa,0.1,academic,marathi6.mp3,notyet.gif,nagpur.gif,mar,13 september 2017. LING507
2418,82,mandarin,chinese,wuhai,,china,23,female,13,usa,0.1,academic,mandarin82.mp3,notyet.gif,wuhai.gif,cmn,13 september 2017. LING507
2419,83,mandarin,chinese,zhengzhou,henan,china,26,female,12,usa,1,academic,mandarin83.mp3,notyet.gif,zhengzhou.gif,cmn,13 september 2017. LING507
2420,84,mandarin,chinese,zhengzhou,henan,china,24,female,10,usa,1,academic,mandarin84.mp3,notyet.gif,zhengzhou.gif,cmn,13 september 2017. LING507
2421,85,mandarin,chinese,changsha,hunan,china,23,female,10,usa,1,academic,mandarin85.mp3,notyet.gif,changsha.gif,cmn,13 september 2017. LING507
2422,8,telugu,,guntur,andhra pradesh,india,22,male,2,usa,0.1,academic,telugu8.mp3,notyet.gif,guntur.gif,tel,13 september 2017. LING507
2423,86,mandarin,chinese,shenyang,liaoning,china,22,female,7,usa,0.1,academic,mandarin86.mp3,notyet.gif,shenyang.gif,cmn,13 september 2017. LING507
2424,2,wu,chinese,shanghai,,china,23,male,5,usa,5,academic,wu2.mp3,notyet.gif,shanghai.gif,wuu,13 september 2017. LING507
2425,137,arabic,,al-ayn,,united arab emirates,20,male,7,usa,0.7,academic,arabic137.mp3,notyet.gif,alayn.gif,afb,14 september 2017. LING507
2426,138,arabic,,riyadh,,saudi arabia,25,male,12,usa,0.2,academic,arabic138.mp3,notyet.gif,riyadh.gif,ars,14 september 2017. LING507
2427,139,arabic,,khartoum,,sudan,28,male,5,usa,23,academic,arabic139.mp3,notyet.gif,khartoum.gif,apd,14 september 2017. LING507
2428,603,english,,los angeles,california,usa,18,male,0,usa,18,naturalistic,english603.mp3,notyet.gif,losangeles.gif,eng,12 september 2017.  speaker reports that he is bilingual with mandarin.
2429,10,hungarian,,szeged,,hungary,68,female,40,usa,35,academic,hungarian10.mp3,notyet.gif,szeged.gif,hun,15 september 2017. LING523
2430,9,finnish,,helsinki,,finland,42,female,10,usa,18.5,academic,finnish9.mp3,notyet.gif,helsinki.gif,fin,16 september 2017.  LING523
2431,21,tagalog,,manila,,philippines,40,female,7,,0,academic,tagalog21.mp3,notyet.gif,manila.gif,tgl,18 september 2017. LING523
2432,3,ewe,,edubiase,,ghana,33,male,5,"ghana, usa",33,academic,ewe3.mp3,notyet.gif,edubiase.gif,ewe,19 september 2017. LING523
2433,140,arabic,,taif,,saudi arabia,26,female,6,usa,2,academic,arabic140.mp3,notyet.gif,taif.gif,acw,19 september 2017. LING523
2434,191,spanish,,bogota,,colombia,38,female,12,usa,2,academic,spanish191.mp3,notyet.gif,bogota.gif,spa,19 september 2017. LING523
2435,87,mandarin,chinese,lanzhou,gansu,china,22,female,7,usa,1,academic,mandarin87.mp3,notyet.gif,lanzhou.gif,cmn,20 september 2017.
2436,29,japanese,,nagoya,,japan,21,female,15,new zealand,1,academic,japanese29.mp3,notyet.gif,nagoya.gif,jpn,2017-09-20
2437,141,arabic,,cairo,,egypt,35,male,12,australia,12,academic,arabic141.mp3,notyet.gif,cairo.gif,arz,"21 sept ember 2017. from griffin university, australia  n.mitchell@griffith.edu.au"
2438,604,english,,brisbane,queensland,australia,21,female,0,australia,21,naturalistic,english604.mp3,notyet.gif,brisbane.gif,eng,"21 sept ember 2017. from griffin university, australia  n.mitchell@griffith.edu.au"
2439,605,english,,cairns,queensland,australia,25,male,0,australia,21,naturalistic,english605.mp3,notyet.gif,cairns.gif,eng,"21 sept ember 2017. from griffin university, australia  n.mitchell@griffith.edu.au"
2440,606,english,,southport,,australia,19,female,0,australia,19,naturalistic,english606.mp3,notyet.gif,southport.gif,eng,"21 sept ember 2017. from griffin university, australia  n.mitchell@griffith.edu.au"
2441,607,english,,narrabri,new south wales,australia,25,female,0,australia,25,naturalistic,english607.mp3,notyet.gif,narrabri.gif,eng,"21 sept ember 2017. from griffin university, australia  n.mitchell@griffith.edu.au"
2442,608,english,,brisbane,queensland,australia,18,male,0,australia,18,naturalistic,english608.mp3,notyet.gif,brisbane.gif,eng,"21 sept ember 2017. from griffin university, australia  n.mitchell@griffith.edu.au"
2443,609,english,,narrandera,new south wales,australia,20,female,0,australia,20,naturalistic,english609.mp3,notyet.gif,narrandera.gif,eng,"21 sept ember 2017. from griffin university, australia  n.mitchell@griffith.edu.au"
2444,610,english,,townsville,queensland,australia,20,female,0,australia,20,naturalistic,english610.mp3,notyet.gif,townsville.gif,eng,"21 sept ember 2017. from griffin university, australia  n.mitchell@griffith.edu.au"
2445,611,english,,brisbane,queensland,australia,19,male,0,ausstralia,19,naturalistic,english611.mp3,notyet.gif,brisbane.gif,eng,"21 sept ember 2017. from griffin university, australia  n.mitchell@griffith.edu.au"
2446,2,kyrgyz,kirghiz,bishkek,,kyrgystan,18,female,13,usa,0.1,academic,kyrgyz2.mp3,notyet.gif,bishkek.gif,kir,25 september 2017. LING507
2447,88,mandarin,chinese,anqing,anhui,china,23,male,8,,0,academic,mandarin88.mp3,notyet.gif,anqing.gif,cmn,2017-09-25
2448,89,mandarin,chinese,taiyuan,shanxi,china,19,male,12,usa,1,academic,mandarin89.mp3,notyet.gif,taiyuan.gif,cmn,27 september 2017. LING507
2449,8,tamil,,chennai,tamil nadu,india,25,female,5,usa,1,academic,tamil8.mp3,notyet.gif,chennai.gif,tam,27 september 2017. LING507
2450,4,kazakh,,kokshetau,,kazakhstan,38,female,37,usa,0.3,academic,kazakh4.mp3,notyet.gif,kokshetau.gif,kaz,27 september 2017. LING507
2451,54,portuguese,,sao paulo,,brazil,19,male,12,usa,1,academic,portuguese54.mp3,notyet.gif,saopaulo.gif,por,28 september 2017. LING507
2452,142,arabic,,almajmaah,,saudi arabia,25,male,13,"canada, uk, usa",0.5,academic,arabic142.mp3,notyet.gif,almajmaah.gif,ars,"3 october 2017.  LING 798.  residence: canada=2 mos. uk=1.5 mos., usa= 2 mos."
2453,9,tamil,,chennai,,india,28,female,4,usa,3,academic,tamil9.mp3,notyet.gif,chennai.gif,tam,3 october 2017.  LING798.
2454,10,tamil,,chennai,,india,24,male,5,usa,0.2,academic,tamil10.mp3,notyet.gif,chennai.gif,tam,4 october 2017.  LING798
2455,11,tamil,,pondicherry,,india,23,female,5,usa,0.2,academic,tamil11.mp3,notyet.gif,pondicherry.gif,tam,4 october 2017.  LING798
2456,7,marathi,,bombay,,india,24,female,3,usa,0.2,naturalistic,marathi7.mp3,notyet.gif,bombay.gif,mar,4 october 2017.  LING798.  residence: spoke english with parents.
2457,76,korean,,chuncheon,gangwon-do,south korea,31,female,7,usa,7,academic,korean76.mp3,notyet.gif,chuncheon.gif,kor,5 october 2017. LING507
2458,9,kannada,,bangalore,karnataka,india,23,male,3,usa,0.1,academic,kannada9.mp3,notyet.gif,bangalore.gif,kan,6 october 2017. LING798
2459,29,hindi,hindi-urdu,chennai,tamil nadu,india,24,male,3,usa,0.5,academic,hindi29.mp3,notyet.gif,chennai.gif,hin,"6 october, 2017.  LING798"
2460,9,telugu,,vijayawada,andhra pradesh,india,24,male,7,usa,0.2,academic,telugu9.mp3,notyet.gif,vijayawada.gif,tel,6 october 2017. LING798
2461,90,mandarin,chinese,chengdu,sichuan,china,27,male,8,usa,0.8,academic,mandarin90.mp3,notyet.gif,chengdu.gif,cmn,"6 october 2017. LING798, residence: 19 years in singapore."
2462,12,tamil,,chennai,tamil nadu,india,23,female,3,usa,0.1,academic,tamil12.mp3,notyet.gif,chennai.gif,tam,6 october 2017.  LING798.
2463,91,mandarin,chinese,tongcheng,anhui,china,22,male,13,,0,academic,mandarin91.mp3,notyet.gif,tongcheng.gif,cmn,2017-09-25
2464,65,french,,lome,,togo,24,female,19,usq,4,academic,french65.mp3,notyet.gif,lome.gif,fra,10 october 2017. LING798
2465,10,telugu,,hyderabad,,india,21,male,14,usa,0.2,academic,telugu10.mp3,notyet.gif,hyderabad.gif,tel,10 october 2017.  LING798
2466,192,spanish,,cordoba,,argentina,40,male,10,uk,1,academic,spanish192.mp3,notyet.gif,cordoba.gif,spa,2017-10-15
2467,193,spanish,,david,,panama,75,female,5,usa,54,academic,spanish193.mp3,notyet.gif,david.gif,spa,17 october 2017.  2017
2468,55,portuguese,,sao paulo,,brazil,25,female,15,usa,4.5,academic,portuguese55.mp3,notyet.gif,saopaulo.gif,por,25 october 2017. LING798
2469,92,mandarin,chinese,huai'an,jiangsu,china,23,female,10,,0,academic,mandarin92.mp3,notyet.gif,huai'an.gif,cmn,28 october 2017.
2470,143,arabic,,medina,,saudi arabia,20,female,12,usa,1,academic,arabic143.mp3,notyet.gif,medina.gif,acw,2017-10-23
2471,194,spanish,,cochabamba,,bolivia,27,male,18,usa,9,naturalistic,spanish194.mp3,notyet.gif,cochabamba.gif,spa,2017-11-01
2472,23,urdu,,gujranwala,punjab,pakistan,24,male,8,usa,2.5,academic,urdu23.mp3,notyet.gif,gujranwala.gif,urd,1 november 2017. LING 798
2473,66,french,,belfort,,france,54,female,9,"uk, usa",25,academic,french66.mp3,notyet.gif,belfort.gif,fra,2 november 2017. LING 690
2474,93,mandarin,chinese,xi'an,shanxi,china,22,female,6,usa,0.3,academic,mandarin93.mp3,notyet.gif,xi'an.gif,cmn,2 november 2017.  LING490
2475,195,spanish,,guatemala city,,guatemala,55,female,15,usa,27,academic,spanish195.mp3,notyet.gif,guatemala_city.gif,spa,6 november 2017.  LING306
2476,12,punjabi,panjabi,sialkot,punjab,pakistan,52,female,12,usa,9,academic,punjabi12.mp3,notyet.gif,sialkot.gif,pnb,7 november 2017.  LING897
2477,94,mandarin,chinese,baotou,inner mongolia,china,23,male,8,usa,0.3,academic,mandarin94.mp3,notyet.gif,baotou.gif,cmn,7 november 2017. LING690
2478,30,hindi,hindi-urdu,ludhiana,,india,37,female,5,usa,2.5,academic,hindi30.mp3,notyet.gif,ludhiana.gif,hin,7 november 2017. LING306
2479,144,arabic,,laayoune,,morocco,32,male,29,usa,3,academic,arabic144.mp3,notyet.gif,laayoune.gif,ary,8 november 2017. LING690
2480,77,korean,,seoul,,south korea,20,female,5,usa,0.9,academic,korean77.mp3,notyet.gif,seoul.gif,kor,8 november 2017.  LING306
2481,29,cantonese,chinese,hong kong,,china,20,male,6,usa,16,academic,cantonese29.mp3,notyet.gif,hongkong.gif,yue,8 november 2017. LING306
2482,196,spanish,,san cristobal,,dominican republic,60,female,26,usa,31,naturalistic,spanish196.mp3,notyet.gif,san_cristobal.gif,spa,11 november 2017. LING490
2483,95,mandarin,chinese,yangxin,hubei,china,29,female,11,usa,2,academic,mandarin95.mp3,notyet.gif,yangxin.gif,cmn,2017-11-11
2484,78,korean,,inchon,,south korea,32,female,12,usa,17,academic,korean78.mp3,notyet.gif,inchon.gif,kor,12 november 2017.  LING490
2485,10,bosnian,,gornji vakuf,,bosnia and herzegovina,31,female,15,usa,8,academic,bosnian10.mp3,notyet.gif,gornjivakuf.gif,bos,"13 november, 2017. LING306"
2486,7,lithuanian,,panevezys,,lithuania,41,female,25,usa,13,naturalistic,lithuanian7.mp3,notyet.gif,panevezys.gif,lit,13 november 2017. LING306
2487,79,korean,,anseong,,south korea,53,female,16,usa,36,academic,korean79.mp3,notyet.gif,anseong.gif,kor,14 november 2017.  LING306
2488,145,arabic,,riyadh,,saudi arabia,22,female,9,usa,5,academic,arabic145.mp3,notyet.gif,riyadh.gif,ars,14 november 2017.  LING306
2489,25,vietnamese,,ho chi minh city,,vietnam,23,male,9,usa,13,naturalistic,vietnamese25.mp3,notyet.gif,hochiminhcity.gif,vie,15 november 2017.  LING306
2490,80,korean,,seoul,,south korea,42,female,13,usa,19,academic,korean80.mp3,notyet.gif,seoul.gif,kor,"15 november, 2017. LING306"
2491,197,spanish,,madrid,,spain,20,female,3,usa,0.3,academic,spanish197.mp3,notyet.gif,madrid.gif,spa,"15 november, 2017. LING306"
2492,30,japanese,,miyazaki,,japan,19,male,12,usa,0.3,academic,japanese30.mp3,notyet.gif,miyazaki.gif,jpn,"15 november, 2017. LING306"
2493,31,japanese,,saitama,,japan,20,female,15,usa,0.2,academic,japanese31.mp3,notyet.gif,saitama.gif,jpn,"15 november, 2017. LING306"
2494,96,mandarin,chinese,qingdao,shandong,china,27,female,9,usa,5.4,academic,mandarin96.mp3,notyet.gif,qingdao.gif,cmn,"15 november, 2017. LING306"
2495,6,swiss german,,zurich,,switzerland,55,female,15,usa,33,academic,swissgerman6.mp3,notyet.gif,zurich.gif,gsw,"15 november, 2017. LING306"
2496,198,spanish,,tejupilco,,mexico,38,female,19,usa,23,academic,spanish198.mp3,notyet.gif,tejupilco.gif,spa,16 november 2017. LING306
2497,67,french,,aix-en-provence,,france,53,female,11,usa,14,academic,french67.mp3,notyet.gif,aix-en-provence.gif,fra,16 november 2017.  LING306
2498,15,gujarati,,rajkot,,india,20,female,3,usa,2,academic,gujarati15.mp3,notyet.gif,rajkot.gif,guj,16 november 2017. LING306
2499,11,bosnian,,kotorsko,,bosnia and herzegovina,51,male,31,usa,20.5,naturalistic,bosnian11.mp3,notyet.gif,kotorsko.gif,bos,17 november 2017. LING306
2500,7,haitian creole french,,port-au-prince,,haiti,33,male,8,usa,23,academic,haitiancreolefrench7.mp3,notyet.gif,portauprince.gif,hat,17 november 2017. LING306
2501,56,portuguese,,sao jose do rio preto,,brazil,23,female,12,usa,9,naturalistic,portuguese56.mp3,notyet.gif,saojosedoriopreto.gif,por,17 november 2017. LING306
2502,38,turkish,,balikesir,,turkey,32,female,11,usa,0.2,academic,turkish38.mp3,notyet.gif,balikesir.gif,tur,17 november 2017.  LING798
2503,57,portuguese,,lisbon,,portugal,22,female,11,usa,11,academic,portuguese57.mp3,notyet.gif,lisbon.gif,por,17 november 2017.  LING306
2504,1,ndebele,,bulawyo,,zimbabwe,24,female,8,usa,4,academic,ndebele1.mp3,notyet.gif,bulawayo.gif,nde,17 november 2017.  LING306
2505,81,korean,,jeonju,,south korea,44,male,12,usa,10,academic,korean81.mp3,notyet.gif,jeonju.gif,kor,18 movember 2017.  LING306
2506,24,urdu,,islamabad,,pakistan,22,male,3,uk,10,academic,urdu24.mp3,notyet.gif,islamabad.gif,urd,18 november 2017.  LING306
2507,199,spanish,,san juan,,puerto rico,18,male,2,usa,0.3,academic,spanish199.mp3,notyet.gif,sanjuan.gif,spa,18 november 2017.  LING306
2508,146,arabic,,amman,,jordan,27,male,17,usa,9,academic,arabic146.mp3,notyet.gif,amman.gif,ajp,19 november 2017.  LING306
2509,27,farsi,persian,tehran,,iran,41,male,20,usa,6,academic,farsi27.mp3,notyet.gif,tehran.gif,pes,19 november 2017.
2510,22,romanian,,tarnaveni,,romania,37,female,9,usa,13,academic,romanian22.mp3,notyet.gif,tarnaveni.gif,ron,19 november 2017.  LING306
2511,3,wu,chinese,shanghai,,china,19,female,7,usa,4,academic,wu3.mp3,notyet.gif,shanghai.gif,wuu,19 november 2017. LING306
2512,11,telugu,,hyderabad,,india,26,male,6,usa,4,academic,telugu11.mp3,notyet.gif,hyderabad.gif,tel,20 november 2017. LING306
2513,58,portuguese,,sao paulo,,brazil,21,male,5,usa,3,academic,portuguese58.mp3,notyet.gif,saopaulo.gif,por,21 november 2017.  LING306
2514,37,polish,,warsaw,,poland,26,male,4,"uk, australia",2,academic,polish37.mp3,notyet.gif,warsaw.gif,pol,"26 november, 2017."
2515,82,korean,,pusan,,south korea,29,female,8,usa,8.5,academic,korean82.mp3,notyet.gif,pusan.gif,kor,28 november 2017.  LING897
2516,83,korean,,pusan,,south korea,31,male,10,usa,10,academic,korean83.mp3,notyet.gif,pusan.gif,kor,28 november 2017.  LING897
2517,84,korean,,inchon,,south korea,21,male,16,new zealand,4,academic,korean84.mp3,notyet.gif,inchon.gif,kor,12 december 2017. LING 897.
2518,85,korean,,seoul,,south korea,20,female,14,usa,5,academic,korean85.mp3,notyet.gif,seoul.gif,kor,13 december 2017. LING897
2519,86,korean,,seoul,,south korea,21,female,6,"singapore, usa",2.5,academic,korean86.mp3,notyet.gif,seoul.gif,kor,13 december 2017. LING897
2520,87,korean,,seoul,,south korea,20,male,8,usa,0.4,academic,korean87.mp3,notyet.gif,seoul.gif,kor,13 december 2017. LING897
2521,200,spanish,,bogota,,colombia,30,female,17,usa,12,academic,spanish200.mp3,notyet.gif,bogota.gif,spa,13 december 2017. LING897
2522,23,romanian,,eforie nord,,romania,22,male,5,,0,naturalistic,romanian23.mp3,notyet.gif,eforie_nord.gif,ron,23 december 2017.
2523,97,mandarin,chinese,jiujiang,jiangxi,china,28,female,11,hong kong,1.5,academic,mandarin97.mp3,notyet.gif,jiujiang.gif,cmn,"27 december, 2017"
2524,98,mandarin,chinese,nanchang,jiangxi,china,25,female,11,australia,1.5,academic,mandarin98.mp3,notyet.gif,nanchang.gif,cmn,2017-12-27
2525,38,polish,,gdansk,,poland,22,female,5,,0,academic,polish38.mp3,notyet.gif,gdansk.gif,pol,2017-01-01
2526,22,tagalog,,quezon city,,philippines,21,female,3,philippines,21,naturalistic,tagalog22.mp3,notyet.gif,quezoncity.gif,tgl,2017-01-13
2527,6,afrikaans,,capetown,,south africa,29,male,5,south africa,23,naturalistic,afrikaans6.mp3,notyet.gif,capetown.gif,afr,2018-02-02
2528,39,polish,,wolin,,poland,54,male,15,uk,1,academic,polish39.mp3,notyet.gif,wolin.gif,pol,2018-02-02
2529,99,mandarin,chinese,nanchang,jiangxi,china,26,female,9,uk,1,academic,mandarin99.mp3,notyet.gif,nanchang.gif,cmn,2018-02-02
2530,100,mandarin,chinese,wuhan,hubei,china,25,female,13,,0,academic,mandarin100.mp3,notyet.gif,wuhan.gif,cmn,2018-02-02
2531,101,mandarin,chinese,jiujiang,jiangxi,china,23,female,10,,0,academic,mandarin101.mp3,notyet.gif,jiujiang.gif,cmn,2018-02-02
2532,102,mandarin,chinese,huanggang,hubei,china,27,female,10,,0,academic,mandarin102.mp3,notyet.gif,huanggang.gif,cmn,2018-02-02
2533,612,english,,middlesbrough,england,uk,20,male,0,uk,20,naturalistic,english612.mp3,notyet.gif,middlesbrough.gif,eng,2018-02-06
2534,88,korean,,seoul,,south korea,24,female,9,usa,4,academic,korean88.mp3,notyet.gif,seoul.gif,kor,2018-02-04
2535,5,catalan,,barcelona,,spain,20,female,6,usa,3,academic,catalan5.mp3,notyet.gif,barcelona.gif,cat,2018-02-04
2536,68,french,,bordeaux,,france,18,female,8,,0,academic,french68.mp3,notyet.gif,bordeaux.gif,fra,2018-02-05
2537,69,french,,rennes,,france,18,female,8,,0,academic,french69.mp3,notyet.gif,rennes.gif,fra,2018-02-06
2538,103,mandarin,chinese,le shan,sichuan,china,27,female,12,usa,1,academic,mandarin103.mp3,notyet.gif,leshan.gif,cmn,17 february 2018.  LING 897
2539,104,mandarin,chinese,beijing,,china,29,female,7,usa,2,academic,mandarin104.mp3,notyet.gif,beijing.gif,cmn,2018-02-17
2540,105,mandarin,chinese,tongliao,inner mongolia,china,26,female,12,usa,2,academic,mandarin105.mp3,notyet.gif,tongliao.gif,cmn,2018-02-21
2541,18,thai,,chiangrai,,thailand,25,female,7,usa,0.8,academic,thai18.mp3,notyet.gif,chiangrai.gif,tha,22 february 2018.
2542,106,mandarin,chinese,xi'an,shanxi,china,25,female,2,usa,5,academic,mandarin106.mp3,notyet.gif,xi'an.gif,cmn,26 february 2018.
2543,5,uyghur,,turpan,xin jiang,china,26,male,13,usa,3,academic,uyghur5.mp3,notyet.gif,turpan.gif,uig,2018-02-26
2544,147,arabic,hijazi,baha,,saudi arabia,56,female,16,,0,academic,arabic147.mp3,notyet.gif,baha.gif,acw,2 march 2018. LING507
2545,19,thai,,mae suai,chiang rai,thailand,26,female,7,usa,0.5,academic,thai19.mp3,notyet.gif,maesuai.gif,tha,3 march 2018.  LING507
2546,53,russian,,st. petersburg,,russia,32,female,7,usa,4,academic,russian53.mp3,notyet.gif,stpetersburg.gif,rus,3 march 2018  LING507
2547,32,japanese,,tokyo,,japan,27,male,18,canada,4,academic,japanese32.mp3,notyet.gif,tokyo.gif,jpn,2018-03-04
2548,20,thai,,chiang mai,,thailand,25,female,7,usa,1,academic,thai20.mp3,notyet.gif,chiangmai.gif,tha,12 march 2018 LING507
2549,4,jamaican creole english,patois,kingston,,jamaica,37,male,3,"jamaica, usa",37,naturalistic,jamaican_creole_english4.mp3,notyet.gif,kingston.gif,jam,"12 march 2018.  LING507.  residence:
34 years jamaica, 3 years usa"
2550,148,arabic,hijazi,taif,,saudi arabia,18,female,12,,0,academic,arabic148.mp3,notyet.gif,taif.gif,acw,12 march 2018.  LING507
2551,10,indonesian,bahasa indonesia,banda aceh,,indonesia,25,female,12,australia,0.8,academic,indonesian10.mp3,notyet.gif,banda_aceh.gif,ind,14 march 2018.  LING507
2552,11,indonesian,bahasa indonesia,ambon,,indonesia,26,male,9,australia,1.2,naturalistic,indonesian11.mp3,notyet.gif,ambon.gif,ind,"16 march 2018.  LING507
also speaks haruku"
2553,2,hiligaynon,ilonggo,koronadal,,philippines,26,female,5,"us, australia",1.3,academic,hiligaynon2.mp3,notyet.gif,koronadal.gif,hil,"16 march 2018.  residence: 5 months australia, 10 months usa.  LING507"
2554,107,mandarin,chinese,taiyuan,shanxi,china,26,female,8,australia,1,academic,mandarin107.mp3,notyet.gif,taiyuan.gif,cmn,16 march 2018. LING507
2555,33,japanese,,ako,,japan,30,female,12,australia,10,academic,japanese33.mp3,notyet.gif,ako.gif,jpn,21 march 2018.  LING507
2556,30,cantonese,chinese,guangzhou,,china,25,female,6,australia,1.5,academic,cantonese30.mp3,notyet.gif,guangzhou.gif,yue,21 march 2018.  LING507
2557,108,mandarin,chinese,nanning,guangxi,china,26,female,14,australia,5,academic,mandarin108.mp3,notyet.gif,nanning.gif,cmn,21 march 2018.  LING507
2558,16,gujarati,,bombay,,india,20,female,3,singapore,20,academic,gujarati16.mp3,notyet.gif,bombay.gif,guj,21 march 2018.  LING507
2559,109,mandarin,chinese,xi'an,shanxi,china,23,female,4,australia,0.5,academic,mandarin109.mp3,notyet.gif,xi'an.gif,cmn,21 march 2018.  LING507
2560,110,mandarin,chinese,panjin,liaoning,china,24,female,7,australia,2,academic,mandarin110.mp3,notyet.gif,panjin.gif,cmn,21 march 2018.  LING507
2561,12,indonesian,bahasa indonesia,kupang,,indonesia,28,male,9,australia,0.9,naturalistic,indonesian12.mp3,notyet.gif,kupang.gif,ind,25 march 2018.  LING507
2562,111,mandarin,chinese,beijing,,china,23,female,6,australia,0.2,academic,mandarin111.mp3,notyet.gif,beijing.gif,cmn,26 march 2018. LING507
2563,1,javanese,,malang,east java,indonesisa,29,male,7,australia,1.6,academic,javanese1.mp3,notyet.gif,malang.gif,jav,28 march 2018. LING507
2564,112,mandarin,chinese,tianjin,,china,26,male,6,usa,0.8,academic,mandarin112.mp3,notyet.gif,tianjin.gif,cnm,28 march 2018. LING507
2565,31,cantonese,chinese,guangzhou,guangdong,china,21,male,6,usa,1,academic,cantonese31.mp3,notyet.gif,guangzhou.gif,yue,28 march 2018. LING507
2566,113,mandarin,chinese,hohhot,inner mongolia,china,29,male,10,usa,0.8,academic,mandarin113.mp3,notyet.gif,hohhot.gif,cmn,28 march 2018. LING507
2567,34,japanese,,komaki,,japan,19,male,10,usa,0.7,academic,japanese34.mp3,notyet.gif,komaki.gif,jpn,28 march 2018. LING507
2568,7,somali,,abu dhabi,,united arab emirates,37,female,3,usa,6,academic,somali7.mp3,notyet.gif,abudhabi.gif,som,28 march 2018. LING507
2569,26,vietnamese,,hanoi,,vietnam,19,male,8,usa,0.8,academic,vietnamese26.mp3,notyet.gif,hanoi.gif,vie,28 march 2018. LING507
2570,613,english,,melbourne,,australia,24,male,0,australia,24,naturalistic,english613.mp3,notyet.gif,melbourne.gif,eng,28 march 2018. LING507
2571,13,tamil,,coimbatore,tamil nadu,india,28,female,3,usa,2,academic,tamil13.mp3,notyet.gif,coimbatore.gif,tam,31 march 2018.  LING507
2572,3,kyrgyz,kirghiz,bishkek,,kyrgystan,29,female,6,usa,0.5,academic,kyrgyz3.mp3,notyet.gif,bishkek.gif,kir,31 march 2018.  LING507
2573,59,portuguese,,sao paulo,,brazil,43,male,16,usa,5,naturalistic,portuguese59.mp3,notyet.gif,saopaulo.gif,por,2018-03-31
2574,37,german,,hamburg,,germany,19,female,8,,0,academic,german37.mp3,notyet.gif,hamburg.gif,deu,27 march 2018.
2575,11,kiswahili,swahili,mombasa,,kenya,58,male,7,usa,28,academic,kiswahili11.mp3,notyet.gif,mombasa.gif,swh,12 april 2018. LING507
2576,89,korean,,seoul,,south korea,18,male,5,usa,2,academic,korean89.mp3,notyet.gif,seoul.gif,kor,12 april 2018.  LING507
2577,23,tagalog,,sibutu,,philippines,36,female,7,malaysia,2,academic,tagalog23.mp3,notyet.gif,sibutu.gif,tgl,12 april 2018.  LING507
2578,6,malayalam,,kasaragod,kerala,india,27,male,10,,0,naturalistic,malayalam6.mp3,notyet.gif,kasaragod.gif,mal,13 april 2018.  LING507
2579,7,malayalam,,bangalore,kerala,india,25,male,11,,0,academic,malayalam7.mp3,notyet.gif,bangalore.gif,mal,13 april 2018.  LING507
2580,10,hausa,,kaduna,,nigeria,29,female,3,,0,academic,hausa10.mp3,notyet.gif,kaduna.gif,hau,18 april 2018. LING507
2581,24,tagalog,,batangos,,philippines,51,male,7,usa,4,academic,tagalog24.mp3,notyet.gif,batangos.gif,tgl,19 april 2018. LING507
2582,1,kamba,,nakuru,,kenya,43,female,6,usa,17,academic,kamba1.mp3,notyet.gif,nakuru.gif,kam,18 april 2018.  LING507
2583,23,amharic,,addis ababa,,ethiopia,32,male,10,usa,3,academic,amharic23.mp3,notyet.gif,addisababa.gif,amh,20 april 2018. LING507
2584,149,arabic,najdi,riyadh,,saudi arabia,26,female,12,usa,0.5,academic,arabic149.mp3,notyet.gif,riyadh.gif,ars,20 april 2018. LING507
2585,5,kikuyu,,nairobi,,kenya,20,male,4,"kenya, canada, usa",20,naturalistic,kikuyu5.mp3,notyet.gif,nairobi.gif,kik,22 april 2018.  LING306. residence: 11 years kenya; 5 years canada; 4 years usa.
2586,201,spanish,,mexico city,,mexico,25,male,18,usa,5.7,naturalistic,spanish201.mp3,notyet.gif,mexicocity.gif,spa,22 april 2018.  LING306
2587,8,marathi,,bombay,,india,53,female,10,usa,30,academic,marathi8.mp3,notyet.gif,bombay.gif,mar,22 april 2018.  LING306
2588,202,spanish,,mexico city,,mexico,48,female,17,usa,31,naturalistic,spanish202.mp3,notyet.gif,mexicocity.gif,spa,23 april 2018.  LING306
2589,28,farsi,persian,khoramshahr,khuzestan,iran,50,female,31,usa,20,academic,farsi28.mp3,notyet.gif,khoramshahr.gif,pes,23 april 2018. LING306
2590,203,spanish,,usulutan,,el salvador,32,female,11,usa,23,academic,spanish203.mp3,notyet.gif,usulutan.gif,spa,24 april 2018.  LING306
2591,38,german,,kaiserslautern,,germany,50,female,5,usa,34,naturalistic,german38.mp3,notyet.gif,kaiserslautern.gif,deu,24 april 2018.  LING306
2592,150,arabic,najdi,riyadh,,saudi arabia,25,female,12,usa,2,academic,arabic150.mp3,notyet.gif,riyadh.gif,ars,26 april 2018.  LING507
2593,54,russian,,novosibirsk,,russia,19,female,5,usa,17,naturalistic,russian54.mp3,notyet.gif,novosibirsk.gif,rus,april 26 2018. LING306
2594,60,portuguese,,sao paulo,,brazil,22,female,12,usa,10,academic,portuguese60.mp3,notyet.gif,saopaulo.gif,por,26 april 2018.  LING306
2595,3,luo,,mombasa,,kenya,47,female,5,"ireland, usa",12,academic,luo3.mp3,notyet.gif,mombasa.gif,luo,26 april 2018.  LING507
2596,27,vietnamese,,ho chi minh city,,vietnam,59,female,27,usa,34,academic,vietnamese27.mp3,notyet.gif,hochiminhcity.gif,vie,26 april 2018.  LING306
2597,29,farsi,persian,ahvaz,,iran,25,female,10,usa,6,academic,farsi29.mp3,notyet.gif,ahvaz.gif,pes,27 april 2018. LING507
2598,151,arabic,najdi,riyadh,,saudi arabia,25,female,5,usa,3,academic,arabic151.mp3,notyet.gif,riyadh.gif,ars,27 april 2018. LING507
2599,114,mandarin,chinese,beijing,,china,19,female,13,usa,6,academic,mandarin114.mp3,notyet.gif,beijing.gif,cmn,27 april 2018. LING306
2600,36,italian,,naples,,italy,61,female,13,usa,48,naturalistic,italian36.mp3,notyet.gif,naples.gif,ita,27 april 2018.  LING306
2601,12,telugu,,edison,new jersey,usa,18,female,3,usa,18,naturalistic,telugu12.mp3,notyet.gif,edison.gif,tel,27 april 2018. LIng306
2602,204,spanish,,almeria,,spain,21,male,8,usa,0.8,academic,spanish204.mp3,notyet.gif,almeria.gif,spa,28 april 2018.  LING306
2603,13,telugu,,hyderabad,,india,25,male,5,usa,4,academic,telugu13.mp3,notyet.gif,hyderabad.gif,tel,28 april 2018.  LING507
2604,8,twi,akan,accra,,ghana,19,female,10,usa,4,naturalistic,twi8.mp3,notyet.gif,accra.gif,aka,29 april 2018. LING306
2605,90,korean,,seoul,,south korea,35,female,12,usa,6.8,academic,korean90.mp3,notyet.gif,seoul.gif,kor,30 april 2018.  LING306
2606,614,english,,pensacola,florida,usa,93,female,0,usa,93,naturalistic,english614.mp3,notyet.gif,pensacola.gif,eng,"april 30, 2018. LING306"
2607,152,arabic,,riyadh,,saudi arabia,28,female,7,usa,10,naturalistic,arabic152.mp3,notyet.gif,riyadh.gif,ars,30 april 2018.  LING306
2608,19,serbian,,bijelijina,,bosnia and herzegovina,38,female,9,usa,13,academic,serbian19.mp3,notyet.gif,bijelijina.gif,srp,1 may 2018. LING507
2609,31,hindi,hindi-urdu,rajkot,gujarat,india,36,female,5,usa,13,academic,hindi31.mp3,notyet.gif,rajkot.gif,hin,1 may 2018.  LING507
2610,11,hungarian,,tolcsva,borsod,hungary,58,female,14,"usa, uk",2,academic,hungarian11.mp3,notyet.gif,tolcsva.gif,hun,1 may 2018.  LING507
2611,9,marathi,,bombay,maharashtra,india,27,female,8,usa,3,academic,marathi9.mp3,notyet.gif,bombay.gif,mar,1 may 2018.  LING507
2612,25,urdu,,hyderabad,,india,31,female,3,usa,2,academic,urdu25.mp3,notyet.gif,hyderabad.gif,urd,1 may 2018.  LING507
2613,615,english,,dublin,,ireland,20,male,0,ireland,20,naturalistic,english615.mp3,notyet.gif,dublin.gif,eng,2018-05-12
2614,205,spanish,,cerete,,colombia,29,male,7,canada,0.3,academic,spanish205.mp3,notyet.gif,cerete.gif,spa,18 may 2018.  spent most of life in bogota.
2615,206,spanish,,santiago,,chile,21,female,4,"usa, uk",0.4,academic,spanish206.mp3,notyet.gif,santiago.gif,spa,29 may 2018.
2616,19,bulgarian,,varna,,bulgaria,34,female,10,usa,12,academic,bulgarian19.mp3,notyet.gif,varna.gif,bul,2018-07-03
2617,55,russian,,poltava,,ukraine,33,female,9,,0,naturalistic,russian55.mp3,notyet.gif,poltava.gif,rus,2018-07-07
2618,2,turkmen,,turkmenabat,,turkmenistan,29,female,9,usa,1,academic,turkmen2.mp3,notyet.gif,turkmenabat.gif,tuk,2018-07-07
2619,616,english,,fort wayne,indiana,usa,23,male,0,usa,23,naturalistic,english616.mp3,notyet.gif,fort_wayne.gif,eng,2018-07-08
2620,56,russian,,moscow,,russia,60,female,25,usa,0.1,naturalistic,russian56.mp3,notyet.gif,moscow.gif,rus,2018-07-10
2621,57,russian,,moscow,,russia,40,male,17,,0,academic,russian57.mp3,notyet.gif,moscow.gif,rus,2018-07-11
2622,58,russian,,moscow,,russia,45,male,12,,0,naturalistic,russian58.mp3,notyet.gif,moscow.gif,rus,2018-07-11
2623,59,russian,,moscow,,russia,63,female,15,,0,academic,russian59.mp3,notyet.gif,moscow.gif,rus,2018-07-11
2624,60,russian,,moscow,,russia,30,male,7,,0,academic,russian60.mp3,notyet.gif,moscow.gif,rus,2018-07-15
2625,61,russian,,belgorod,,russia,24,female,7,,0,academic,russian61.mp3,notyet.gif,belgorod.gif,rus,2018-07-15
2626,62,russian,,moscow,,russia,23,female,7,,0,academic,russian62.mp3,notyet.gif,moscow.gif,rus,2018-07-15
2627,63,russian,,moscow,,russia,45,male,7,,0,academic,russian63.mp3,notyet.gif,moscow.gif,rus,2018-07-15
2628,64,russian,,moscow,,russia,20,female,12,,0,academic,russian64.mp3,notyet.gif,moscow.gif,rus,2018-07-17
2629,65,russian,,kiev,,ukraine,21,male,6,usa,2.2,academic,russian65.mp3,notyet.gif,kiev.gif,rus,2018-07-17
2630,617,english,,kingston,,jamaica,34,female,0,jamaica,34,naturalistic,english617.mp3,notyet.gif,kingston.gif,eng,2018-07-17
2631,66,russian,,kandalaksha,murmanskaya,russia,23,female,19,,0,naturalistic,russian66.mp3,notyet.gif,kandalaksha.gif,rus,2018-07-22
2632,67,russian,,kirov,kirovskaya,russia,31,male,10,malta,0.1,academic,russian67.mp3,notyet.gif,kirov.gif,rus,2018-07-22
2633,68,russian,,moscow,,russia,30,male,9,,0,academic,russian68.mp3,notyet.gif,moscow.gif,rus,2018-07-22
2634,69,russian,,moscow,,russia,22,female,5,uk,0.1,academic,russian69.mp3,notyet.gif,moscow.gif,rus,2018-07-22
2635,70,russian,,moscow,,russia,30,male,10,uk,0.1,academic,russian70.mp3,notyet.gif,moscow.gif,rus,2018-07-22
2636,71,russian,,moscow,,russia,33,male,6,"uk, usa",0.2,academic,russian71.mp3,notyet.gif,moscow.gif,rus,2018-07-22
2637,2,yupik,,nome,alaska,usa,40,male,6,usa,40,academic,yupik2.mp3,notyet.gif,nome.gif,ess,2018-07-23
2638,3,yupik,,nome,alaska,usa,42,female,6,usa,42,naturalistic,yupik3.mp3,notyet.gif,nome.gif,ess,23 july 2018.
2639,72,russian,,moscow,,russia,21,female,7,,0,academic,russian72.mp3,notyet.gif,moscow.gif,rus,25 july 2018.
2640,1,ossetic,,vladikavkaz,,russia,30,female,10,,0,academic,ossetic1.mp3,notyet.gif,vladikavkaz.gif,oss,2018-07-26
2641,73,russian,,moscow,,russia,29,female,7,usa,0.1,academic,russian73.mp3,notyet.gif,moscow.gif,rus,"1 august, 2018."
2642,74,russian,,st. petersburg,,russia,31,female,9,,0,academic,russian74.mp3,notyet.gif,stpetersburg.gif,rus,3 august 2018.
2643,30,farsi,persian,baghdad,,iraq,18,male,7,,0,academic,farsi30.mp3,notyet.gif,baghdad.gif,pes,2018-08-03
2644,75,russian,,savasleyka,,russia,20,female,10,,0,academic,russian75.mp3,notyet.gif,savasleyka.gif,rus,"4 august, 2018."
2645,5,estonian,,tallinn,,estonia,19,female,9,,0,academic,estonian5.mp3,notyet.gif,tallinn.gif,ekk,2018-08-09
2646,37,italian,,rome,,italy,24,male,6,uk,0.1,academic,italian37.mp3,notyet.gif,rome.gif,ita,9 august 2018.
2647,1,voro,,voru,,estonia,40,female,9,,0,academic,voro1.mp3,notyet.gif,voru.gif,vro,10 august 2018.
2648,6,estonian,,viljandi,,estonia,32,female,9,,0,academic,estonian6.mp3,notyet.gif,viljandi.gif,ekk,10 august 2018.
2649,7,estonian,,tartu,,estonia,27,female,9,,0,academic,estonian7.mp3,notyet.gif,tartu.gif,ekk,10 august 2018.
2650,8,estonian,,parnu,,estonia,37,female,13,"usa, uk",0.4,academic,estonian8.mp3,notyet.gif,parnu.gif,ekk,10 august 2018.
2651,9,estonian,,tartu,,estonia,43,female,9,,0,academic,estonian9.mp3,notyet.gif,tartu.gif,ekk,10 august 2018.
2652,10,estonian,,parnu,,estonia,43,male,9,usa,0.1,academic,estonian10.mp3,notyet.gif,parnu.gif,ekk,10 august 2018.
2653,11,estonian,,tallinn,,estonia,21,female,11,,0,academic,estonian11.mp3,notyet.gif,tallinn.gif,ekk,10 august 2018.
2654,12,estonian,,polva,,estonia,25,female,9,,0,academic,estonian12.mp3,notyet.gif,polva.gif,ekk,10 august 2018.
2655,13,estonian,,tallinn,,estonia,32,female,9,usa,0.1,academic,estonian13.mp3,notyet.gif,tallinn.gif,ekk,10 august 2018.
2656,10,finnish,,tampere,,finland,46,male,9,"usa, australia",0.3,academic,finnish10.mp3,notyet.gif,tampere.gif,fin,10 august 2018.
2657,14,estonian,,tartu,,estonia,25,male,9,,0,academic,estonian14.mp3,notyet.gif,tartu.gif,ekk,10 august 2018.
2658,7,swiss german,,bern,,switzerland,25,female,8,"canada, usa, uk",1.2,academic,swissgerman7.mp3,notyet.gif,bern.gif,gsw,10 august 2018.
2659,76,russian,,krasnoyarsk,,russia,21,female,16,,0,academic,russian76.mp3,notyet.gif,krasnoyarsk.gif,rus,2018-08-13
2660,2,voro,,rapla,,estonia,53,female,12,uk,0.1,academic,voro2.mp3,notyet.gif,rapla.gif,vro,2018-08-13
2661,15,estonian,,tallinn,,estonia,26,female,9,usa,1,naturalistic,estonian15.mp3,notyet.gif,tallinn.gif,ekk,13 august 2018. residence: married to american for 5 years.  only english spoken
2662,3,voro,,tallinn,,estonia,46,female,18,uk,0.1,academic,voro3.mp3,notyet.gif,tallinn.gif,vro,2018-08-13
2664,16,estonian,,viljandi,,estonia,58,female,12,uk,0.1,academic,estonian16.mp3,estonian16.gif,viljandi.gif,ekk,2018-08-13
2665,17,estonian,,kohtla-jarve,,estonia,44,female,20,"uk, usa",0.2,academic,estonian17.mp3,notyet.gif,kohtla-jarve.gif,ekk,2018-08-13
2666,11,finnish,,imatra,,finland,36,female,19,uk,0.1,academic,finnish11.mp3,notyet.gif,imatra.gif,fin,2018-08-14
2667,12,finnish,,espoo,,finland,43,female,13,uk,0.1,academic,finnish12.mp3,notyet.gif,espoo.gif,fin,2018-08-14
2668,13,finnish,,helsinki,,finland,29,female,9,uk,0.1,academic,finnish13.mp3,notyet.gif,helsinki.gif,fin,2018-08-14
2669,14,finnish,,helsinki,,finland,30,female,14,"canada, uk",4,academic,finnish14.mp3,notyet.gif,helsinki.gif,fin,2018-08-14
2670,21,swedish,,joensuu,,finland,61,male,10,"usa, uk",0.4,academic,swedish21.mp3,notyet.gif,joensuu.gif,swe,2018-08-14
2671,22,swedish,,helsinki,,finland,33,male,5,uk,0.1,naturalistic,swedish22.mp3,notyet.gif,helsinki.gif,swe,2018-08-14
2672,15,finnish,,espoo,,finland,51,female,5,"australia, usa, uk",1.2,naturalistic,finnish15.mp3,notyet.gif,espoo.gif,fin,2018-08-14
2673,12,bosnian,,zenica,,bosnia and herzegovina,27,male,5,,0,academic,bosnian12.mp3,notyet.gif,zenica.gif,bos,2018-08-14
2674,618,english,,fullerton,california,usa,58,male,0,usa,36,naturalistic,english618.mp3,notyet.gif,fullerton.gif,eng,14 august 2018.  residence: 21 years in finland.
2675,115,mandarin,chinese,urumqi,xinjiang,china,19,male,5,,0,academic,mandarin115.mp3,notyet.gif,urumqi.gif,cmn,"16 august, 2018."
2676,153,arabic,,kuwait city,,kuwait,20,male,5,"usa, uk",3.1,academic,arabic153.mp3,notyet.gif,kuwaitcity.gif,afb,"27 august, 2018.  residence: 3 years usa."
2677,116,mandarin,chinese,baotou,inner mongolia,china,24,male,9,usa,1,academic,mandarin116.mp3,notyet.gif,baotou.gif,cmn,2 september 2018  LING 507
2678,117,mandarin,chinese,changchun,jilin,china,25,male,9,usa,6,academic,mandarin117.mp3,notyet.gif,changchun.gif,cmn,2 september 2018  LING 507
2679,118,mandarin,chinese,xi'an,shanxi,china,24,female,9,usa,1,academic,mandarin118.mp3,notyet.gif,xi'an.gif,cmn,2 september 2018  LING 507
2680,5,tibetan,,hezuo,gansu,china,20,male,12,usa,1,academic,tibetan5.mp3,notyet.gif,hezuo.gif,bod,2 september 2018  LING 507
2681,6,dari,,kabul,,afghanistan,28,female,12,usa,1,academic,dari6.mp3,dari6.gif,kabul.gif,prs,10 sept. 2018.  LING523DL
2682,31,farsi,persian,tehran,,iran,28,female,27,usa,1,academic,farsi31.mp3,farsi31.gif,tehran.gif,pes,"12 september, 2018.   LING523"
2683,21,thai,,,bangkok,thailand,42,female,31,,0,academic,thai21.mp3,notyet.gif,bangkok.gif,tha,"13 september, 2018.  LING523"
2684,207,spanish,,ica,,peru,39,female,12,usa,0.3,academic,spanish207.mp3,spanish207.gif,ica.gif,spa,"13 september, 2018.  LING523"
2685,91,korean,,seoul,,south korea,43,female,14,usa,7,academic,korean91.mp3,notyet.gif,seoul.gif,kor,14 september 2018.  LING523
2686,10,taiwanese,chinese,taipei,,taiwan,27,male,5,usa,5,academic,taiwanese10.mp3,notyet.gif,taipei.gif,nan,"15 september, 2018.  LING507"
2687,11,taiwanese,chinese,taipei,,taiwan,23,male,4,usa,0.1,academic,taiwanese11.mp3,notyet.gif,taipei.gif,nan,"15 september, 2018.  LING507"
2688,8,sinhala,sinhalese,wattala,,sri lanka,28,female,12,usa,6.5,academic,sinhala8.mp3,notyet.gif,wattala.gif,sin,16 september 2018.  LING523
2689,9,sinhala,sinhalese,wattala,,sri lanka,39,male,5,usa,14.8,academic,sinhala9.mp3,notyet.gif,wattala.gif,sin,16 september 2018.  LING523
2690,12,albanian,,tirana,,albania,51,male,14,usa,27,naturalistic,albanian12.mp3,notyet.gif,tirana.gif,aln,17 september 2018. LING523
2691,20,bulgarian,,kyustendil,,bulgaria,47,female,16,usa,20,naturalistic,bulgarian20.mp3,notyet.gif,kyustendil.gif,bul,18 september 2018.  LING523
2692,208,spanish,,santo domingo,,dominican republic,49,male,13,usa,30,academic,spanish208.mp3,notyet.gif,santodomingo.gif,spa,18 september 2018. LING523
2693,154,arabic,hijazi,baha,,saudi arabia,64,male,12,usa,3.5,academic,arabic154.mp3,notyet.gif,baha.gif,acw,18 september 2018. LING523
2694,1,masbatenyo,,osun,masbate,philippines,53,female,12,usa,20,naturalistic,masbatenyo1.mp3,masbatenyo1.gif,osun.gif,msb,18 september 2018.  LING523
2695,8,khmer,,phnom penh,,cambodia,22,male,5,usa,17,naturalistic,khmer8.mp3,notyet.gif,phnompenh.gif,khm,18 september 2018.  LING523
2696,3,shona,,chinhoyi,,zimbabwe,30,male,6,usa,1,academic,shona3.mp3,notyet.gif,chinhoyi.gif,sna,"18 september, 2018.  LING523"
2697,8,somali,,mogadishu,,somalia,34,female,16,usa,18,academic,somali8.mp3,notyet.gif,mogadishu.gif,som,19 september 2018.  LING523
2698,6,yiddish,,montreal,quebec,canada,64,male,3,"canada, usa",64,naturalistic,yiddish6.mp3,notyet.gif,montreal.gif,ydd,"17 september, 2018.  native language note: raised with yiddish in household, but english was heard outside.  went to yiddish school."
2699,119,mandarin,chinese,changchun,jilin,china,24,female,7,usa,1,academic,mandarin119.mp3,notyet.gif,changchun.gif,cmn,20 september 2018.  LING507
2700,120,mandarin,chinese,chengde,hebei,china,24,male,10,usa,0.1,academic,mandarin120.mp3,notyet.gif,chengde.gif,cmn,20 september 2018.  LING507
2701,27,macedonian,,skopje,,macedonia,61,male,8,,0,naturalistic,macedonian27.mp3,notyet.gif,skopje.gif,mkd,23 september 2018. LING523
2702,4,wu,chinese,nantong,jiangsu,china,28,female,7,usa,1,academic,wu4.mp3,notyet.gif,nantong.gif,wuu,27 september 2018.  LING507
2703,32,hindi,hindi-urdu,new delhi,,india,27,female,9,usa,1,academic,hindi32.mp3,notyet.gif,newdelhi.gif,hin,30 september 2018.  LING507
2704,32,cantonese,chinese,fuzhou,fujian,china,26,female,7,usa,2,academic,cantonese32.mp3,notyet.gif,fuzhou.gif,yue,7 october 2018.  LING507
2705,209,spanish,,lima,,peru,35,female,12,usa,16,naturalistic,spanish209.mp3,notyet.gif,lima.gif,spa,8 october 2018.  LING690
2706,33,cantonese,chinese,hong kong,,china,25,female,7,usa,2,academic,cantonese33.mp3,notyet.gif,hongkong.gif,yue,14 october 2018.  LING507
2707,5,xiang,chinese,xiangtan,hunan,china,25,male,9,usa,1,academic,xiang5.mp3,notyet.gif,xiangtan.gif,hsn,17 october 2018.  LING507
2708,121,mandarin,chinese,huangshan,anhui,china,30,female,13,usa,5,academic,mandarin121.mp3,notyet.gif,huangshan.gif,cmn,18 october 2018.
2709,6,xiang,chinese,changsha,hunan,china,28,female,6,usa,2,academic,xiang6.mp3,notyet.gif,changsha.gif,hsn,19 october 2018.  LING507
2710,34,cantonese,chinese,hong kong,,china,19,male,6,usa,2,academic,cantonese34.mp3,notyet.gif,hongkong.gif,yue,19 october 2018.  LING507
2711,122,mandarin,chinese,xi'an,shanxi,china,26,male,6,usa,1,academic,mandarin122.mp3,notyet.gif,xi'an.gif,cmn,20 october 2018/LING 507
2712,1,min nan,chinese,dongguan,guangdong,china,25,male,6,usa,2,academic,minnan1.mp3,notyet.gif,dongguan.gif,nan,20 october 2018.  LING507
2713,5,wu,chinese,nantong,jiangsu,china,20,male,8,usa,1,academic,wu5.mp3,notyet.gif,nantong.gif,wuu,26 october 2018.  LING507
2714,123,mandarin,chinese,chengdu,sichuan,china,21,male,6,usa,1,academic,mandarin123.mp3,notyet.gif,chengdu.gif,cmn,26 october 2018.  LING507
2715,38,italian,,milan,,italy,26,male,8,usa,1,academic,italian38.mp3,notyet.gif,milan.gif,ita,26 october 2018.  LING507
2716,124,mandarin,chinese,chongqing,,china,33,female,13,usa,3.2,academic,mandarin124.mp3,notyet.gif,chongqing.gif,cmn,"29 october, 2018.  LING306"
2717,77,russian,,novokuznetsk,,russia,36,female,24,usa,5,academic,russian77.mp3,notyet.gif,novokuznetsk.gif,rus,29 october 2018.  LING306
2718,61,portuguese,,piraciciaba,,brazil,29,female,12,usa,6,academic,portuguese61.mp3,notyet.gif,piraciciaba.gif,por,29 october 2018.  LING306
2719,125,mandarin,chinese,changchun,jilin,china,24,female,6,usa,1,academic,mandarin125.mp3,notyet.gif,changchun.gif,cmn,31 october 2018.  LING690
2720,155,arabic,,buraydah,,saudi arabia,28,male,15,"usa, canada",1.5,academic,arabic155.mp3,notyet.gif,buraydah.gif,ars,1 november 2018.  LING690
2721,62,portuguese,,sao paulo,sao paulo,brazil,29,female,7,usa,3,academic,portuguese62.mp3,notyet.gif,saopaulo.gif,por,2 november 2018. LING507
2722,78,russian,,rostov na donu,,russia,38,female,18,usa,20,academic,russian78.mp3,notyet.gif,rostov_na_donu.gif,rus,3 november 2018.  LING523
2723,35,japanese,,tokyo,,japan,21,female,12,usa,0.2,academic,japanese35.mp3,notyet.gif,tokyo.gif,jpn,4 november 2018.  LING306
2724,619,english,,jackson,tennessee,usa,21,male,0,usa,21,naturalistic,english619.mp3,notyet.gif,jackson_tn.gif,eng,6 november 2018.
2725,70,french,,harare,,zimbabwe,19,female,13,usa,1,academic,french70.mp3,notyet.gif,harare.gif,fra,6 november 2018.  LING306
2726,126,mandarin,chinese,yulin,shanxi,china,24,male,8,usa,2,academic,mandarin126.mp3,notyet.gif,yulin.gif,cmn,6 november 2018.   LING507
2727,6,wu,chinese,shaoxing,zhejiang,china,21,male,10,usa,0.3,academic,wu6.mp3,notyet.gif,shaoxing.gif,wuu,6 november 2018. LING306
2728,25,tagalog,,cavite city,,philippines,21,male,6,usa,5.3,naturalistic,tagalog25.mp3,notyet.gif,cavite_city.gif,tgl,7 november 2018.  LING306
2729,210,spanish,,cordoba,,argentina,20,female,8,"puerto rico, usa",18,naturalistic,spanish210.mp3,notyet.gif,cordoba.gif,spa,"8 november 2018.  LING 306.  residence: 12 yrs puerto rico, 6 yrs. usa."
2730,156,arabic,,cairo,,egypt,18,female,6,usa,3.5,academic,arabic156.mp3,notyet.gif,cairo.gif,arz,8 november 2018.  LING306
2731,39,turkish,,ankara,,turkey,27,male,12,usa,3,academic,turkish39.mp3,notyet.gif,ankara.gif,tur,9 november 2018.  LING507
2732,8,lithuanian,,kaunas,,lithuania,40,male,13,usa,18,academic,lithuanian8.mp3,notyet.gif,kaunas.gif,lit,9 november 2018.  LING306
2733,12,ukrainian,,kiev,,ukraine,19,female,6,uk,1.5,academic,ukrainian12.mp3,notyet.gif,kiev.gif,ukr,9 november 2018. LING306
2734,157,arabic,,sanaa,,yemen,38,female,6,usa,2,academic,arabic157.mp3,notyet.gif,sanaa.gif,ayn,9 november 2018. LING306
2735,620,english,,glasgow,scotland,uk,55,male,0,"uk, usa",55,naturalistic,english620.mp3,notyet.gif,glasgow.gif,eng,9 november 2018.  LING306
2736,9,khmer,,phnom penh,,cambodia,20,male,10,usa,10,academic,khmer9.mp3,notyet.gif,phnompenh.gif,khm,10 november 2018.  LING306
2737,92,korean,,seoul,,south korea,19,female,6,"mariana island, usa",12,naturalistic,korean92.mp3,notyet.gif,seoul.gif,kor,"10 november, 2018.  LING306"
2738,1,tumbuka,,mzimba,,malawi,54,female,7,usa,4,academic,tumbuka1.mp3,notyet.gif,mzimba.gif,tum,10 november 2018.  LING306
2739,79,russian,,krasnodar,,russia,49,female,24,usa,21,academic,russian79.mp3,notyet.gif,krasnodar.gif,rus,10 november 2018.  LING306
2740,71,french,,kinshasa,,democratic republic of congo,18,female,9,usa,8,academic,french71.mp3,notyet.gif,kinshasa.gif,fra,10 november 2018.  LING306
2741,158,arabic,,jakarta,,indonesia,22,male,8,usa,5,academic,arabic158.mp3,notyet.gif,jakarta.gif,acw,10 november 2018.  LING306
2742,159,arabic,,medina,,saudi arabia,19,male,14,usa,1,naturalistic,arabic159.mp3,notyet.gif,medina.gif,acw,11 november 2018.  LING306
2743,160,arabic,,amman,,jordan,26,female,3,usa,5,academic,arabic160.mp3,notyet.gif,amman.gif,ajp,11 november 2018.  LING306
2744,24,amharic,,addis ababa,,ethiopia,19,male,11,usa,8,naturalistic,amharic24.mp3,notyet.gif,addisababa.gif,amh,11 november 2018.  LING306
2745,16,greek,,paros,,greece,61,male,7,usa,18,academic,greek16.mp3,notyet.gif,paros.gif,ell,11 november 2018.  LING306
2746,17,greek,,mantoudi,,greece,55,female,9,usa,2,academic,greek17.mp3,notyet.gif,mantoudi.gif,ell,11 november 2018.  LING306
2747,4,igbo,,onitsha,,nigeria,22,male,6,usa,17,naturalistic,igbo4.mp3,notyet.gif,onitsha.gif,ibo,12 november 2018.  LING306
2748,127,mandarin,chinese,shenyang,liaoning,china,25,male,15,usa,3.3,academic,mandarin127.mp3,notyet.gif,shenyang.gif,cmn,12 november 2018.  LING306
2749,161,arabic,,minya,,egypt,38,female,12,usa,10,academic,arabic161.mp3,notyet.gif,minya.gif,arz,12 november 2018.  LING306
2750,162,arabic,,buraydah,,saudi arabia,50,male,12,usa,8,academic,arabic162.mp3,notyet.gif,buraydah.gif,ars,12 november 2018.  LING520
2751,13,indonesian,,jakarta,,indonesia,48,female,10,"singapore, usa",12,academic,indonesian13.mp3,notyet.gif,jakarta.gif,ind,13 november 2018.  LING306
2752,163,arabic,darija,bouznika,,morocco,27,female,14,usa,3,academic,arabic163.mp3,notyet.gif,bouznika.gif,ary,13 november 2018.  LING306
2753,39,german,,clausthal-zellerfeld,,germany,18,male,5,usa,2,academic,german39.mp3,notyet.gif,clausthal-zellerfeld.gif,deu,13 november 2018.  LING306
2754,72,french,,douala,,cameroon,26,female,25,usa,0.4,academic,french72.mp3,notyet.gif,douala.gif,fra,13 november 2018.  LING306
2755,12,hungarian,,szeged,,hungary,22,female,10,,0,academic,hungarian12.mp3,notyet.gif,szeged.gif,hun,14 november 2018.  LING306
2756,32,farsi,persian,mashhad,,iran,27,male,14,usa,3,academic,farsi32.mp3,notyet.gif,mashhad.gif,pes,14 november 2018.   LING507
2757,13,hungarian,,miskolc,,hungary,27,female,10,,0,academic,hungarian13.mp3,notyet.gif,miskolc.gif,hun,14 november 2018.  LING306
2758,73,french,,beaumont-le-roger,,france,60,male,12,usa,39,academic,french73.mp3,notyet.gif,beaumont-le-roger.gif,fra,14 november 2018.  LING306
2759,13,albanian,,durres,,albania,18,female,8,usa,4,academic,albanian13.mp3,notyet.gif,durres.gif,aln,15 november 2018.   LING306
2760,211,spanish,,la paz,,bolivia,19,female,16,usa,3,academic,spanish211.mp3,notyet.gif,lapaz.gif,spa,15 november 2018.   LING306
2761,212,spanish,,la union,,el salvador,21,female,10,usa,11,academic,spanish212.mp3,notyet.gif,la_union.gif,spa,15 november 2018.  LING306
2762,33,farsi,persian,gonbad-qabus,,iran,21,female,14,usa,9,academic,farsi33.mp3,notyet.gif,gonbad-qabus.gif,pes,16 november 2018.  LING306
2763,10,marathi,,chiplun,maharashtra,india,26,female,7,usa,1,academic,marathi10.mp3,notyet.gif,chiplun.gif,mar,16 november 2018.  LING306
2764,33,hindi,,hyderabad,,india,44,female,6,"uk, canada, usa",30,naturalistic,hindi33.mp3,notyet.gif,hyderabad.gif,hin,"16 november, 2018.  LING306"
2765,164,arabic,,sale,,morocco,30,female,15,usa,2,academic,arabic164.mp3,notyet.gif,sale.gif,ary,16 november 2018.  LING306
2766,7,dari,persian,kabul,,afghanistan,72,male,12,usa,36,academic,dari7.mp3,notyet.gif,kabul.gif,prs,16 november 2018.  LING306
2767,8,dari,persian,kabul,,afghanistan,70,female,10,usa,36,academic,dari8.mp3,notyet.gif,kabul.gif,prs,16 november 2018.  LING306
2768,10,hebrew,,tel aviv,,israel,52,female,10,"uk, usa",22,academic,hebrew10.mp3,notyet.gif,tel-aviv.gif,heb,"16 november 2018.  LING306.
residence: 1 year UK, 21 years USA"
2769,213,spanish,,loja,,ecuador,22,male,13,usa,9,naturalistic,spanish213.mp3,notyet.gif,loja.gif,spa,18 november 2018.  LING306
2770,214,spanish,,neiva,,colombia,45,female,26,usa,20,naturalistic,spanish214.mp3,notyet.gif,neiva.gif,spa,18 november 2018.  LING306
2771,165,arabic,,beirut,,lebanon,62,female,12,usa,20,academic,arabic165.mp3,notyet.gif,beirut.gif,apc,18 november 2018.  LING306
2772,128,mandarin,chinese,cixi,zhejiang,china,21,female,7,usa,2.5,academic,mandarin128.mp3,notyet.gif,cixi.gif,cmn,18 november 2018.
2773,129,mandarin,chinese,luoyang,henan,china,22,female,12,usa,0.3,academic,mandarin129.mp3,notyet.gif,luoyang.gif,cmn,18 november 2018.  LING520
2774,23,swedish,,lulea,,sweden,24,female,7,,0,academic,swedish23.mp3,notyet.gif,lulea.gif,swe,19 november 2018.
2775,1,charapa-spanish,castellano,lima,,peru,35,male,15,usa,18.8,academic,charapa-spanish1.mp3,notyet.gif,lima.gif,spg,19 november 2018.  LING306
2776,51,dutch,,deventer,,netherlands,49,male,13,usa,10,academic,dutch51.mp3,notyet.gif,deventer.gif,nld,19 november 2018.  LING520
2777,93,korean,,seoul,,south korea,23,female,7,usa,0.8,academic,korean93.mp3,notyet.gif,seoul.gif,kor,19 november 2018.
2778,24,romanian,,bucharest,,romania,50,female,7,usa,10,naturalistic,romanian24.mp3,notyet.gif,bucharest.gif,ron,19 november 2018.  LING306
2779,40,german,,leipzig,,germany,25,female,8,"uk, ireland",0.4,academic,german40.mp3,notyet.gif,leipzig.gif,deu,21 november 2018.
2780,166,arabic,,buraydah,,saudi arabia,18,male,17,usa,1,academic,arabic166.mp3,notyet.gif,buraydah.gif,ars,1 december 2018.  LING523
2781,94,korean,,gwangju,,south korea,21,female,8,,0,academic,korean94.mp3,notyet.gif,kwangju.gif,kor,2018-12-13
2782,74,french,,montreal,quebec,canada,63,female,12,canada,63,academic,french74.mp3,notyet.gif,montreal.gif,fra,2018-12-15
2783,75,french,,montreal,quebec,canada,53,male,5,canada,53,academic,french75.mp3,notyet.gif,montreal.gif,fra,2018-12-20
2784,76,french,,shawinigan,quebec,canada,64,male,15,canada,64,naturalistic,french76.mp3,notyet.gif,shawinigan.gif,fra,2019-01-15
2785,77,french,,montreal,quebec,canada,29,male,16,canada,29,academic,french77.mp3,notyet.gif,montreal.gif,fra,"15 january, 2019"
2786,78,french,,trois-rivieres,quebec,canada,38,male,6,canada,38,academic,french78.mp3,notyet.gif,trois-rivieres.gif,fra,21 january 2019.
2787,79,french,,coaticook,quebec,canada,42,female,11,canada,42,academic,french79.mp3,notyet.gif,coaticook.gif,fra,2019-01-29
2788,167,arabic,najdi,alkharj,,saudi arabia,24,male,19,usa,0.5,academic,arabic167.mp3,notyet.gif,alkharj.gif,ars,2019-01-31
2789,10,mongolian,khalkha mongol,ulaanbaatar,,mongolia,28,female,20,usa,5,academic,mongolian10.mp3,notyet.gif,ulaanbaatar.gif,khk,3 february 2019.  LING507
2790,95,korean,,seoul,,south korea,36,female,13,usa,12,academic,korean95.mp3,notyet.gif,seoul.gif,kor,"9 february, 2019  LING507"
2791,215,spanish,,cochabamba,,bolivia,24,female,13,usa,10,academic,spanish215.mp3,notyet.gif,cochabamba.gif,spa,10 february 2019.  LING507
2792,20,bengali,bangla,chittagong,,bangladesh,23,male,5,usa,3.5,academic,bengali20.mp3,notyet.gif,chittagong.gif,ben,12 february 2019.
2793,621,english,,pittsburgh,pennsylvania,usa,19,female,0,usa,19,naturalistic,english621.mp3,notyet.gif,pittsburgh.gif,eng,"16 february, 2019."
2794,168,arabic,hijazi,jiddah,,saudi arabia,42,female,21,usa,11,academic,arabic168.mp3,notyet.gif,jiddah.gif,acw,16 february 2019.  LING507
2795,28,vietnamese,,can tho,,vietnam,19,female,8,usa,5,academic,vietnamese28.mp3,notyet.gif,cantho.gif,vie,16 february 2019.  LING507
2796,29,vietnamese,,can tho,,vietnam,23,male,9,usa,2,academic,vietnamese29.mp3,notyet.gif,cantho.gif,vie,16 february 2019.  LING507
2797,36,japanese,,tokyo,,japan,21,male,12,usa,3.5,naturalistic,japanese36.mp3,notyet.gif,tokyo.gif,jpn,2019-02-17
2798,130,mandarin,chinese,weifang,shandong,china,22,female,7,usa,6,academic,mandarin130.mp3,notyet.gif,weifang.gif,cmn,2019-02-17
2799,622,english,,st. paul,minnesota,usa,21,female,0,usa,21,naturalistic,english622.mp3,notyet.gif,stpaul.gif,eng,18 february 2019.
2800,14,albanian,,tirana,,albania,23,female,9,usa,4,academic,albanian14.mp3,notyet.gif,tirana.gif,aln,18 february 2019.
2801,216,spanish,,caracas,,venezuela,43,female,42,usa,5,academic,spanish216.mp3,notyet.gif,caracas.gif,spa,18 february 2019.  LING507
2802,15,nepali,,kathmandu,,nepal,22,female,3,usa,3,naturalistic,nepali15.mp3,notyet.gif,kathmandu.gif,npi,2019-02-19
2803,623,english,,fort wayne,indiana,usa,19,male,0,usa,19,naturalistic,english623.mp3,notyet.gif,fort_wayne.gif,eng,2019-02-19
2804,624,english,,washington,district of columbia,usa,18,male,0,usa,18,naturalistic,english624.mp3,notyet.gif,washington.gif,eng,19 february 2019.
2805,625,english,,minneapolis,minnesota,usa,20,male,0,usa,20,naturalistic,english625.mp3,notyet.gif,minneapolis.gif,eng,19 february 2019.
2806,626,english,,hammond,indiana,usa,21,female,0,usa,21,naturalistic,english626.mp3,notyet.gif,hammond_in.gif,eng,19 february 2019.
2807,37,japanese,,kobe,,japan,22,female,4,usa,4,academic,japanese37.mp3,notyet.gif,kobe.gif,jpn,19 february 2019.
2808,9,dari,,ghazni,,afghanistan,22,female,14,usa,4,academic,dari9.mp3,notyet.gif,ghazni.gif,prs,19 february 2019.
2809,169,arabic,,tripoli,,libya,21,female,11,usa,2,naturalistic,arabic169.mp3,notyet.gif,tripoli.gif,ayl,24 february 2019.  LING507
2810,16,nepali,,kathmandu,,nepal,35,female,9,usa,8,academic,nepali16.mp3,notyet.gif,kathmandu.gif,npi,24 february 2019.  LING507
2811,170,arabic,hijazi,vienna,virginia,usa,19,female,6,usa,9,naturalistic,arabic170.mp3,notyet.gif,fairfax.gif,acw,23 february 2019.  residence:  subject lived in USA until age 7.  moved back to saudi arabia until she returned at age 17.  LING507
2812,2,malagasy,,antananarivo,,madagascar,21,male,12,usa,2,academic,malagasy2.mp3,notyet.gif,antananarivo.gif,plt,2 march 2019  LING507
2813,63,portuguese,,rio de janeiro,,brazil,19,male,8,usa,1,academic,portuguese63.mp3,notyet.gif,riodejaneiro.gif,por,2 march 2019.  LING507
2814,80,french,,abidjan,,ivory coast,19,female,7,usa,1.5,academic,french80.mp3,notyet.gif,abidjan.gif,fra,2 march 2019. LING507
2815,26,urdu,,lahore,,pakistan,25,female,10,usa,3,academic,urdu26.mp3,notyet.gif,lahore.gif,urd,2 march 2019.  LING507
2816,27,urdu,,new york,new york,usa,22,female,10,usa,4,academic,urdu27.mp3,notyet.gif,newyork.gif,urd,2 march 2019.  LING507.  residence: moved to pakistan at age 2.5
2817,4,ganda,luganda,kampala,,uganda,57,female,8,usa,20,academic,ganda4.mp3,notyet.gif,kampala.gif,lug,2019-03-03
2818,10,dari,farsi,kabul,,afghanistan,25,male,18,usa,4.5,academic,dari10.mp3,notyet.gif,kabul.gif,prs,11 march 2019.  LING507
2819,52,dutch,,amsterdam,,netherlands,20,female,10,usa,1.5,academic,dutch52.mp3,notyet.gif,amsterdam.gif,nld,11 march 2019.  LING507
2820,40,turkish,,izmir,,turkey,40,female,13,"uk, usa",7,academic,turkish40.mp3,notyet.gif,izmir.gif,tur,"28 march 2019.  LING306.  residence: 4 years uk, 3 years usa"
2821,25,amharic,,addis ababa,,ethiopia,24,female,21,usa,3,academic,amharic25.mp3,notyet.gif,addisababa.gif,amh,31 march 2019.  LING507
2822,26,amharic,,addis ababa,,ethiopia,30,female,23,usa,7,naturalistic,amharic26.mp3,notyet.gif,addisababa.gif,amh,31 march 2019.  LING507
2823,34,farsi,persian,tehran,,iran,53,female,43,usa,10,academic,farsi34.mp3,notyet.gif,tehran.gif,pes,31 march 2019.  LING507
2824,17,gujarati,,bombay,,india,50,female,16,usa,30,academic,gujarati17.mp3,notyet.gif,bombay.gif,guj,31 march 2019.  LING507
2825,10,sinhala,sinhalese,colombo,,sri lanka,20,male,12,usa,5,academic,sinhala10.mp3,notyet.gif,colombo.gif,sin,31 march 2019.  LING507
2826,38,japanese,,osaka,,japan,50,female,17,usa,24,naturalistic,japanese38.mp3,notyet.gif,osaka.gif,jpn,31 march 2019.  LING306
2827,217,spanish,,bogota,,colombia,19,female,7,usa,4.5,academic,spanish217.mp3,notyet.gif,bogota.gif,spa,31 march 2019.  LING306
2828,30,vietnamese,,rach gia,kien giang,vietnam,60,female,29,usa,32,academic,vietnamese30.mp3,notyet.gif,rach_gia.gif,vie,31 march 2019.  LING306
2829,218,spanish,,danli,,honduras,19,female,8,usa,5.3,academic,spanish218.mp3,notyet.gif,danli.gif,spa,"1 april, 2019.  LING306"
2830,27,amharic,,addis ababa,,ethiopia,18,female,5,usa,11,naturalistic,amharic27.mp3,notyet.gif,addisababa.gif,amh,1 april 2019.  LING306
2831,64,portuguese,,luanda,,angola,19,female,10,usa,4,naturalistic,portuguese64.mp3,notyet.gif,luanda.gif,por,1 april 2019.  LING306
2832,171,arabic,hijazi,medina,,saudi arabia,22,male,18,usa,5,academic,arabic171.mp3,notyet.gif,medina.gif,acw,2 april 2019. LING306
2833,41,german,,wurzburg,,germany,22,male,5,usa,17,academic,german41.mp3,notyet.gif,wurzburg.gif,deu,2 april 2019.  LING306
2834,6,uyghur,,hotan,xinjiang,china,21,male,16,usa,5.4,academic,uyghur6.mp3,notyet.gif,hotan.gif,uig,2 april 2019.  LING306
2835,219,spanish,,santa ana,,el salvador,44,female,25,usa,26,naturalistic,spanish219.mp3,notyet.gif,santa_ana.gif,spa,3 april 2019.  LING306
2836,131,mandarin,chinese,shenzhen,guangdong,china,20,male,6,usa,0.8,academic,mandarin131.mp3,notyet.gif,shenzhen.gif,cmn,4 april 2019.  LING306
2837,132,mandarin,chinese,dangyang,hubei,china,21,female,2,usa,5,academic,mandarin132.mp3,notyet.gif,dangyang.gif,cmn,4 april 2019.  LING306
2838,96,korean,,seoul,,south korea,21,female,10,usa,0.7,academic,korean96.mp3,notyet.gif,seoul.gif,kor,4 april 2019.  LING306
2839,17,nepali,,kathmandu,,nepal,21,female,8,usa,15,naturalistic,nepali17.mp3,notyet.gif,kathmandu.gif,npi,4 april 2019.  LING306
2840,11,hebrew,,jerusalem,,israel,26,female,9,usa,0.9,academic,hebrew11.mp3,notyet.gif,jerusalem.gif,heb,5 april 2019.  LING306
2841,2,cebuano,bisayan,gingoog city,,philippines,24,female,6,usa,0.6,academic,cebuano2.mp3,notyet.gif,gingoog_city.gif,ceb,5 april 2019.  LING306
2842,172,arabic,hijazi,montgomery,alabama,usa,39,male,13,usa,6,academic,arabic172.mp3,notyet.gif,montgomery_al.gif,acw,4 april 2019.  LING306.  residence: lived in alabama until age 2.  lived in saudi arabia from 2-33.
2843,39,japanese,,osaka,,japan,22,male,7,usa,11,academic,japanese39.mp3,notyet.gif,osaka.gif,jpn,5 april 2019.  LING306
2844,220,spanish,,guadalajara,jalisco,mexico,63,male,31,usa,32,naturalistic,spanish220.mp3,notyet.gif,guadalajara.gif,spa,7 april 2019.  LING306
2845,42,german,,munich,,germany,72,female,10,usa,11,academic,german42.mp3,notyet.gif,munich.gif,deu,11 april 2019.  LING306
2846,65,portuguese,,almada,,portugal,26,female,5,,0,naturalistic,portuguese65.mp3,notyet.gif,almada.gif,por,"14 april, 2019."
2847,627,english,,sydney,,australia,18,female,0,australia,18,naturalistic,english627.mp3,notyet.gif,sydney.gif,eng,2019-04-18
2848,14,telugu,,tenali,,india,19,female,17,usa,2,academic,telugu14.mp3,notyet.gif,tenali.gif,tel,21 april 2019.  LING507
2849,41,turkish,,sanliurfa,,turkey,25,male,24,usa,1,academic,turkish41.mp3,notyet.gif,sanliurfa.gif,tur,21 april 2019.  LING507
2850,40,japanese,,ohara machi,chiba prefecture,japan,84,female,15,usa,58,academic,japanese40.mp3,notyet.gif,ohara_machi.gif,jpn,21 april 2019.  LING520
2851,31,vietnamese,,long an,,vietnam,35,female,25,usa,10,academic,vietnamese31.mp3,notyet.gif,long_an.gif,vie,29 april 2019.  LING507
2852,39,italian,,cuggiono,,italy,47,female,11,,0,academic,italian39.mp3,notyet.gif,cuggiono.gif,ita,2019-07-09
2853,32,vietnamese,,hue,,vietnam,53,female,21,usa,21,naturalistic,vietnamese32.mp3,notyet.gif,hue.gif,vie,4 sept. 2019. LING523
2854,35,cantonese,chinese,foshan,guangdong,china,21,male,9,usa,4,academic,cantonese35.mp3,notyet.gif,foshan.gif,yue,4 sept. 2019.  LING523
2855,628,english,,pittsburgh,pennsylvania,usa,55,male,0,usa,55,naturalistic,english628.mp3,notyet.gif,pittsburgh.gif,eng,4 sept. 2019.  LING523
2856,6,yoruba,,akure,,nigeria,29,male,3,usa,1,academic,yoruba6.mp3,notyet.gif,akure.gif,yor,5 sept. 2019.  LING523
2857,33,vietnamese,,ho chi minh city,,vietnam,25,male,10,usa,2,academic,vietnamese33.mp3,notyet.gif,hochiminhcity.gif,vie,5 sept. 2019.  LING523
2858,173,arabic,,tyre,,lebanon,43,female,19,usa,23,naturalistic,arabic173.mp3,notyet.gif,tyre.gif,apc,12 september 2019.  LING523DL
2859,26,tagalog,,cotabalo,,philippines,53,male,7,usa,27,academic,tagalog26.mp3,notyet.gif,cotabalo.gif,tgl,12 september 2019. LING 523DL
2860,35,farsi,persian,ahvaz,,iran,52,female,12,usa,20,academic,farsi35.mp3,notyet.gif,ahvaz.gif,pes,12 september 2019.  LING523dl
2861,221,spanish,,bogota,,colombia,32,female,6,usa,24.5,academic,spanish221.mp3,notyet.gif,bogota.gif,spa,13 september 2019.  LING523DL
2862,13,ukrainian,,lviv,,ukraine,33,female,7,usa,27,naturalistic,ukrainian13.mp3,notyet.gif,lvivskaoblast.gif,ukr,13 september 2019. LING523DL
2863,27,tagalog,,pasig,,philippiness,28,female,3,usa,25,naturalistic,tagalog27.mp3,notyet.gif,pasig.gif,tgl,15 september 2019.  LING523DL
2864,174,arabic,,riyadh,,saudi arabia,23,female,8,usa,0.9,academic,arabic174.mp3,notyet.gif,riyadh.gif,ars,16 september 2019.  LING523
2865,222,spanish,,villalba,,puerto rico,45,female,2,usa,43,naturalistic,spanish222.mp3,notyet.gif,villalba.gif,spa,16 september 2019.  LING523DL
2866,41,japanese,,tokyo,,japan,63,male,15,,0,academic,japanese41.mp3,notyet.gif,tokyo.gif,jpn,17 september2019.  LING523
2867,223,spanish,,santa rosa,texas,usa,66,female,5,usa,66,academic,spanish223.mp3,notyet.gif,santa_rosa_tx.gif,spa,"17 september 2019.  LING523DL
residence:  parents were migrant workers, only heard spanish until age 5."
2868,175,arabic,hijazi,jiddah,,saudi arabia,30,male,20,usa,8,academic,arabic175.mp3,notyet.gif,jiddah.gif,acw,17 september 2019.  LING523
2869,11,marathi,,bombay,maharashtra,india,31,male,9,usa,10,academic,marathi11.mp3,notyet.gif,bombay.gif,mar,17 september 2019.  LING523
2870,80,russian,,mykolayiv,,ukraine,25,female,5,usa,4,academic,russian80.mp3,notyet.gif,mykolayiv.gif,rus,17 september 2019.  LING523
2871,36,farsi,persian,khorramshahr,khuzestan,iran,53,female,13,usa,21,academic,farsi36.mp3,notyet.gif,khorramshahr.gif,pes,17 september 2019.  LING523
2872,34,vietnamese,,ho chi minh city,,vietnam,22,male,6,usa,4,academic,vietnamese34.mp3,notyet.gif,hochiminhcity.gif,vie,18 september 2019.  LING523
2873,176,arabic,hijazi,jiddah,,saudi arabia,19,male,6,usa,0.1,naturalistic,arabic176.mp3,notyet.gif,jiddah.gif,acw,19 september 2019.  LING523
2874,37,farsi,persian,tehran,,iran,53,male,13,usa,3.5,academic,farsi37.mp3,notyet.gif,tehran.gif,pes,23 september 2019.  LING523
2875,35,vietnamese,,can tho,,vietnamese,43,female,18,usa,25,naturalistic,vietnamese35.mp3,notyet.gif,cantho.gif,vie,24 september 2019.  LING523
2876,133,mandarin,chinese,beijing,,china,26,female,10,usa,3,academic,mandarin133.mp3,notyet.gif,beijing.gif,cmn,27 september 2019.  LING999
2877,134,mandarin,chinese,luoyang,henan,china,27,male,9,usa,10,academic,mandarin134.mp3,notyet.gif,luoyang.gif,cmn,27 september 2019.  LING999
2878,135,mandarin,chinese,langfang,hebei,china,25,male,9,usa,7,academic,mandarin135.mp3,notyet.gif,langfang.gif,cmn,27 september 2019.  LING999
2879,136,mandarin,chinese,shenyang,liaoning,china,20,female,10,usa,2,academic,mandarin136.mp3,notyet.gif,shenyang.gif,cmn,27 september 2019.  LING999
2880,137,mandarin,chinese,xi'an,shanxi,china,20,female,10,usa,1,academic,mandarin137.mp3,notyet.gif,xi'an.gif,cmn,27 september 2019.  LING999
2881,138,mandarin,chinese,chongqing,,china,21,female,7,usa,0.1,academic,mandarin138.mp3,notyet.gif,chongqing.gif,cmn,27 september 2019.  LING999
2882,139,mandarin,chinese,kunming,yunnan,china,23,male,14,usa,3,academic,mandarin139.mp3,notyet.gif,kunming.gif,cmn,27 september 2019.  LING999
2883,140,mandarin,chinese,xuzhou,jiangsu,china,22,male,7,usa,0.2,academic,mandarin140.mp3,notyet.gif,xuzhou.gif,cmn,27 september 2019.  LING999
2884,141,mandarin,chinese,beijing,,china,21,female,6,usa,1,academic,mandarin141.mp3,notyet.gif,beijing.gif,cmn,27 september 2019.  LING999
2885,142,mandarin,chinese,chengdu,sichuan,china,23,female,6,usa,1,academic,mandarin142.mp3,notyet.gif,chengdu.gif,cmn,27 september 2019.  LING999
2886,143,mandarin,chinese,fuyang,anhui,china,25,female,10,usa,0.2,academic,mandarin143.mp3,notyet.gif,fuyang.gif,cmn,27 september 2019.  LING999
2887,144,mandarin,chinese,wuhu,anhui,china,20,male,10,usa,0.1,academic,mandarin144.mp3,notyet.gif,wuhu.gif,cmn,27 september 2019.  LING999
2888,145,mandarin,chinese,qingdao,shandong,china,21,female,4,usa,1,academic,mandarin145.mp3,notyet.gif,qingdao.gif,cmn,27 september 2019.  LING999
2889,177,arabic,najdi,riyadh,,saudi arabia,26,male,12,usa,0.5,academic,arabic177.mp3,notyet.gif,riyadh.gif,ars,5 october 2019.  sahar LING999
2890,146,mandarin,chinese,xi'an,shanxi,china,24,female,6,usa,2,academic,mandarin146.mp3,notyet.gif,xi'an.gif,cmn,5 october 2019.  sahar LING999
2891,147,mandarin,chinese,nanyang,henan,china,19,female,9,usa,0.1,academic,mandarin147.mp3,notyet.gif,nanyang.gif,cmn,5 october 2019.  sahar LING999
2892,148,mandarin,chinese,nanyang,henan,china,19,female,6,usa,0.1,academic,mandarin148.mp3,notyet.gif,nanyang.gif,cmn,5 october 2019.  sahar LING999
2893,149,mandarin,chinese,fuzhou,fujian,china,19,female,6,usa,0.1,academic,mandarin149.mp3,notyet.gif,fuzhou.gif,cmn,5 october 2019.  sahar LING999
2894,629,english,,south riding,virginia,usa,20,female,0,usa,20,naturalistic,english629.mp3,notyet.gif,southriding.gif,eng,5 october 2019.  sahar LING999
2895,630,english,,woodbridge,virginia,usa,21,female,0,usa,21,naturalistic,english630.mp3,notyet.gif,woodbridge.gif,eng,5 october 2019.  sahar LING999
2896,631,english,,harrisonburg,virginia,usa,18,female,0,usa,18,naturalistic,english631.mp3,notyet.gif,harrisonburg_va.gif,eng,5 october 2019.  sahar LING999
2897,632,english,,falls church,virginia,usa,23,female,0,usa,23,naturalistic,english632.mp3,notyet.gif,fallschurch.gif,eng,5 october 2019.  sahar LING999
2898,633,english,,washington,district of columbia,usa,20,female,0,usa,20,naturalistic,english633.mp3,notyet.gif,washington.gif,eng,5 october 2019.  sahar LING999
2899,178,arabic,hijazi,jiddah,,saudi arabia,57,male,18,usa,1,academic,arabic178.mp3,notyet.gif,jiddah.gif,acw,17 november 2019.  sahar LING999
2900,179,arabic,najdi,riyadh,,saudi arabia,26,male,13,usa,8,academic,arabic179.mp3,notyet.gif,riyadh.gif,ars,17 november 2019.  sahar LING999
2901,180,arabic,najdi,riyadh,,saudi arabia,18,male,12,usa,1,academic,arabic180.mp3,notyet.gif,riyadh.gif,ars,17 november 2019.  sahar LING999
2902,181,arabic,najdi,riyadh,,saudi arabia,19,male,12,usa,0.2,academic,arabic181.mp3,notyet.gif,riyadh.gif,ars,17 november 2019.  sahar LING999
2903,182,arabic,najdi,riyadh,,saudi arabia,32,female,12,usa,0.6,academic,arabic182.mp3,notyet.gif,riyadh.gif,ars,17 november 2019.  sahar LING999
2904,183,arabic,najdi,riyadh,,saudi arabia,27,female,17,usa,6,academic,arabic183.mp3,notyet.gif,riyadh.gif,ars,17 november 2019. sahar LING999
2905,184,arabic,najdi,riyadh,,saudi arabia,21,male,12,usa,7,academic,arabic184.mp3,notyet.gif,riyadh.gif,ars,17 november 2019. sahar LING999
2906,185,arabic,najdi,riyadh,,saudi arabia,35,male,12,usa,0.5,academic,arabic185.mp3,notyet.gif,riyadh.gif,ars,17 november 2019. sahar LING999
2907,186,arabic,najdi,riyadh,,saudi arabia,24,female,19,usa,6,academic,arabic186.mp3,notyet.gif,riyadh.gif,ars,17 november 2019. sahar LING999
2908,187,arabic,najdi,riyadh,,saudi arabia,20,female,15,usa,6,academic,arabic187.mp3,notyet.gif,riyadh.gif,ars,17 november 2019. sahar LING999
2909,188,arabic,najdi,riyadh,,saudi arabia,20,male,6,usa,5,academic,arabic188.mp3,notyet.gif,riyadh.gif,ars,17 november 2019. sahar LING999
2910,189,arabic,najdi,riyadh,,saudi arabia,18,female,12,usa,2,academic,arabic189.mp3,notyet.gif,riyadh.gif,ars,17 november 2019. sahar LING999
2911,190,arabic,najdi,riyadh,,saudi arabia,25,female,15,usa,0.2,academic,arabic190.mp3,notyet.gif,riyadh.gif,ars,17 november 2019. sahar LING999
2912,191,arabic,najdi,riyadh,,saudi arabia,21,female,7,usa,5,academic,arabic191.mp3,notyet.gif,riyadh.gif,ars,17 november 2019. sahar LING999
2913,192,arabic,najdi,riyadh,,saudi arabia,19,female,7,usa,4,academic,arabic192.mp3,notyet.gif,riyadh.gif,ars,17 november 2019. sahar LING999
2914,193,arabic,najdi,riyadh,,saudi arabia,29,male,18,usa,7,academic,arabic193.mp3,notyet.gif,riyadh.gif,ars,17 november 2019. sahar LING999
2915,194,arabic,najdi,riyadh,,saudi arabia,20,male,12,usa,0.1,academic,arabic194.mp3,notyet.gif,riyadh.gif,ars,17 november 2019. sahar LING999
2916,634,english,,alexandria,virginia,usa,61,male,0,usa,61,naturalistic,english634.mp3,notyet.gif,alexandria.gif,eng,7 december 2019.  sahar LING999
2917,635,english,,vienna,virginia,usa,19,female,0,usa,19,naturalistic,english635.mp3,notyet.gif,vienna_va.gif,eng,7 december 2019.  sahar LING999
2918,636,english,,washington,dc,usa,20,female,0,usa,20,naturalistic,english636.mp3,notyet.gif,washington.gif,eng,7 december 2019.  sahar LING999
2919,637,english,,knoxville,tennessee,usa,18,female,0,usa,18,naturalistic,english637.mp3,notyet.gif,knoxville.gif,eng,7 december 2019.  sahar LING999
2920,638,english,,new york,new york,usa,27,male,0,usa,27,naturalistic,english638.mp3,notyet.gif,newyork.gif,eng,7 december 2019.  sahar LING999
2921,639,english,,hopkinsville,kentucky,usa,33,male,0,usa,33,naturalistic,english639.mp3,notyet.gif,hopkinsville.gif,eng,7 december 2019.  sahar LING999
2922,640,english,,aurora,colorado,usa,25,female,0,usa,25,naturalistic,english640.mp3,notyet.gif,aurora_co.gif,eng,7 december 2019.  sahar LING999
2923,641,english,,fairfax,virginia,usa,18,female,0,usa,18,naturalistic,english641.mp3,notyet.gif,fairfax.gif,eng,7 december 2019.  sahar LING999
2924,642,english,,woodbridge,virginia,usa,22,female,0,usa,22,naturalistic,english642.mp3,notyet.gif,woodbridge.gif,eng,7 december 2019.  sahar LING999
2925,643,english,,culpeper,virginia,usa,20,female,0,usa,20,naturalistic,english643.mp3,notyet.gif,culpeper.gif,eng,7 december 2019.  sahar LING999
2926,644,english,,watertown,new york,usa,20,female,0,usa,20,naturalistic,english644.mp3,notyet.gif,watertown_ny.gif,eng,7 december 2019.  sahar LING999
2927,224,spanish,,la serena,,chile,65,female,15,usa,42,naturalistic,spanish224.mp3,notyet.gif,la_serena.gif,spa,17 dec 2019.  LING306
2928,18,nepali,,gorkha,,nepal,32,female,5,usa,6,academic,nepali18.mp3,notyet.gif,gorkha.gif,npi,20 december 2019.  LING523
2929,7,yoruba,,ibadan,oyo,nigeria,30,male,5,nigeria,30,naturalistic,yoruba7.mp3,notyet.gif,ibadan.gif,yor,20 december 2019.  LING523
2930,97,korean,,seoul,,south korea,49,female,13,usa,15,academic,korean97.mp3,notyet.gif,seoul.gif,kor,21 feb 2020.  LING520
2931,81,russian,,kiev,,ukraine,23,male,6,usa,4,naturalistic,russian81.mp3,notyet.gif,kiev.gif,rus,"27 february, 2020"
2932,645,english,,hollister,california,usa,21,male,0,usa,21,naturalistic,english645.mp3,notyet.gif,hollister.gif,eng,2020-04-03
2933,225,spanish,,durango,,mexico,18,male,10,usa,0.5,academic,spanish225.mp3,notyet.gif,durango.gif,spa,2020-04-12
2934,226,spanish,,los mochis,sinaloa,mexico,19,male,9,,0,academic,spanish226.mp3,notyet.gif,los_mochis.gif,spa,2020-04-15
2935,227,spanish,,durango,durango,mexico,49,female,13,,0,academic,spanish227.mp3,notyet.gif,durango.gif,spa,2020-04-15
2936,150,mandarin,chinese,taiyuan,shanxi,china,18,female,12,nigeria,4,academic,mandarin150.mp3,notyet.gif,taiyuan.gif,cmn,"15 april 2020.  residence:  born in china, moved to nigeria for 4 years, then back to china, and then to mexico."
2937,34,hindi,,pune,,india,29,male,5,,0,academic,hindi34.mp3,notyet.gif,pune.gif,hin,"25 april, 2020"
2938,228,spanish,,piura,,peru,23,female,15,,0,academic,spanish228.mp3,notyet.gif,piura.gif,spa,2020-05-24
2939,646,english,,hazleton,pennsylvania,usa,26,male,0,usa,26,naturalistic,english646.mp3,notyet.gif,hazleton.gif,eng,"23 june, 2020"
2940,42,japanese,,tokyo,,japan,44,male,8,usa,35,naturalistic,japanese42.mp3,notyet.gif,tokyo.gif,jpn,2020-07-13
2941,66,portuguese,,rio de janeiro,,brazil,24,female,8,,0,academic,portuguese66.mp3,notyet.gif,riodejaneiro.gif,por,"14 august, 2020.  extended contact with british english"
2942,151,mandarin,chinese,wuxi,jiangsu,china,31,female,8,,0,academic,mandarin151.mp3,notyet.gif,wuxi.gif,cmn,2020-09-11
2943,1,gaddang,,manila,,philippines,25,male,4,"usa, south africa",0.2,academic,gaddang1.mp3,notyet.gif,manila.gif,gad,2021-04-06
2944,229,spanish,,tijuana,,mexico,21,male,12,,0,naturalistic,spanish229.mp3,notyet.gif,tijuana.gif,spa,2021-04-10
2945,195,arabic,,tunis,,tunisia,53,female,13,usa,13,academic,arabic195.mp3,arabic195.gif,tunis.gif,aeb,3 june 2021.  LING523
2946,81,french,,paris,,france,28,female,5,usa,5,academic,french81.mp3,notyet.gif,paris.gif,fra,10 june 2021.  LING523
2947,6,catalan,valencian,valencia,,spain,55,female,35,ireland,0.1,academic,catalan6.mp3,catalan6.gif,valencia.gif,cat,12 june 2021.  LING523
2948,22,thai,,surin,,thailand,55,female,15,usa,40,academic,thai22.mp3,notyet.gif,surin.gif,tha,11 june 2021.  LING523
2949,230,spanish,,cali,,colombia,31,female,9,usa,16,academic,spanish230.mp3,notyet.gif,cali.gif,spa,11 june 2021. LING523
2950,196,arabic,,cairo,,egypt,39,male,7,usa,11,academic,arabic196.mp3,notyet.gif,cairo.gif,arz,12 june 2021.  LING523
2951,36,vietnamese,,binh dinh,,vietnam,36,female,17,usa,19,naturalistic,vietnamese36.mp3,notyet.gif,binh_dinh.gif,vie,12 june 2021.  LING523
2952,67,portuguese,,sao paulo,,brazil,31,male,8,usa,5,academic,portuguese67.mp3,notyet.gif,saopaulo.gif,por,13 june 2021.  LING523
2953,43,japanese,,okinawa,,japan,47,female,12,usa,17,academic,japanese43.mp3,notyet.gif,okinawa.gif,jpn,13 june 2021.  LING523
2954,68,portuguese,,rio de janeiro,,brazil,47,female,11,usa,19,academic,portuguese68.mp3,portuguese68.gif,riodejaneiro.gif,por,14 june 2021.  LING523
2955,21,bengali,,sreepur,,bangladesh,53,male,8,usa,1.5,academic,bengali21.mp3,notyet.gif,sreepur.gif,ben,14 june 2021.  LING523
2956,231,spanish,,santa ana,,el salvador,38,male,21,usa,12,naturalistic,spanish231.mp3,notyet.gif,santa_ana.gif,spa,16 june 2021.  LING523
2957,197,arabic,,khartoum,,sudan,66,male,14,usa,36,academic,arabic197.mp3,notyet.gif,khartoum.gif,apd,18 june 2021. LING52.   parents were syrian speakers of arabic.
2958,2,sundanese,,bandung,jawa barat,indonesia,20,male,16,,0,naturalistic,sundanese2.mp3,notyet.gif,bandung.gif,sun,18 june 2021.
2959,8,swiss german,,schupfheim,,switzerland,73,female,15,uk,0.3,academic,swissgerman8.mp3,notyet.gif,schupfheim.gif,gsw,30 june 2021.  LING523
2960,647,english,,toronto,ontario,canada,70,male,0,canada,70,naturalistic,english647.mp3,notyet.gif,toronto.gif,eng,2021-07-12
2961,14,indonesian,,jakarta,,indonesian,29,female,13,,0,academic,indonesian14.mp3,notyet.gif,jakarta.gif,ind,16 july 2021.  LING523
2962,648,english,,queens new york,new york,usa,32,male,0,usa,32,naturalistic,english648.mp3,notyet.gif,queens.gif,eng,2021-07-16
2963,152,mandarin,chinese,taoyuan,,taiwan,26,male,18,,0,academic,mandarin152.mp3,notyet.gif,taoyuan.gif,cmn,23 july 2021.  ILNG523
2964,22,bengali,,satkhira,,bangladesh,49,male,7,usa,14,academic,bengali22.mp3,notyet.gif,satkhira.gif,ben,23 july 2021.  LING523
2965,82,french,,zurich,,switzerland,73,male,15,,0,academic,french82.mp3,notyet.gif,zurich.gif,fra,21 october 2021.  LING690
2966,232,spanish,,trujillo,,peru,39,male,7,usa,5,academic,spanish232.mp3,notyet.gif,trujillo.gif,spa,"18 october,2021.  LING690"
2967,649,english,,houston,texas,usa,18,female,0,usa,18,naturalistic,english649.mp3,notyet.gif,houston.gif,eng,"25 october, 2021."
2968,198,arabic,,damascus,,syria,56,male,15,usa,30,academic,arabic198.mp3,notyet.gif,damascus.gif,apc,8 november 2021.  LING306
2969,28,urdu,,karachi,,pakistan,46,female,22,usa,23,naturalistic,urdu28.mp3,notyet.gif,karachi.gif,urd,8 november 2021.  LING306
2970,153,mandarin,chinese,pingtung,,taiwan,22,male,6,usa,0.2,academic,mandarin153.mp3,notyet.gif,pingtung.gif,cmn,8 november 2021. LING306
2971,37,vietnamese,,ho chi minh city,,vietnam,19,male,11,usa,9,academic,vietnamese37.mp3,notyet.gif,hochiminhcity.gif,vie,9 november 2021/  LING306
2972,8,malayalam,,trivandrum,kerala,india,51,female,3,usa,21,academic,malayalam8.mp3,notyet.gif,trivandrum.gif,mal,10 november 2021. LING306
2973,83,french,,bruges,,france,22,female,12,usa,3.5,academic,french83.mp3,notyet.gif,bruges.gif,fra,10 november 2021. LING306
2974,199,arabic,,kenitra,,morocco,26,female,14,usa,0.3,academic,arabic199.mp3,notyet.gif,kenitra.gif,ary,10 november 2021.  LING306
2975,43,german,,bingerbruk,,germany,71,female,11,usa,53,academic,german43.mp3,notyet.gif,bingerbruk.gif,deu,10 november 2021.  LING306
2976,233,spanish,,buenos aires,,argentina,19,female,5,usa,6,academic,spanish233.mp3,notyet.gif,buenosaires.gif,spa,10 november 2021.  LING306
2977,84,french,,marseille,,france,52,female,12,usa,3,academic,french84.mp3,notyet.gif,marseille.gif,fra,11 november 2021. LING306
2978,6,malay,bahasa melayu,johor bahru,johor,malaysia,38,male,6,,0,academic,malay6.mp3,notyet.gif,johor_bahru.gif,zlm,12 november 2021.  LING690
2979,650,english,,mesa,arizona,usa,75,male,0,usa,75,naturalistic,english650.mp3,notyet.gif,mesa.gif,eng,12 november 2021.
2980,38,vietnamese,,ho chi minh city,,vietnam,31,male,7,usa,24,naturalistic,vietnamese38.mp3,notyet.gif,hochiminhcity.gif,vie,14 november 2021. LING301
2981,200,arabic,,jerusalem,,israel,48,female,12,usa,24,academic,arabic200.mp3,notyet.gif,jerusalem.gif,ajp,15 november 2021.  LING306
2982,53,dutch,,delft,,netherlands,58,female,10,usa,35,academic,dutch53.mp3,notyet.gif,delft.gif,nld,17 november 2021. LING306
2983,44,german,,munich,,germany,22,male,8,usa,2,academic,german44.mp3,notyet.gif,munich.gif,deu,17 november 2021.  LING306
2984,85,french,,bordeaux,,france,22,female,12,usa,3,academic,french85.mp3,notyet.gif,bordeaux.gif,fra,17 november 2021.  LING306
2985,8,yoruba,,ibadan,oyo,nigeria,21,male,2,"nigeria, usa",21,academic,yoruba8.mp3,notyet.gif,ibadan.gif,yor,18 november 2021.  LING306
2986,9,swiss german,,zurich,,switzerland,31,female,6,"usa, south africa",1,academic,swissgerman9.mp3,notyet.gif,zurich.gif,gsw,18 november 2021.  LING306
2987,39,vietnamese,,,an giang,vietnam,18,male,10,usa,8.4,academic,vietnamese39.mp3,notyet.gif,an_giang.gif,vie,21 november 2021.  LING306
2988,234,spanish,,maracaibo,,venezuela,51,male,13,usa,34,academic,spanish234.mp3,notyet.gif,maracaibo.gif,spa,22 oct. 2022.  gmu class
2989,54,dutch,flemish,ghent,,belgium,28,female,14,usa,0.2,academic,dutch54.mp3,notyet.gif,ghent.gif,dut,"2 november, 2022.  LING 306"
2990,154,mandarin,taiwanese,taipei,,taiwan,22,female,4,usa,0.2,academic,mandarin154.mp3,notyet.gif,taipei.gif,cmn,2 november 2022.  LING306
2991,40,vietnamese,,ho chi minh city,,vietnam,26,male,19,usa,7,academic,vietnamese40.mp3,notyet.gif,hochiminhcity.gif,vie,5 november 2022.  LING306
2992,38,farsi,persian,tehran,,iran,48,female,19,usa,22,academic,farsi38.mp3,notyet.gif,tehran.gif,pes,16 november 2022.  LING306
2993,39,farsi,persian,ahvaz,,iran,27,female,9,usa,9,academic,farsi39.mp3,notyet.gif,ahvaz.gif,pes,16 november 2022.  LING306
2994,34,italian,,vicenza,,italy,46,female,11,uk,0.1,academic,italian34.mp3,notyet.gif,vicenza.gif,ita,16 november 2022.  LING306
2995,23,thai,,phitsanulok,,thailand,38,female,7,usa,14,academic,thai23.mp3,notyet.gif,phitsanulok.gif,tha,16 november 2022.  LING306
2996,235,spanish,,san salvador,,el salvador,29,female,14,usa,13,academic,spanish235.mp3,notyet.gif,sansalvador.gif,spa,16 november 2022.  LING306
2997,29,urdu,,rawalpindi,,pakistan,55,female,12,"canada, usa",23,academic,urdu29.mp3,notyet.gif,rawalpindi.gif,urd,16 november 2022.  LING306
2998,69,portuguese,,rio claro,sao paulo,brazil,50,female,42,usa,7,naturalistic,portuguese69.mp3,notyet.gif,rio_claro.gif,por,16 november 2022.  LING306
2999,42,turkish,,kayseri,,turkey,20,male,4,usa,1,academic,turkish42.mp3,notyet.gif,kayseri.gif,tur,16 november 2022.  LING306
3000,44,japanese,,osaka,,japan,40,female,12,usa,5,academic,japanese44.mp3,notyet.gif,osaka.gif,jpn,16 november 2022.  LING306
3001,15,telugu,,vishakhapatnam,andhra pradesh,india,22,female,5,usa,0.3,academic,telugu15.mp3,notyet.gif,vishakhapatnam.gif,tel,16 november 2022.  LING306
3002,6,azerbaijani,,julfa,,azerbaijan,21,male,16,usa,4,academic,azerbaijani6.mp3,notyet.gif,julfa.gif,azj,16 november 2022.  LING306
3003,45,german,,mannheim,,germany,21,female,8,usa,7,academic,german45.mp3,notyet.gif,mannheim.gif,deu,17 november 2022.  LING306
3004,45,japanese,,kyoto,,japan,57,female,13,usa,20,academic,japanese45.mp3,notyet.gif,kyoto.gif,jpn,17 november 2022.  LING306
3005,155,mandarin,chinese,baoding,hebei,china,51,female,9,usa,23,academic,mandarin155.mp3,notyet.gif,baoding.gif,cmn,17 november 2022.  LING306
3006,156,mandarin,chinese,kaohsiung,,taiwan,37,female,12,usa,1,academic,mandarin156.mp3,notyet.gif,kaohsiung.gif,cmn,18 november 2022.  LING306
3007,651,english,,brooklyn,,New York,87,female,0,usa,87,naturalistic,english651.mp3,notyet.gif,brooklyn.gif,eng,30 november 2022.  washington dc
3008,652,english,,new york,new york,usa,21,male,0,usa,21,naturalistic,english652.mp3,notyet.gif,newyork.gif,eng,"19 january, 2023"
3009,653,english,,st. helens,merseyside,uk,37,male,0,uk,37,naturalistic,english653.mp3,notyet.gif,sthelens_uk.gif,eng,2023-02-23
3010,36,cantonese,chinese,shunde,guangdong,china,27,female,6,usa,0.5,academic,cantonese36.mp3,notyet.gif,shunde.gif,yue,2023-03-02
3011,4,konkani,,kannur,,india,51,female,13,usa,30,academic,konkani4.mp3,notyet.gif,kannur.gif,knn,3 march 2023.  LING306
3012,23,bengali,,warrenton,virginia,usa,22,female,5,usa,22,naturalistic,bengali23.mp3,notyet.gif,warrenton.gif,ben,"3 march 2023.  LING306
speaker reports that she only spoke bengali in the house."
3013,236,spanish,,guatemala city,,guatemala,57,female,9,usa,28,academic,spanish236.mp3,notyet.gif,guatemala_city.gif,spa,18 march 2023.  LING 326
3014,237,spanish,,san juan,,puerto rico,55,male,5,usa,27,academic,spanish237.mp3,notyet.gif,sanjuan.gif,spa,18 march 2023.  LING 326
3015,43,turkish,,izmir,,turkey,30,male,28,,0,naturalistic,turkish43.mp3,notyet.gif,izmir.gif,tur,2023-03-19
3016,238,spanish,,chalatenango,,el salvador,25,female,14,usa,12,academic,spanish238.mp3,notyet.gif,chalatenango.gif,spa,26 march 2023.  LING306
3017,24,bengali,,noakhali,,bangladesh,59,male,7,usa,37,academic,bengali24.mp3,notyet.gif,noakhali.gif,ben,26 march 2023.  LING306
3018,40,italian,,ravenna,,italy,19,female,3,"italy, usa",7,academic,italian40.mp3,notyet.gif,ravenna.gif,ita,26 march 2023.  LING306
3019,239,spanish,,cochabamba,,bolivia,50,female,6,usa,25,academic,spanish239.mp3,notyet.gif,cochabamba.gif,spa,2 april 2023.  LING306
3020,201,arabic,,cairo,,egypt,53,female,29,usa,29,academic,arabic201.mp3,notyet.gif,cairo.gif,arz,5 april 2023.  LING306
3021,1,bayangi,kenyang,garoua,,cameroon,34,male,5,"cameroon, usa",34,naturalistic,bayangi1.mp3,notyet.gif,garoua.gif,ken,6 april 2023.  LING306
3022,14,ukrainian,,kiev,,ukraine,18,female,4,usa,0.9,academic,ukrainian14.mp3,notyet.gif,kiev.gif,ukr,7 april 2023.  LING306
3023,240,spanish,,mexico city,,mexico,21,male,6,usa,10.8,academic,spanish240.mp3,notyet.gif,mexicocity.gif,spa,9 april 2023.  LING306
3024,241,spanish,,la union,,el salvador,40,female,15,usa,25,academic,spanish241.mp3,notyet.gif,la_union.gif,spa,9 april 2023.  LING306
3025,44,turkish,,istanbul,,turkey,23,male,8,usa,8,academic,turkish44.mp3,notyet.gif,istanbul.gif,tur,10 april 2023.  LING306
3026,82,russian,,riga,,latvia,47,female,20,usa,23,naturalistic,russian82.mp3,notyet.gif,riga.gif,rus,17 april 2023.  LING306
3027,242,spanish,,new york,new york,usa,21,female,4,usa,1,academic,spanish242.mp3,notyet.gif,newyork.gif,spa,"18 april 2023.  LING306.  although born in NYC, informant grew up in Bolivia before returning to the USA."
3028,98,korean,,seoul,,south korea,23,male,8,usa,1,academic,korean98.mp3,notyet.gif,seoul.gif,kor,19 april 2023.  LING306
3029,157,mandarin,chinese,zibo,shandong,china,58,female,11,usa,33,academic,mandarin157.mp3,notyet.gif,zibo.gif,cmn,19 april 2023.  LING306
3030,11,dari,,kabul,,afghanistan,25,male,12,usa,1.5,academic,dari11.mp3,notyet.gif,kabul.gif,prs,20 april 2023.  LING306
3031,654,english,,austin,minnesota,usa,54,female,0,usa,54,naturalistic,english654.mp3,notyet.gif,austin_mn.gif,eng,2023-04-26
3032,45,turkish,,spaichingen,,germany,26,female,10,,0,academic,turkish45.mp3,notyet.gif,spaichingen.gif,tur,7 july 2023.
3033,655,english,,singapore,,singapore,30,male,1,singapore,30,naturalistic,english655.mp3,notyet.gif,singapore.gif,eng,"24 july, 2023"
3034,656,english,,dallas,texas,usa,40,male,0,usa,40,naturalistic,english656.mp3,notyet.gif,dallas.gif,eng,"residence: dallas,0-18; austin,18-40"
3035,657,english,,alexandria,virginia,usa,55,male,0,usa,47,naturalistic,english657.mp3,notyet.gif,alexandria.gif,eng,"residence:  born in usa, but raised in germany till age 8."
3036,658,english,,lansing,michigan,usa,22,male,0,usa,22,naturalistic,english658.mp3,notyet.gif,lansing.gif,eng,"12 october, 2023"
